latitude,longitude,brightness,scan,track,acq_date,acq_time,satellite,instrument,confidence,version,bright_t31,frp,daynight,type
-2.7978,106.3934,308.9,1.2,1.1,2023-01-10,0629,Aqua,MODIS,54,61.03,284.1,7.1,D,0
-2.8695,106.2399,315.4,1.2,1.1,2023-01-10,0629,Aqua,MODIS,71,61.03,288.2,11.4,D,0
-2.7361,106.5287,308.5,1.2,1.1,2023-01-10,0629,Aqua,MODIS,33,61.03,285.8,6.2,D,0
-2.7127,105.9818,322.1,1.3,1.1,2023-01-10,0629,Aqua,MODIS,72,61.03,276.6,22.7,D,0
-2.8622,106.4522,314.5,1.2,1.1,2023-01-10,0629,Aqua,MODIS,70,61.03,286.1,10.2,D,0
-2.6861,105.9552,312.3,1.3,1.1,2023-01-10,0629,Aqua,MODIS,67,61.03,281.6,10.8,D,0
-2.5387,106.2081,317.9,1.2,1.1,2023-01-10,0629,Aqua,MODIS,71,61.03,284.3,15.6,D,0
-2.5402,106.1973,318.1,1.2,1.1,2023-01-10,0629,Aqua,MODIS,75,61.03,286,15.9,D,0
-3.0634,106.5479,321.3,2,1.4,2023-01-12,0616,Aqua,MODIS,75,61.03,282.5,42.1,D,0
-3.0609,106.5656,326.9,2,1.4,2023-01-12,0616,Aqua,MODIS,73,61.03,284.8,58.3,D,0
-3.0585,106.5602,330,2,1.4,2023-01-12,0616,Aqua,MODIS,83,61.03,285.9,66.4,D,0
-3.1059,105.1184,305.9,1.2,1.1,2023-01-24,0635,Aqua,MODIS,45,61.03,277.1,6.2,D,0
-1.7842,105.8822,310.2,2.4,1.5,2023-02-18,0615,Aqua,MODIS,30,61.03,290.3,18.6,D,0
-2.4304,106.1698,314.4,1.2,1.1,2023-02-19,0313,Terra,MODIS,61,61.03,293.9,10.3,D,0
-1.9361,105.2118,318,1,1,2023-03-07,0648,Aqua,MODIS,49,61.03,297,7.5,D,0
-3.1348,105.41,309.1,1.6,1.2,2023-03-08,0324,Terra,MODIS,42,61.03,293.4,10.1,D,0
-2.7598,105.5722,315.7,1.2,1.1,2023-03-09,0634,Aqua,MODIS,32,61.03,297.8,10.3,D,0
-2.7645,106.4639,313.3,1.1,1,2023-03-10,0307,Terra,MODIS,63,61.03,294.1,6.8,D,0
-2.729,106.4502,332.6,1.1,1,2023-03-16,0635,Aqua,MODIS,86,61.03,289.5,30.5,D,0
-2.4319,106.218,324,1.1,1,2023-03-16,0635,Aqua,MODIS,75,61.03,288.3,20.7,D,0
-2.627,106.6202,319.3,1.7,1.3,2023-03-18,0622,Aqua,MODIS,74,61.03,292.1,21.8,D,0
-2.9111,105.6697,312.4,2,1.4,2023-03-18,0622,Aqua,MODIS,33,61.03,290.8,19.5,D,0
-2.46,106.1788,314.5,1.8,1.3,2023-03-18,0622,Aqua,MODIS,70,61.03,291.2,16.9,D,0
-2.8939,105.613,308.5,2,1.4,2023-03-18,0622,Aqua,MODIS,57,61.03,286.9,14.3,D,0
-2.6374,106.6283,315.8,1.7,1.3,2023-03-18,0622,Aqua,MODIS,25,61.03,293.1,13.4,D,0
-2.5068,106.3372,304.5,2,1.4,2023-03-20,0325,Terra,MODIS,38,61.03,277.4,10.2,D,0
-1.6503,105.3995,315.3,1,1,2023-03-22,0308,Terra,MODIS,63,61.03,296.7,5.6,D,0
-2.7606,105.5541,314.9,1,1,2023-03-22,0309,Terra,MODIS,45,61.03,297,6.9,D,0
-2.7619,105.5632,314.9,1,1,2023-03-22,0309,Terra,MODIS,48,61.03,296.7,7,D,0
-2.9755,105.5116,312.5,1,1,2023-03-22,0309,Terra,MODIS,58,61.03,295.1,6.2,D,0
-2.9768,105.5207,313,1,1,2023-03-22,0309,Terra,MODIS,60,61.03,295.6,6.8,D,0
-1.655,105.5797,353.4,1.1,1,2023-03-23,0637,Aqua,MODIS,97,61.03,294.6,71.3,D,0
-1.6456,105.5784,328.4,1.1,1,2023-03-23,0637,Aqua,MODIS,81,61.03,295.2,20.9,D,0
-1.647,105.5686,330.9,1.1,1,2023-03-23,0637,Aqua,MODIS,83,61.03,295.7,25.2,D,0
-2.3254,105.8625,317.7,1.1,1.1,2023-04-11,0652,Aqua,MODIS,64,61.03,297.8,8.3,D,0
-1.8596,105.6318,317,1.1,1,2023-04-11,0653,Aqua,MODIS,64,61.03,295.2,8.2,D,0
-1.7993,105.419,315.6,1.1,1,2023-04-11,0653,Aqua,MODIS,61,61.03,297.6,7.8,D,0
-1.6971,105.8802,313.8,1.1,1.1,2023-04-11,0653,Aqua,MODIS,59,61.03,295.5,5.3,D,0
-2.6557,106.1311,316.8,1,1,2023-04-13,0639,Aqua,MODIS,52,61.03,285.2,13.6,D,0
-1.9868,105.6662,314.8,1.8,1.3,2023-04-15,0625,Aqua,MODIS,72,61.03,293.5,15.5,D,0
-2.9268,106.3545,315.8,1.2,1.1,2023-04-18,0653,Aqua,MODIS,65,61.03,298,8.2,D,0
-2.0057,105.8675,312.2,3.2,1.7,2023-04-24,0611,Aqua,MODIS,40,61.03,276.9,49.4,D,0
-2.9395,106.86,309.4,1,1,2023-04-27,0639,Aqua,MODIS,61,61.03,289.4,5,D,0
-2.6226,106.3751,311.9,1,1,2023-04-27,0639,Aqua,MODIS,47,61.03,289.9,5.7,D,0
-2.7488,106.2671,312,1.6,1.3,2023-05-02,0318,Terra,MODIS,60,61.03,294.6,9.2,D,0
-2.8615,106.2425,345.9,1.2,1.1,2023-05-02,0653,Aqua,MODIS,93,61.03,299.2,56,D,0
-2.2822,106.0266,324.1,1.1,1.1,2023-05-02,0653,Aqua,MODIS,77,61.03,298.5,15.7,D,0
-2.86,106.2527,315.7,1.2,1.1,2023-05-02,0653,Aqua,MODIS,64,61.03,298.1,6.6,D,0
-2.79,106.1628,316.5,1.1,1.1,2023-05-02,0653,Aqua,MODIS,66,61.03,296.2,7,D,0
-2.1577,105.8409,332,1.1,1,2023-05-04,0639,Aqua,MODIS,84,61.03,295.9,26.8,D,0
-3.1801,105.1,319.1,1.2,1.1,2023-05-11,0639,Aqua,MODIS,73,61.03,296.2,12.1,D,0
-3.1767,105.1047,315.8,1.2,1.1,2023-05-11,0639,Aqua,MODIS,67,61.03,296.2,9.5,D,0
-2.9087,106.5063,322.9,1,1,2023-05-11,0639,Aqua,MODIS,77,61.03,296.7,13.9,D,0
-2.91,106.4971,323.8,1,1,2023-05-11,0639,Aqua,MODIS,78,61.03,296.4,14.9,D,0
-2.3976,106.2171,316.7,1,1,2023-05-11,0639,Aqua,MODIS,65,61.03,297.9,6.5,D,0
-2.3989,106.2078,323.8,1,1,2023-05-11,0639,Aqua,MODIS,76,61.03,297.4,14,D,0
-2.3227,105.9612,332,1.1,1,2023-05-11,0639,Aqua,MODIS,84,61.03,297.2,25.6,D,0
-2.3241,105.9517,357.7,1.1,1,2023-05-11,0639,Aqua,MODIS,99,61.03,298.2,79.3,D,0
-2.1559,105.9056,323.8,1.1,1,2023-05-11,0639,Aqua,MODIS,76,61.03,297.6,15.2,D,0
-2.0551,105.9047,315.1,1.1,1,2023-05-11,0639,Aqua,MODIS,62,61.03,297.1,6.7,D,0
-2.0095,105.9684,323.9,1.1,1,2023-05-11,0639,Aqua,MODIS,77,61.03,297.3,15.3,D,0
-2.0088,105.8432,316.3,1.1,1,2023-05-11,0639,Aqua,MODIS,66,61.03,296.1,8.4,D,0
-1.9796,105.9161,319.4,1.1,1,2023-05-11,0639,Aqua,MODIS,71,61.03,296,10.7,D,0
-2.9871,104.7452,310.9,2.7,1.6,2023-05-12,0335,Terra,MODIS,42,61.03,291.8,26.8,D,2
-2.7818,106.3164,315.2,1.7,1.3,2023-05-13,0625,Aqua,MODIS,55,61.03,292.3,18.8,D,0
-1.9578,105.7473,312,1.8,1.3,2023-05-13,0625,Aqua,MODIS,60,61.03,292.4,15.5,D,0
-2.9976,104.805,304.5,2.7,1.6,2023-05-24,0335,Terra,MODIS,0,61.03,282.2,17.9,D,2
-2.7537,106.4981,310.9,1.7,1.3,2023-05-26,0318,Terra,MODIS,51,61.03,292,12.5,D,0
-2.7559,106.5134,312.9,1.7,1.3,2023-05-26,0318,Terra,MODIS,64,61.03,292,16.1,D,0
-3.0757,105.3895,309.7,1.4,1.2,2023-05-26,0318,Terra,MODIS,32,61.03,293.2,8.2,D,0
-2.764,105.553,308.4,1,1,2023-05-28,0302,Terra,MODIS,19,61.03,287.5,4.9,D,0
-3.374,104.5304,314.7,1.4,1.2,2023-06-01,0638,Aqua,MODIS,57,61.03,295.6,12.1,D,0
-3.0765,105.3894,313.4,1.1,1,2023-06-02,0310,Terra,MODIS,54,61.03,299.4,7.5,D,0
-2.8739,106.4953,314.2,1.8,1.3,2023-06-03,0624,Aqua,MODIS,22,61.03,292.4,13.7,D,0
-2.8761,106.4795,321.5,1.8,1.3,2023-06-03,0624,Aqua,MODIS,78,61.03,293.8,29.5,D,0
-2.8785,106.4908,322,1.8,1.3,2023-06-03,0624,Aqua,MODIS,74,61.03,293.2,32.8,D,0
-2.8808,106.4751,313.8,1.8,1.3,2023-06-03,0624,Aqua,MODIS,69,61.03,293.9,15.9,D,0
-2.8028,106.3503,315,1.8,1.3,2023-06-03,0624,Aqua,MODIS,71,61.03,283.9,25,D,0
-2.8052,106.3602,306.1,1.8,1.3,2023-06-03,0624,Aqua,MODIS,31,61.03,282.3,11.2,D,0
-2.8076,106.3441,311.1,1.8,1.3,2023-06-03,0624,Aqua,MODIS,65,61.03,284.2,19.2,D,0
-2.8903,105.5991,304.3,2.1,1.4,2023-06-03,0624,Aqua,MODIS,17,61.03,283.7,11.8,D,0
-3.5564,105.2372,336.3,1.4,1.2,2023-06-11,0705,Aqua,MODIS,87,61.03,297.8,50.7,D,0
-3.0164,105.4481,313.7,1.5,1.2,2023-06-11,0705,Aqua,MODIS,55,61.03,297.2,10.7,D,0
-2.773,105.5499,315.1,1.5,1.2,2023-06-11,0705,Aqua,MODIS,29,61.03,298.1,14,D,0
-2.0627,105.6057,317.1,1.6,1.2,2023-06-11,0705,Aqua,MODIS,68,61.03,296.3,16.5,D,0
-2.352,106.1778,314.8,1.1,1,2023-06-13,0651,Aqua,MODIS,66,61.03,296.9,6.2,D,0
-2.1532,106.0222,314.6,1,1,2023-06-13,0651,Aqua,MODIS,61,61.03,297,5.8,D,0
-2.1545,106.0129,318.2,1,1,2023-06-13,0651,Aqua,MODIS,69,61.03,295.6,9,D,0
-2.095,105.9125,327.5,1,1,2023-06-13,0651,Aqua,MODIS,81,61.03,296.3,19.4,D,0
-2.0963,105.9033,321.3,1,1,2023-06-13,0651,Aqua,MODIS,74,61.03,297.1,12.5,D,0
-1.7272,105.8437,316.1,1,1,2023-06-13,0651,Aqua,MODIS,66,61.03,297.2,7.9,D,0
-1.6433,105.6011,320.5,1,1,2023-06-13,0651,Aqua,MODIS,75,61.03,297.7,10.4,D,0
-1.7378,105.9942,311.6,1.1,1.1,2023-06-15,0637,Aqua,MODIS,37,61.03,289.3,5.6,D,0
-3.2614,105.1313,311.2,2.3,1.5,2023-06-18,0237,Terra,MODIS,59,61.03,291.7,18.7,D,0
-1.622,105.4782,305.1,1.1,1.1,2023-06-18,1456,Terra,MODIS,62,61.03,292.4,5.4,N,0
-1.6206,105.4882,306.6,1.1,1.1,2023-06-18,1456,Terra,MODIS,68,61.03,292.4,6.5,N,0
-2.6112,106.2224,313.7,1.2,1.1,2023-06-22,0636,Aqua,MODIS,61,61.03,299,6.5,D,0
-2.43,106.0663,313.8,1.2,1.1,2023-06-22,0636,Aqua,MODIS,58,61.03,297.7,6.8,D,0
-2.285,106.0012,320.8,1.2,1.1,2023-06-22,0636,Aqua,MODIS,73,61.03,298.7,14.5,D,0
-2.2866,105.9906,322.5,1.2,1.1,2023-06-22,0636,Aqua,MODIS,75,61.03,299.3,17.2,D,0
-3.0599,105.3004,315.1,1.3,1.2,2023-06-22,0636,Aqua,MODIS,25,61.03,299,11.5,D,0
-2.4494,106.0691,312.7,1.2,1.1,2023-06-22,0636,Aqua,MODIS,38,61.03,296.7,6.5,D,0
-2.0014,105.712,312.4,1.2,1.1,2023-06-22,0636,Aqua,MODIS,58,61.03,297.6,6.9,D,0
-2.0029,105.7011,312.2,1.2,1.1,2023-06-22,0636,Aqua,MODIS,58,61.03,297.8,6.5,D,0
-1.8214,105.4706,309.4,1.3,1.1,2023-06-22,0636,Aqua,MODIS,20,61.03,293.7,3.9,D,0
-2.9449,105.4791,314.6,2.6,1.6,2023-06-23,0718,Aqua,MODIS,22,61.03,296.1,29.8,D,0
-2.5957,106.0257,314.1,2.2,1.4,2023-06-24,0622,Aqua,MODIS,67,61.03,296.7,24.7,D,0
-2.3983,106.2167,314.5,2.1,1.4,2023-06-24,0622,Aqua,MODIS,61,61.03,299.2,18.1,D,0
-2.3324,106.1205,313.5,1,1,2023-06-27,0650,Aqua,MODIS,58,61.03,294.5,7.1,D,0
-2.3097,105.9542,312.3,1,1,2023-06-27,0650,Aqua,MODIS,37,61.03,295.4,5.2,D,0
-2.311,105.9453,319.8,1,1,2023-06-27,0650,Aqua,MODIS,73,61.03,294.8,11.8,D,0
-2.2766,105.867,328.3,1,1,2023-06-27,0650,Aqua,MODIS,82,61.03,295.9,20.1,D,0
-1.8984,105.6176,328.2,1,1,2023-06-27,0650,Aqua,MODIS,82,61.03,296.1,19.2,D,0
-1.829,105.6464,313.2,1,1,2023-06-27,0650,Aqua,MODIS,46,61.03,293.7,5.2,D,0
-3.0549,105.3155,308.2,3,1.6,2023-06-29,0333,Terra,MODIS,43,61.03,290,24.7,D,0
-3.0564,105.3086,308.4,3,1.6,2023-06-29,0333,Terra,MODIS,39,61.03,289.5,28.2,D,0
-2.9872,107.5882,312.1,1.1,1,2023-06-29,0635,Aqua,MODIS,52,61.03,296.1,5.2,D,0
-2.9858,107.5976,315.2,1.1,1,2023-06-29,0635,Aqua,MODIS,63,61.03,296.3,7.9,D,0
-3.0548,105.3146,313.4,2.4,1.5,2023-06-30,0717,Aqua,MODIS,61,61.03,294.2,28.2,D,0
-3.0481,105.3329,310.6,1.4,1.2,2023-07-01,0316,Terra,MODIS,13,61.03,292.9,8.2,D,0
-3.4572,104.6885,317.4,1,1,2023-07-04,0649,Aqua,MODIS,72,61.03,296.6,9.2,D,0
-3.4586,104.6792,312.9,1,1,2023-07-04,0649,Aqua,MODIS,58,61.03,295.5,5.4,D,0
-2.1424,106.0155,313.8,1,1,2023-07-04,0649,Aqua,MODIS,59,61.03,297.2,5.1,D,0
-2.1437,106.0066,321.3,1,1,2023-07-04,0649,Aqua,MODIS,74,61.03,297.8,12.1,D,0
-1.7039,105.8669,314.3,1,1,2023-07-04,0649,Aqua,MODIS,59,61.03,297.5,5.3,D,0
-1.6255,105.8307,317.2,1,1,2023-07-04,0649,Aqua,MODIS,67,61.03,297.9,7.3,D,0
-2.7636,105.594,310,4.6,2,2023-07-05,0731,Aqua,MODIS,53,61.03,290.1,47.4,D,0
-2.9938,106.8129,311.9,1.2,1.1,2023-07-13,0633,Aqua,MODIS,64,61.03,292.4,8.8,D,0
-2.9315,106.8263,324.9,1.2,1.1,2023-07-13,0633,Aqua,MODIS,81,61.03,292.7,24.6,D,0
-3.0756,105.3873,312.1,1.5,1.2,2023-07-13,0633,Aqua,MODIS,61,61.03,296.7,14,D,0
-2.6114,106.3425,317,1.3,1.1,2023-07-13,0633,Aqua,MODIS,70,61.03,295.8,11.5,D,0
-2.5972,106.2147,311.8,1.4,1.2,2023-07-16,0701,Aqua,MODIS,53,61.03,292.5,6.4,D,0
-2.9197,106.8186,309.8,2.6,1.5,2023-07-18,0323,Terra,MODIS,50,61.03,292.8,18.8,D,0
-2.8355,106.4706,318.3,1,1,2023-07-18,0647,Aqua,MODIS,72,61.03,293.3,10.8,D,0
-2.8342,106.4794,317.8,1,1,2023-07-18,0647,Aqua,MODIS,71,61.03,291.3,9.6,D,0
-1.7922,105.4677,323.8,1,1,2023-07-18,0647,Aqua,MODIS,76,61.03,296,15.7,D,0
-3.0912,104.7141,316.2,1.1,1,2023-07-23,0700,Aqua,MODIS,61,61.03,297.5,7,D,0
-2.0341,105.509,327.3,1.2,1.1,2023-07-23,0700,Aqua,MODIS,80,61.03,296.4,24.6,D,0
-2.0356,105.4985,339.4,1.2,1.1,2023-07-23,0700,Aqua,MODIS,89,61.03,297.4,46.1,D,0
-1.6224,105.4503,314.4,1.2,1.1,2023-07-23,0700,Aqua,MODIS,38,61.03,293.2,8.8,D,0
-3.1742,104.6033,321,1.1,1.1,2023-07-25,0645,Aqua,MODIS,74,61.03,298.1,13.3,D,0
-2.6412,106.3985,312.7,1,1,2023-07-25,0645,Aqua,MODIS,53,61.03,292.2,6,D,0
-2.6181,106.6217,316.8,1,1,2023-07-25,0645,Aqua,MODIS,67,61.03,296.9,7.7,D,0
-2.0668,105.7785,314.6,1,1,2023-07-25,0646,Aqua,MODIS,59,61.03,298,5.2,D,0
-1.896,105.6214,331.5,1,1,2023-07-25,0646,Aqua,MODIS,84,61.03,299.2,22.8,D,0
-1.8973,105.6123,337.7,1,1,2023-07-25,0646,Aqua,MODIS,88,61.03,299.4,32.5,D,0
-1.8845,105.5768,315,1,1,2023-07-25,0646,Aqua,MODIS,62,61.03,298.1,5.8,D,0
-1.8623,105.6663,326.5,1,1,2023-07-25,0646,Aqua,MODIS,79,61.03,298.2,16.8,D,0
-1.8546,105.6559,315.2,1,1,2023-07-25,0646,Aqua,MODIS,58,61.03,297.6,4.9,D,0
-1.8391,105.6999,325.9,1,1,2023-07-25,0646,Aqua,MODIS,79,61.03,297,17.1,D,0
-1.7938,105.9504,326.2,1,1,2023-07-25,0646,Aqua,MODIS,79,61.03,294.2,19.3,D,0
-1.828,105.4567,325.3,1,1,2023-07-25,0646,Aqua,MODIS,78,61.03,298.1,16.6,D,0
-1.8559,105.6469,325.5,1,1,2023-07-25,0646,Aqua,MODIS,78,61.03,298.6,15.5,D,0
-2.1566,105.8625,314.9,1,1,2023-07-25,0646,Aqua,MODIS,53,61.03,292.5,9,D,0
-2.1579,105.8535,318.2,1,1,2023-07-25,0646,Aqua,MODIS,69,61.03,295,12.4,D,0
-2.9927,106.8099,301.9,1.9,1.4,2023-07-26,1436,Terra,MODIS,45,61.03,291.7,8,N,0
-1.5746,105.5653,324.6,1,1,2023-07-27,0257,Terra,MODIS,79,61.03,296.3,16.7,D,0
-2.4937,106.2696,312.3,1.5,1.2,2023-07-27,0631,Aqua,MODIS,54,61.03,296.4,9,D,0
-2.8126,106.3458,310.1,1.5,1.2,2023-07-27,0631,Aqua,MODIS,46,61.03,294.1,9.1,D,0
-2.8145,106.3326,317.3,1.5,1.2,2023-07-27,0631,Aqua,MODIS,70,61.03,294.5,19.3,D,0
-2.7962,106.1531,313.2,1.5,1.2,2023-07-27,0631,Aqua,MODIS,62,61.03,296.7,10.3,D,0
-2.6978,105.9658,318.2,1.6,1.2,2023-07-27,0631,Aqua,MODIS,71,61.03,295.2,20,D,0
-2.6942,105.9729,314.3,1.6,1.2,2023-07-27,0631,Aqua,MODIS,64,61.03,295.3,12.2,D,0
-2.6963,105.9589,315.9,1.6,1.2,2023-07-27,0631,Aqua,MODIS,67,61.03,295.3,15,D,0
-2.534,106.4786,324.4,1.4,1.2,2023-07-27,0631,Aqua,MODIS,78,61.03,296.5,25.4,D,0
-2.5466,105.9747,312.3,1.6,1.2,2023-07-27,0631,Aqua,MODIS,59,61.03,296.4,9.6,D,0
-2.417,105.9212,331.1,1.6,1.2,2023-07-27,0631,Aqua,MODIS,80,61.03,296.1,43.8,D,0
-2.4141,105.9296,323.4,1.6,1.2,2023-07-27,0631,Aqua,MODIS,78,61.03,296,28.9,D,0
-2.4162,105.9158,319.9,1.6,1.2,2023-07-27,0631,Aqua,MODIS,74,61.03,295.7,22.2,D,0
-2.3327,105.8545,315.3,1.6,1.2,2023-07-27,0631,Aqua,MODIS,68,61.03,295.8,15.4,D,0
-2.0546,105.7974,320.6,1.6,1.2,2023-07-27,0631,Aqua,MODIS,76,61.03,296,22.3,D,0
-2.0456,105.7819,313.9,1.6,1.2,2023-07-27,0631,Aqua,MODIS,46,61.03,296,10,D,0
-2.0195,105.6481,313.2,1.6,1.3,2023-07-27,0631,Aqua,MODIS,65,61.03,296,10.3,D,0
-1.9913,105.519,319.3,1.7,1.3,2023-07-27,0631,Aqua,MODIS,74,61.03,296,22.6,D,0
-1.9934,105.5044,357.1,1.7,1.3,2023-07-27,0631,Aqua,MODIS,98,61.03,297.6,152.4,D,0
-1.931,105.7014,312.5,1.6,1.2,2023-07-27,0631,Aqua,MODIS,59,61.03,293.4,9.9,D,0
-1.934,105.5997,341.5,1.6,1.3,2023-07-27,0631,Aqua,MODIS,91,61.03,297.1,78.2,D,0
-1.936,105.5853,316.5,1.6,1.3,2023-07-27,0631,Aqua,MODIS,70,61.03,296.8,14.3,D,0
-1.9168,105.6413,323.3,1.6,1.3,2023-07-27,0631,Aqua,MODIS,79,61.03,296.4,28,D,0
-1.9188,105.6269,315.7,1.6,1.3,2023-07-27,0631,Aqua,MODIS,69,61.03,296.5,13.2,D,0
-1.9172,105.6359,328.2,1.6,1.3,2023-07-27,0631,Aqua,MODIS,83,61.03,296.6,37.1,D,0
-1.8817,105.6455,312.7,1.6,1.2,2023-07-27,0631,Aqua,MODIS,36,61.03,294.8,11.1,D,0
-1.8103,105.4211,325.8,1.7,1.3,2023-07-27,0631,Aqua,MODIS,81,61.03,295.6,36.8,D,0
-2.687,105.9932,311.7,3,1.7,2023-07-29,0617,Aqua,MODIS,51,61.03,287.7,40.6,D,0
-2.6864,105.986,314.6,3,1.7,2023-07-29,0617,Aqua,MODIS,61,61.03,288,52.7,D,0
-1.9748,105.6507,335.4,3.1,1.7,2023-07-29,0617,Aqua,MODIS,82,61.03,290,162.2,D,0
-1.9755,105.644,329.4,3.1,1.7,2023-07-29,0617,Aqua,MODIS,78,61.03,290.5,123.2,D,0
-3.5629,105.5845,311.7,1.1,1,2023-07-30,0658,Aqua,MODIS,58,61.03,292,7.4,D,0
-3.5147,104.9066,329.8,1,1,2023-07-30,0658,Aqua,MODIS,83,61.03,298.6,23.5,D,0
-3.4756,104.6666,320,1,1,2023-07-30,0658,Aqua,MODIS,74,61.03,297.6,11.6,D,0
-3.454,104.6847,324.1,1,1,2023-07-30,0658,Aqua,MODIS,78,61.03,298.4,14.7,D,0
-3.2617,105.3179,319.4,1.1,1,2023-07-30,0658,Aqua,MODIS,73,61.03,298.9,10.7,D,0
-3.263,105.3083,321.7,1.1,1,2023-07-30,0658,Aqua,MODIS,76,61.03,299.9,13,D,0
-3.1146,105.0609,315.5,1.1,1,2023-07-30,0658,Aqua,MODIS,64,61.03,295,7.8,D,0
-3.116,105.0515,316.2,1.1,1,2023-07-30,0658,Aqua,MODIS,61,61.03,296.7,8.3,D,0
-2.5373,106.0965,316.8,1.2,1.1,2023-07-30,0659,Aqua,MODIS,68,61.03,299.5,10.2,D,0
-2.4745,106.0266,315.9,1.2,1.1,2023-07-30,0659,Aqua,MODIS,65,61.03,298.2,9,D,0
-2.4533,105.97,318.8,1.2,1.1,2023-07-30,0659,Aqua,MODIS,70,61.03,298.7,11.9,D,0
-2.2774,106.115,315.8,1.2,1.1,2023-07-30,0659,Aqua,MODIS,64,61.03,296.8,9.3,D,0
-2.3063,105.8511,341.5,1.2,1.1,2023-07-30,0659,Aqua,MODIS,91,61.03,299.9,47.9,D,0
-2.3079,105.8408,317.5,1.2,1.1,2023-07-30,0659,Aqua,MODIS,59,61.03,297.8,9.1,D,0
-2.2212,105.8753,328.6,1.2,1.1,2023-07-30,0659,Aqua,MODIS,81,61.03,297.3,24.7,D,0
-2.1931,105.9994,324,1.2,1.1,2023-07-30,0659,Aqua,MODIS,77,61.03,295.5,19.9,D,0
-2.2101,105.8843,316.3,1.2,1.1,2023-07-30,0659,Aqua,MODIS,41,61.03,297.1,8.4,D,0
-2.2116,105.8739,350.7,1.2,1.1,2023-07-30,0659,Aqua,MODIS,95,61.03,296.7,71.6,D,0
-2.1013,105.9255,327.1,1.2,1.1,2023-07-30,0659,Aqua,MODIS,80,61.03,298.9,22.7,D,0
-2.0917,105.9241,326.7,1.2,1.1,2023-07-30,0659,Aqua,MODIS,79,61.03,297.1,22.5,D,0
-1.9694,105.7033,328.3,1.2,1.1,2023-07-30,0659,Aqua,MODIS,76,61.03,299.1,22.3,D,0
-1.9599,105.7019,348.9,1.2,1.1,2023-07-30,0659,Aqua,MODIS,95,61.03,295.4,63.3,D,0
-1.8915,105.8127,311.9,1.2,1.1,2023-07-30,0659,Aqua,MODIS,48,61.03,294.4,5.4,D,0
-1.9204,105.5453,317.2,1.1,1.1,2023-07-30,0659,Aqua,MODIS,67,61.03,296.9,8.7,D,0
-1.8977,105.635,323,1.1,1.1,2023-07-30,0659,Aqua,MODIS,70,61.03,299.2,16.1,D,0
-1.9334,105.1939,331.6,1.1,1,2023-07-30,0659,Aqua,MODIS,84,61.03,299.3,26,D,0
-1.8411,105.6893,326.4,1.2,1.1,2023-07-30,0659,Aqua,MODIS,79,61.03,299.4,19.1,D,0
-1.8356,105.6923,318.4,1.2,1.1,2023-07-30,0659,Aqua,MODIS,69,61.03,298.9,10.9,D,0
-1.8371,105.682,319.7,1.2,1.1,2023-07-30,0659,Aqua,MODIS,71,61.03,298.8,12.3,D,0
-1.6988,105.804,318.4,1.2,1.1,2023-07-30,0659,Aqua,MODIS,69,61.03,300.6,10.3,D,0
-3.2903,105.3208,313.2,1.8,1.3,2023-07-31,1444,Terra,MODIS,85,61.03,290.1,25.5,N,0
-3.2914,105.3304,303.3,1.8,1.3,2023-07-31,1444,Terra,MODIS,30,61.03,290.2,11.4,N,0
-3.2798,105.3289,305.6,1.8,1.3,2023-07-31,1444,Terra,MODIS,65,61.03,289.1,14.5,N,0
-3.282,105.3133,302.2,1.8,1.3,2023-07-31,1444,Terra,MODIS,39,61.03,289.7,10.2,N,0
-1.8914,105.7849,316.4,1.1,1,2023-08-01,0305,Terra,MODIS,69,61.03,295.2,10.8,D,0
-3.2787,105.3098,317.7,1.1,1,2023-08-01,0306,Terra,MODIS,71,61.03,293.9,10.8,D,0
-3.28,105.3191,315.7,1.1,1,2023-08-01,0306,Terra,MODIS,68,61.03,294.6,9.1,D,0
-1.6614,106.0111,315,1,1,2023-08-01,0644,Aqua,MODIS,38,61.03,298.1,5.3,D,0
-2.7564,106.5925,320.7,1,1,2023-08-01,0644,Aqua,MODIS,64,61.03,295.7,13.1,D,0
-2.7765,105.6934,316.8,1.1,1,2023-08-01,0644,Aqua,MODIS,50,61.03,300.5,8.9,D,0
-2.7019,106.1458,317,1,1,2023-08-01,0644,Aqua,MODIS,63,61.03,290.8,9.8,D,0
-2.5708,106.0924,375.8,1,1,2023-08-01,0644,Aqua,MODIS,100,61.03,299,135.4,D,0
-2.5722,106.0832,316.9,1,1,2023-08-01,0644,Aqua,MODIS,63,61.03,296,8,D,0
-2.2468,106.0399,328,1,1,2023-08-01,0644,Aqua,MODIS,81,61.03,298.1,20.5,D,0
-2.1232,105.9415,319.8,1,1,2023-08-01,0644,Aqua,MODIS,71,61.03,296.1,11.8,D,0
-2.0149,105.7349,322.3,1,1,2023-08-01,0644,Aqua,MODIS,70,61.03,292.9,16.1,D,0
-2.0719,105.3396,321.4,1.1,1,2023-08-01,0644,Aqua,MODIS,74,61.03,296.9,13.1,D,0
-1.9676,105.5501,327.4,1.1,1,2023-08-01,0644,Aqua,MODIS,80,61.03,296.7,20.9,D,0
-1.9689,105.5407,321.3,1.1,1,2023-08-01,0644,Aqua,MODIS,74,61.03,295.9,13.9,D,0
-1.8847,105.7379,314.2,1,1,2023-08-01,0644,Aqua,MODIS,41,61.03,297,6,D,0
-1.8793,105.6558,321.4,1.1,1,2023-08-01,0644,Aqua,MODIS,74,61.03,294.6,13.9,D,0
-1.8806,105.6465,317.5,1.1,1,2023-08-01,0644,Aqua,MODIS,60,61.03,297.4,9.8,D,0
-1.9427,105.2206,320.5,1.1,1,2023-08-01,0644,Aqua,MODIS,44,61.03,299.2,10.8,D,0
-1.9334,105.2192,323.2,1.1,1,2023-08-01,0644,Aqua,MODIS,71,61.03,297.6,14.1,D,0
-1.7933,105.6718,342.7,1,1,2023-08-01,0644,Aqua,MODIS,91,61.03,297.4,43.3,D,0
-3.0652,105.2897,310.1,1.9,1.4,2023-08-03,0630,Aqua,MODIS,31,61.03,289.5,15.3,D,0
-2.7731,106.3838,308.2,1.6,1.2,2023-08-03,0630,Aqua,MODIS,37,61.03,290.5,10.3,D,0
-2.3994,106.1916,318.4,1.6,1.2,2023-08-03,0630,Aqua,MODIS,75,61.03,294.6,18.8,D,0
-3.0523,105.3054,311.2,2.8,1.6,2023-08-04,0330,Terra,MODIS,61,61.03,291.8,27.8,D,0
-2.9305,105.5051,311.5,2.9,1.6,2023-08-04,0330,Terra,MODIS,37,61.03,292.3,26.4,D,0
-3.3872,105.4419,327.5,1.7,1.3,2023-08-04,0711,Aqua,MODIS,80,61.03,296.4,41.2,D,0
-3.3527,105.4455,316.1,1.7,1.3,2023-08-04,0711,Aqua,MODIS,65,61.03,296.3,14.9,D,0
-2.0038,105.6302,314.3,1.9,1.3,2023-08-04,0712,Aqua,MODIS,44,61.03,294.6,12.8,D,0
-2.0063,105.6135,313.9,1.9,1.3,2023-08-04,0712,Aqua,MODIS,38,61.03,294.6,11.9,D,0
-1.9873,105.3713,316.7,1.8,1.3,2023-08-04,0712,Aqua,MODIS,65,61.03,293.7,17.9,D,0
-2.7648,106.3689,307.1,1.1,1,2023-08-05,1452,Terra,MODIS,69,61.03,294.1,7.2,N,0
-3.5039,104.5541,318.2,1.2,1.1,2023-08-06,0314,Terra,MODIS,71,61.03,296.6,12.8,D,0
-3.5054,104.5649,323.7,1.2,1.1,2023-08-06,0314,Terra,MODIS,78,61.03,298,20.2,D,0
-3.5953,105.505,313.8,1.1,1,2023-08-06,0657,Aqua,MODIS,57,61.03,298.9,5.9,D,0
-3.4963,104.6622,319.1,1,1,2023-08-06,0657,Aqua,MODIS,70,61.03,297.6,7.9,D,0
-3.4976,104.6532,326.8,1,1,2023-08-06,0657,Aqua,MODIS,80,61.03,300.4,16.3,D,0
-2.1559,106.0192,320.8,1.1,1.1,2023-08-06,0657,Aqua,MODIS,73,61.03,298.6,12.5,D,0
-2.1574,106.0092,321,1.1,1.1,2023-08-06,0657,Aqua,MODIS,73,61.03,297.9,13.1,D,0
-2.0093,105.8935,340.7,1.1,1.1,2023-08-06,0657,Aqua,MODIS,78,61.03,294.3,45.8,D,0
-1.9665,105.6902,324.6,1.1,1,2023-08-06,0657,Aqua,MODIS,77,61.03,294.4,17.9,D,0
-1.9679,105.6805,324.2,1.1,1,2023-08-06,0657,Aqua,MODIS,77,61.03,293.2,17.5,D,0
-1.9778,105.6125,326.8,1.1,1,2023-08-06,0657,Aqua,MODIS,69,61.03,294.1,21.2,D,0
-1.9578,105.6195,313.1,1.1,1,2023-08-06,0657,Aqua,MODIS,54,61.03,292.2,7.4,D,0
-3.0738,106.71,314.1,1,1,2023-08-08,0257,Terra,MODIS,51,61.03,295.5,6.9,D,0
-3.079,106.7065,318.6,1,1,2023-08-08,0643,Aqua,MODIS,0,61.03,296.6,10.5,D,0
-2.972,106.8695,318.3,1,1,2023-08-08,0643,Aqua,MODIS,70,61.03,297.1,10.1,D,0
-2.9733,106.8605,316.4,1,1,2023-08-08,0643,Aqua,MODIS,67,61.03,297.1,8.4,D,0
-2.8497,106.4396,321.2,1,1,2023-08-08,0643,Aqua,MODIS,76,61.03,297.8,12.8,D,0
-2.851,106.4304,314.2,1,1,2023-08-08,0643,Aqua,MODIS,65,61.03,297,6.2,D,0
-2.5871,106.4121,316.1,1,1,2023-08-08,0643,Aqua,MODIS,68,61.03,298.5,5.4,D,0
-2.0602,105.7858,314,1.1,1,2023-08-08,0643,Aqua,MODIS,55,61.03,295.9,7.9,D,0
-3.2249,105.0546,312.5,2.9,1.6,2023-08-09,0724,Aqua,MODIS,46,61.03,293.8,27.7,D,0
-3.0653,105.2923,314.1,3.1,1.7,2023-08-09,0724,Aqua,MODIS,53,61.03,294.2,37.9,D,0
-2.043,105.9341,317,1.8,1.3,2023-08-10,0628,Aqua,MODIS,71,61.03,297,18.8,D,0
-2.8006,106.1592,316.2,1.8,1.3,2023-08-10,0628,Aqua,MODIS,39,61.03,296.7,16.1,D,0
-2.791,106.1687,315.4,1.8,1.3,2023-08-10,0628,Aqua,MODIS,67,61.03,296.3,15.7,D,0
-2.7933,106.153,315.7,1.8,1.3,2023-08-10,0628,Aqua,MODIS,66,61.03,296.4,16.9,D,0
-2.6216,106.2959,321.8,1.7,1.3,2023-08-10,0628,Aqua,MODIS,76,61.03,297,28.2,D,0
-2.6237,106.2807,321.6,1.7,1.3,2023-08-10,0628,Aqua,MODIS,75,61.03,296.2,28.1,D,0
-2.0407,105.95,317.2,1.8,1.3,2023-08-10,0628,Aqua,MODIS,72,61.03,296.7,18.9,D,0
-1.921,105.7568,315.5,1.8,1.3,2023-08-10,0628,Aqua,MODIS,69,61.03,297.8,17.1,D,0
-1.7601,105.6431,319.9,1.9,1.3,2023-08-10,0629,Aqua,MODIS,72,61.03,297.3,25.1,D,0
-1.8901,105.6346,318.7,1.9,1.3,2023-08-10,0629,Aqua,MODIS,74,61.03,296.2,22.4,D,0
-1.7667,105.639,320.4,1.9,1.3,2023-08-10,0629,Aqua,MODIS,77,61.03,296.7,27.8,D,0
-3.0037,104.584,308.8,1.1,1,2023-08-10,1459,Terra,MODIS,75,61.03,294.3,7.5,N,0
-3.2009,104.6918,304.6,1.1,1,2023-08-10,1459,Terra,MODIS,60,61.03,294.2,4.3,N,0
-3.2022,104.6823,310.5,1.1,1,2023-08-10,1459,Terra,MODIS,80,61.03,294,8.6,N,0
-3.2154,105.0779,311.4,1.8,1.3,2023-08-11,0321,Terra,MODIS,57,61.03,291.3,13.4,D,0
-3.2225,105.0705,310.4,1.8,1.3,2023-08-11,0321,Terra,MODIS,28,61.03,291.4,11.2,D,0
-3.4423,104.7067,323.8,1.4,1.2,2023-08-11,0710,Aqua,MODIS,76,61.03,297.5,21.3,D,0
-3.451,104.7209,319.7,1.4,1.2,2023-08-11,0710,Aqua,MODIS,28,61.03,299.2,14.6,D,0
-3.4528,104.7083,328.3,1.4,1.2,2023-08-11,0710,Aqua,MODIS,81,61.03,299.9,30,D,0
-2.5925,106.0937,333.4,1.9,1.3,2023-08-11,0710,Aqua,MODIS,64,61.03,280.6,79.6,D,0
-2.1108,105.8681,330.7,1.8,1.3,2023-08-11,0710,Aqua,MODIS,81,61.03,295,48.5,D,0
-1.9618,105.7751,313.9,1.8,1.3,2023-08-11,0710,Aqua,MODIS,37,61.03,296.9,11.9,D,0
-1.9275,105.541,333.1,1.7,1.3,2023-08-11,0710,Aqua,MODIS,85,61.03,299.1,53.4,D,0
-1.867,105.5733,315.2,1.7,1.3,2023-08-11,0710,Aqua,MODIS,36,61.03,297,13.1,D,0
-1.8276,105.4435,323.8,1.7,1.3,2023-08-11,0710,Aqua,MODIS,76,61.03,299.1,28.5,D,0
-1.7405,105.5633,317.8,1.7,1.3,2023-08-11,0710,Aqua,MODIS,56,61.03,296.9,17,D,0
-3.0579,105.297,311.5,4.1,1.9,2023-08-12,0614,Aqua,MODIS,61,61.03,294.7,48.4,D,0
-2.03,105.6179,315.5,3.7,1.8,2023-08-12,0614,Aqua,MODIS,64,61.03,294,55.5,D,0
-1.7776,105.5364,311.4,3.8,1.8,2023-08-12,0614,Aqua,MODIS,36,61.03,292.7,30.6,D,0
-1.7694,105.5276,313.6,3.8,1.8,2023-08-12,0614,Aqua,MODIS,59,61.03,292.3,45,D,0
-3.3387,104.5745,308.7,2,1.4,2023-08-12,1443,Terra,MODIS,75,61.03,293.3,19,N,0
-3.3411,104.5565,311.8,2.1,1.4,2023-08-12,1443,Terra,MODIS,83,61.03,293.2,25.5,N,0
-3.0892,105.0526,310.5,1.9,1.3,2023-08-12,1443,Terra,MODIS,80,61.03,293,21.9,N,0
-3.4323,104.7106,326.9,1,1,2023-08-13,0655,Aqua,MODIS,82,61.03,293.8,17.4,D,0
-3.4336,104.7017,337.8,1,1,2023-08-13,0655,Aqua,MODIS,89,61.03,293.3,32,D,0
-3.178,104.9425,317.8,1,1,2023-08-13,0655,Aqua,MODIS,74,61.03,287.3,11.1,D,0
-3.1793,104.9336,327.4,1,1,2023-08-13,0655,Aqua,MODIS,83,61.03,286.7,21.3,D,0
-2.1129,105.8767,323.6,1.1,1,2023-08-13,0656,Aqua,MODIS,52,61.03,292.5,18.6,D,0
-2.082,105.7661,313.6,1.1,1,2023-08-13,0656,Aqua,MODIS,55,61.03,292.6,7,D,0
-2.0196,105.7504,360.9,1.1,1,2023-08-13,0656,Aqua,MODIS,100,61.03,298.7,89.1,D,0
-2.021,105.741,315.8,1.1,1,2023-08-13,0656,Aqua,MODIS,64,61.03,297.3,7.3,D,0
-2.0085,105.634,321.1,1.1,1,2023-08-13,0656,Aqua,MODIS,73,61.03,291.1,13.2,D,0
-1.9784,105.6487,313.6,1.1,1,2023-08-13,0656,Aqua,MODIS,57,61.03,292.5,5.8,D,0
-2.0216,105.3531,336.7,1,1,2023-08-13,0656,Aqua,MODIS,88,61.03,295.4,33.8,D,0
-1.9514,105.5251,313.5,1,1,2023-08-13,0656,Aqua,MODIS,52,61.03,296.2,5.9,D,0
-1.9528,105.5158,312.2,1,1,2023-08-13,0656,Aqua,MODIS,40,61.03,295.3,5,D,0
-1.9188,105.5582,335.2,1,1,2023-08-13,0656,Aqua,MODIS,87,61.03,294.6,30.8,D,0
-1.9201,105.5489,337.1,1,1,2023-08-13,0656,Aqua,MODIS,88,61.03,294.2,34.5,D,0
-1.9215,105.5396,311.8,1,1,2023-08-13,0656,Aqua,MODIS,27,61.03,292.4,4.6,D,0
-1.9472,105.2992,311.2,1,1,2023-08-13,0656,Aqua,MODIS,28,61.03,288,3.7,D,0
-1.7911,105.4233,313.1,1,1,2023-08-13,0656,Aqua,MODIS,54,61.03,295.1,5.1,D,0
-1.7245,105.4986,326.4,1,1,2023-08-13,0656,Aqua,MODIS,79,61.03,294.8,18.8,D,0
-1.6505,105.4338,323.1,1,1,2023-08-13,0656,Aqua,MODIS,75,61.03,300.8,11.9,D,0
-2.4025,106.1595,315.4,1.1,1.1,2023-08-15,0248,Terra,MODIS,59,61.03,290,10.7,D,0
-2.955,105.4975,314.4,1.2,1.1,2023-08-15,0248,Terra,MODIS,25,61.03,297.6,9.2,D,0
-2.7043,106.1106,321.4,1.1,1.1,2023-08-15,0641,Aqua,MODIS,52,61.03,298,12.9,D,0
-3.5324,104.5868,312.6,1.4,1.2,2023-08-15,0641,Aqua,MODIS,52,61.03,295.6,8.8,D,0
-2.7933,106.5338,363.8,1.1,1,2023-08-15,0641,Aqua,MODIS,100,61.03,282.5,104.4,D,0
-2.7029,106.1205,346.4,1.1,1.1,2023-08-15,0641,Aqua,MODIS,94,61.03,296.9,54.8,D,0
-2.7183,106.0117,359.7,1.1,1.1,2023-08-15,0641,Aqua,MODIS,99,61.03,299.6,93.2,D,0
-2.6968,106.124,318.4,1.1,1,2023-08-15,0641,Aqua,MODIS,71,61.03,295.5,10.9,D,0
-2.6982,106.1142,322.8,1.1,1.1,2023-08-15,0641,Aqua,MODIS,76,61.03,297.1,16.1,D,0
-2.7126,106.0154,338,1.1,1.1,2023-08-15,0641,Aqua,MODIS,89,61.03,298.4,40,D,0
-2.714,106.0055,331.6,1.1,1.1,2023-08-15,0641,Aqua,MODIS,84,61.03,298.9,28.5,D,0
-2.7075,105.9843,318.3,1.1,1.1,2023-08-15,0641,Aqua,MODIS,71,61.03,297.9,11.4,D,0
-2.5342,106.2135,314.8,1.1,1,2023-08-15,0641,Aqua,MODIS,54,61.03,295,7.2,D,0
-2.5356,106.2039,327.4,1.1,1,2023-08-15,0641,Aqua,MODIS,81,61.03,297.2,21.7,D,0
-2.1692,105.8194,327.3,1.1,1.1,2023-08-15,0641,Aqua,MODIS,80,61.03,295.7,24.2,D,0
-2.0838,105.7697,317.1,1.1,1.1,2023-08-15,0641,Aqua,MODIS,67,61.03,291.7,13.1,D,0
-2.0343,105.4119,319.5,1.2,1.1,2023-08-15,0641,Aqua,MODIS,73,61.03,293.9,12.7,D,0
-2.0358,105.4015,322.3,1.2,1.1,2023-08-15,0641,Aqua,MODIS,77,61.03,295.4,16.4,D,0
-1.9737,105.5618,319.1,1.2,1.1,2023-08-15,0641,Aqua,MODIS,73,61.03,290.5,13.8,D,0
-1.8815,105.3991,317.7,1.2,1.1,2023-08-15,0641,Aqua,MODIS,56,61.03,295.8,11.6,D,0
-1.6434,106.0044,320.4,1.1,1,2023-08-15,0641,Aqua,MODIS,69,61.03,298.3,12.3,D,0
-3.093,105.1268,317.7,2.7,1.6,2023-08-16,0329,Terra,MODIS,73,61.03,288.9,48.9,D,0
-3.5022,105.7584,310.9,2.1,1.4,2023-08-17,0626,Aqua,MODIS,58,61.03,293.6,14.2,D,0
-1.9297,105.3123,316.3,2.2,1.4,2023-08-17,0627,Aqua,MODIS,70,61.03,294.1,24.9,D,0
-3.0336,107.5828,317.4,1.5,1.2,2023-08-17,0627,Aqua,MODIS,0,61.03,297,15.1,D,0
-3.1661,104.706,316.6,2.6,1.5,2023-08-17,0627,Aqua,MODIS,63,61.03,294.6,27.9,D,0
-2.6594,106.1721,310.3,1.9,1.4,2023-08-17,0627,Aqua,MODIS,46,61.03,290.3,11,D,0
-2.6618,106.1551,311.1,1.9,1.4,2023-08-17,0627,Aqua,MODIS,48,61.03,291.9,13.3,D,0
-1.9305,105.3073,316.9,2.2,1.4,2023-08-17,0627,Aqua,MODIS,70,61.03,294.4,26.5,D,0
-2.6185,106.0719,314.2,2,1.4,2023-08-17,0627,Aqua,MODIS,55,61.03,293,18.5,D,0
-3.1845,104.6926,316.8,1.2,1.1,2023-08-18,0313,Terra,MODIS,68,61.03,296.2,9.8,D,0
-3.1958,104.702,314,1.2,1.1,2023-08-18,0313,Terra,MODIS,31,61.03,296.4,6.3,D,0
-3.0686,105.3925,309,1.3,1.1,2023-08-18,0313,Terra,MODIS,36,61.03,291,8.3,D,0
-3.2622,105.311,323.8,1.5,1.2,2023-08-18,0708,Aqua,MODIS,76,61.03,293.7,23.2,D,0
-2.6783,106.4336,312.2,2.1,1.4,2023-08-19,1434,Terra,MODIS,84,61.03,290.9,27.5,N,0
-1.8339,106.0231,315.1,1,1,2023-08-20,0256,Terra,MODIS,60,61.03,296.6,5.3,D,0
-2.8926,105.4458,316,1,1,2023-08-20,0256,Terra,MODIS,30,61.03,298.5,7.9,D,0
-2.5842,106.4939,329.5,1,1,2023-08-20,0256,Terra,MODIS,82,61.03,297.5,20.9,D,0
-2.8135,106.3883,318.1,1.1,1,2023-08-20,0654,Aqua,MODIS,63,61.03,296,10.2,D,0
-3.3838,104.5512,316.4,1,1,2023-08-20,0654,Aqua,MODIS,46,61.03,296,6.5,D,0
-3.1551,104.8597,318.1,1,1,2023-08-20,0654,Aqua,MODIS,37,61.03,299.9,6.9,D,0
-2.8914,106.2377,327.9,1,1,2023-08-20,0654,Aqua,MODIS,0,61.03,297.4,19.4,D,0
-2.8277,106.1651,320.9,1,1,2023-08-20,0654,Aqua,MODIS,72,61.03,298.2,10.5,D,0
-2.8291,106.1558,345.9,1,1,2023-08-20,0654,Aqua,MODIS,93,61.03,299.4,48.2,D,0
-2.6952,106.3203,315.9,1.1,1,2023-08-20,0654,Aqua,MODIS,38,61.03,296.7,6.5,D,0
-2.6229,106.1793,321.6,1,1,2023-08-20,0654,Aqua,MODIS,55,61.03,292.3,14.1,D,0
-2.5963,106.0434,327.3,1,1,2023-08-20,0654,Aqua,MODIS,79,61.03,297.3,18.5,D,0
-1.8992,105.6445,331.4,1,1,2023-08-20,0654,Aqua,MODIS,83,61.03,291.9,24.4,D,0
-1.9005,105.6354,324,1,1,2023-08-20,0654,Aqua,MODIS,76,61.03,292.1,14.2,D,0
-1.9031,105.6173,324.4,1,1,2023-08-20,0654,Aqua,MODIS,61,61.03,295,14.4,D,0
-1.9033,105.5528,316.4,1,1,2023-08-20,0654,Aqua,MODIS,61,61.03,297.3,5.9,D,0
-1.9046,105.5437,315.6,1,1,2023-08-20,0654,Aqua,MODIS,62,61.03,297.3,5.3,D,0
-1.8827,105.5682,339.7,1,1,2023-08-20,0654,Aqua,MODIS,89,61.03,295.9,34.8,D,0
-1.884,105.5592,326.1,1,1,2023-08-20,0654,Aqua,MODIS,79,61.03,295.5,15.3,D,0
-3.5478,105.2269,314.3,1.7,1.3,2023-08-22,0240,Terra,MODIS,35,61.03,297.3,12.2,D,0
-3.0976,105.1321,353.7,1.4,1.2,2023-08-22,0639,Aqua,MODIS,84,61.03,290,103.4,D,0
-2.6566,106.4106,314.5,1.1,1.1,2023-08-22,0639,Aqua,MODIS,49,61.03,294.9,6.1,D,0
-2.8266,106.5081,321.7,1.1,1.1,2023-08-22,0639,Aqua,MODIS,69,61.03,305.5,11.2,D,0
-2.8384,106.2936,313.1,1.2,1.1,2023-08-22,0639,Aqua,MODIS,57,61.03,293.5,10.1,D,0
-2.8001,106.1517,317.1,1.2,1.1,2023-08-22,0639,Aqua,MODIS,68,61.03,299.8,8.6,D,0
-3.1061,105.1456,328.8,1.4,1.2,2023-08-22,0639,Aqua,MODIS,78,61.03,290,36.1,D,0
-2.012,105.8663,321.9,1.2,1.1,2023-08-22,0640,Aqua,MODIS,75,61.03,298.7,15.7,D,0
-2.2951,106.0957,314.2,1.2,1.1,2023-08-22,0640,Aqua,MODIS,60,61.03,299,6.1,D,0
-2.2063,105.8632,345.7,1.2,1.1,2023-08-22,0640,Aqua,MODIS,93,61.03,299,61.1,D,0
-2.2078,105.8526,343.4,1.2,1.1,2023-08-22,0640,Aqua,MODIS,92,61.03,298.6,56.1,D,0
-2.0105,105.8767,322.3,1.2,1.1,2023-08-22,0640,Aqua,MODIS,76,61.03,298.9,15.8,D,0
-1.9958,105.8904,314.5,1.2,1.1,2023-08-22,0640,Aqua,MODIS,63,61.03,296.7,7.9,D,0
-3.2896,104.9202,304.7,1.1,1,2023-08-22,1459,Terra,MODIS,58,61.03,292.8,5.5,N,0
-3.022,106.7018,310.8,1,1,2023-08-22,1459,Terra,MODIS,81,61.03,294.8,7.9,N,0
-3.0131,106.7005,304.2,1,1,2023-08-22,1459,Terra,MODIS,27,61.03,293.9,3.6,N,0
-1.6433,105.554,314.2,2.3,1.5,2023-08-24,0625,Aqua,MODIS,57,61.03,291,22.1,D,0
-1.7765,105.9539,304.5,1.5,1.2,2023-08-24,1442,Terra,MODIS,60,61.03,291.6,8.2,N,0
-2.9569,106.8248,318.5,1.2,1.1,2023-08-25,0304,Terra,MODIS,75,61.03,284.5,18.6,D,0
-2.9585,106.8355,321.3,1.2,1.1,2023-08-25,0304,Terra,MODIS,78,61.03,283.4,22.6,D,0
-3.1509,104.7195,312.5,1.2,1.1,2023-08-25,0707,Aqua,MODIS,52,61.03,287.4,6.6,D,0
-3.0967,105.0574,315.8,1,1,2023-08-27,0652,Aqua,MODIS,51,61.03,297,7,D,0
-2.8891,106.3647,324.2,1,1,2023-08-27,0652,Aqua,MODIS,77,61.03,299.7,15,D,0
-2.8904,106.3556,319.4,1,1,2023-08-27,0652,Aqua,MODIS,70,61.03,299.4,9.9,D,0
-2.888,106.3026,317.1,1,1,2023-08-27,0652,Aqua,MODIS,50,61.03,299.2,8,D,0
-2.8893,106.2935,315.9,1,1,2023-08-27,0652,Aqua,MODIS,48,61.03,298.5,6.6,D,0
-3.5112,104.6577,301.8,1,1,2023-08-27,1506,Terra,MODIS,30,61.03,290.2,3.5,N,0
-3.267,104.9553,300.6,1,1,2023-08-27,1506,Terra,MODIS,31,61.03,288.3,3.3,N,0
-1.5681,105.9702,305.3,1.1,1,2023-08-27,1507,Terra,MODIS,28,61.03,294.8,4.8,N,0
-3.051,105.3006,310.2,2.7,1.6,2023-08-28,0328,Terra,MODIS,57,61.03,293.4,23.8,D,0
-3.0068,104.5865,310.7,2.4,1.5,2023-08-28,0328,Terra,MODIS,60,61.03,289.6,19.2,D,0
-3.0097,104.6072,310,2.4,1.5,2023-08-28,0328,Terra,MODIS,54,61.03,288.5,17.4,D,0
-3.3833,105.4032,319.4,4.6,2,2023-08-28,0734,Aqua,MODIS,73,61.03,291.6,108.5,D,0
-3.3838,105.3989,318.3,4.6,2,2023-08-28,0734,Aqua,MODIS,72,61.03,291.5,98.6,D,0
-2.837,106.1579,316.5,1.3,1.1,2023-08-29,0638,Aqua,MODIS,67,61.03,298.8,9.2,D,0
-2.8357,106.1634,315,1.3,1.1,2023-08-29,0638,Aqua,MODIS,62,61.03,299,7.1,D,0
-2.8108,106.1258,315.3,1.3,1.1,2023-08-29,0638,Aqua,MODIS,63,61.03,298.1,9.5,D,0
-2.6371,106.6215,317.1,1.2,1.1,2023-08-29,0638,Aqua,MODIS,53,61.03,300.2,7.4,D,0
-2.7272,105.9927,327,1.3,1.1,2023-08-29,0638,Aqua,MODIS,80,61.03,296.7,27.7,D,0
-2.7289,105.9814,315.3,1.3,1.1,2023-08-29,0638,Aqua,MODIS,64,61.03,296.9,11.1,D,0
-2.6275,106.6201,321.7,1.2,1.1,2023-08-29,0638,Aqua,MODIS,74,61.03,299.8,13.7,D,0
-2.2903,106.1224,320.6,1.2,1.1,2023-08-29,0638,Aqua,MODIS,73,61.03,295.7,14.9,D,0
-2.2902,106.1167,316.6,1.2,1.1,2023-08-29,0638,Aqua,MODIS,35,61.03,296.1,9.3,D,0
-3.1804,104.9458,311.2,1.4,1.2,2023-08-29,1450,Terra,MODIS,82,61.03,291.7,13.8,N,0
-3.2849,104.9297,317.2,1.4,1.2,2023-08-29,1450,Terra,MODIS,95,61.03,284.5,25.2,N,0
-3.1821,104.9527,305.7,1.4,1.2,2023-08-29,1450,Terra,MODIS,65,61.03,292.2,8.3,N,0
-3.1838,104.9406,302.6,1.4,1.2,2023-08-29,1450,Terra,MODIS,50,61.03,291.4,5.5,N,0
-3.1163,104.8192,306.7,1.4,1.2,2023-08-29,1450,Terra,MODIS,69,61.03,291.7,9.5,N,0
-1.9734,105.266,308.6,1.3,1.1,2023-08-29,1450,Terra,MODIS,75,61.03,282.5,12.3,N,0
-3.0822,105.0477,318,1.3,1.1,2023-08-30,0312,Terra,MODIS,70,61.03,295.9,14,D,0
-2.8826,105.6582,311.9,1.4,1.2,2023-08-30,0312,Terra,MODIS,55,61.03,293.7,10.7,D,0
-3.0936,105.0574,316.4,1.3,1.1,2023-08-30,0312,Terra,MODIS,44,61.03,300.3,11.7,D,0
-3.0838,105.0588,336.1,1.3,1.1,2023-08-30,0312,Terra,MODIS,88,61.03,296.6,44.2,D,0
-3.3711,105.4094,316.7,2.3,1.5,2023-08-30,0719,Aqua,MODIS,30,61.03,297.3,22.4,D,0
-3.27,104.9538,320,2.2,1.4,2023-08-30,0719,Aqua,MODIS,68,61.03,296.6,30.3,D,0
-3.539,104.905,303.4,2.3,1.5,2023-08-30,1530,Terra,MODIS,55,61.03,293,13.9,N,0
-3.446,104.837,304.4,2.3,1.5,2023-08-30,1530,Terra,MODIS,60,61.03,292.9,17.7,N,0
-3.1805,104.9262,312.3,3,1.6,2023-08-31,0623,Aqua,MODIS,53,61.03,286.7,34.2,D,0
-3.2134,105.0109,312.8,2.9,1.6,2023-08-31,0623,Aqua,MODIS,54,61.03,288.5,32.8,D,0
-3.3461,105.0365,323,2.9,1.6,2023-08-31,0623,Aqua,MODIS,77,61.03,296.4,65.1,D,0
-3.3326,105.0393,318.7,2.9,1.6,2023-08-31,0623,Aqua,MODIS,75,61.03,296,47.9,D,0
-3.3471,105.0413,325.3,2.9,1.6,2023-08-31,0623,Aqua,MODIS,81,61.03,296.7,78.6,D,0
-3.1654,104.9195,319,3,1.6,2023-08-31,0623,Aqua,MODIS,49,61.03,290.2,57.5,D,0
-3.18,104.9215,313.5,3,1.6,2023-08-31,0623,Aqua,MODIS,31,61.03,287,35.4,D,0
-3.1762,104.9478,321.3,3,1.6,2023-08-31,0623,Aqua,MODIS,78,61.03,285.6,68.9,D,0
-3.1659,104.9242,325.9,3,1.6,2023-08-31,0623,Aqua,MODIS,82,61.03,289.8,94.3,D,0
-3.1623,104.9504,314.6,3,1.6,2023-08-31,0623,Aqua,MODIS,47,61.03,288.3,39.6,D,0
-3.3467,105.0305,311.1,2.8,1.6,2023-08-31,1433,Terra,MODIS,82,61.03,292.7,43.7,N,0
-3.0974,106.5187,308.3,1,1,2023-08-31,1845,Aqua,MODIS,74,61.03,296.2,6.1,N,0
-3.2123,105.0662,308.6,1,1,2023-08-31,1846,Aqua,MODIS,75,61.03,294.6,8.2,N,0
-3.3359,105.032,308.9,1,1,2023-08-31,1846,Aqua,MODIS,20,61.03,294,7.4,N,0
-3.3373,105.0413,348.7,1,1,2023-08-31,1846,Aqua,MODIS,100,61.03,299.7,61.7,N,0
-3.3464,105.0399,306,1,1,2023-08-31,1846,Aqua,MODIS,31,61.03,294,5.8,N,0
-3.3478,105.0492,309.6,1,1,2023-08-31,1846,Aqua,MODIS,76,61.03,294.5,8.3,N,0
-3.3186,104.6916,319.3,1.1,1,2023-09-01,0255,Terra,MODIS,63,61.03,302.9,9,D,0
-3.3051,105.0387,326.1,1,1,2023-09-01,0255,Terra,MODIS,59,61.03,301.3,16.8,D,0
-3.3593,105.4088,317.1,1,1,2023-09-01,0255,Terra,MODIS,47,61.03,297.4,6.5,D,0
-3.2967,104.9184,318.4,1,1,2023-09-01,0255,Terra,MODIS,66,61.03,301.3,9.9,D,0
-3.2981,104.9276,321.3,1,1,2023-09-01,0255,Terra,MODIS,72,61.03,300.4,12.6,D,0
-3.3321,105.0349,324.7,1,1,2023-09-01,0255,Terra,MODIS,67,61.03,301.2,14.4,D,0
-3.3335,105.044,324.8,1,1,2023-09-01,0255,Terra,MODIS,33,61.03,303.3,13.2,D,0
-3.3411,105.0336,358.7,1,1,2023-09-01,0255,Terra,MODIS,99,61.03,304.9,77,D,0
-3.3425,105.0427,358.9,1,1,2023-09-01,0255,Terra,MODIS,99,61.03,308.1,77.1,D,0
-3.3524,105.0445,328.8,1,1,2023-09-01,0255,Terra,MODIS,61,61.03,302.6,20.4,D,0
-3.3172,104.6823,324.4,1.1,1,2023-09-01,0255,Terra,MODIS,76,61.03,304.2,14.7,D,0
-3.3038,105.0296,317,1,1,2023-09-01,0255,Terra,MODIS,36,61.03,300.3,7.8,D,0
-2.8509,105.2736,319.8,1,1,2023-09-01,0255,Terra,MODIS,71,61.03,300.1,11.6,D,0
-2.8522,105.2826,319.7,1,1,2023-09-01,0255,Terra,MODIS,70,61.03,299,11.4,D,0
-3.1425,104.7483,328.6,1.1,1,2023-09-01,0255,Terra,MODIS,76,61.03,303.1,20.4,D,0
-3.1516,104.747,328,1.1,1,2023-09-01,0255,Terra,MODIS,70,61.03,303.7,19.2,D,0
-3.2042,104.6742,337.5,1.1,1.1,2023-09-01,0705,Aqua,MODIS,87,61.03,304.1,33.6,D,0
-3.2027,104.6843,339.4,1.1,1.1,2023-09-01,0705,Aqua,MODIS,88,61.03,307,37.4,D,0
-3.1978,104.8518,318.7,1.2,1.1,2023-09-01,0705,Aqua,MODIS,50,61.03,301.2,9.6,D,0
-3.3065,105.0303,345.3,1.2,1.1,2023-09-01,0705,Aqua,MODIS,87,61.03,304.5,56,D,0
-3.305,105.0409,324.3,1.2,1.1,2023-09-01,0705,Aqua,MODIS,49,61.03,298.8,14.2,D,0
-3.3162,105.0318,333.1,1.2,1.1,2023-09-01,0705,Aqua,MODIS,62,61.03,305.4,28.8,D,0
-3.3371,105.024,336.7,1.2,1.1,2023-09-01,0705,Aqua,MODIS,86,61.03,302.4,36.2,D,0
-3.3356,105.0346,391.7,1.2,1.1,2023-09-01,0705,Aqua,MODIS,94,61.03,308.4,255.2,D,0
-3.1564,104.8669,322.4,1.2,1.1,2023-09-01,0705,Aqua,MODIS,67,61.03,305,11.8,D,0
-3.154,104.7503,322.2,1.2,1.1,2023-09-01,0705,Aqua,MODIS,43,61.03,301.8,11.3,D,0
-3.1556,104.74,326.1,1.2,1.1,2023-09-01,0705,Aqua,MODIS,59,61.03,303.6,16.1,D,0
-2.7537,104.9656,321.6,1.2,1.1,2023-09-01,0705,Aqua,MODIS,53,61.03,302.2,11.3,D,0
-3.3647,105.4001,322.8,1.3,1.1,2023-09-01,0705,Aqua,MODIS,62,61.03,302.8,14.6,D,0
-3.363,105.4112,318.5,1.3,1.1,2023-09-01,0705,Aqua,MODIS,20,61.03,301.8,7.8,D,0
-3.3812,105.4253,348.4,1.3,1.1,2023-09-01,0705,Aqua,MODIS,94,61.03,304.9,66.5,D,0
-3.3796,105.4364,334.8,1.3,1.1,2023-09-01,0705,Aqua,MODIS,85,61.03,303.8,33.4,D,0
-3.4767,104.8381,330.3,1.2,1.1,2023-09-01,0705,Aqua,MODIS,76,61.03,300.9,24.6,D,0
-3.5386,104.9059,348.1,1.2,1.1,2023-09-01,0705,Aqua,MODIS,94,61.03,304.4,59.5,D,0
-3.5371,104.9163,337,1.2,1.1,2023-09-01,0705,Aqua,MODIS,86,61.03,305.3,34.7,D,0
-3.2567,105.118,304.8,1.2,1.1,2023-09-01,1514,Terra,MODIS,62,61.03,294,6.6,N,0
-3.5434,104.9087,304.6,1.2,1.1,2023-09-01,1514,Terra,MODIS,34,61.03,292.5,6.1,N,0
-3.5242,104.9059,338.2,1.2,1.1,2023-09-01,1514,Terra,MODIS,100,61.03,293.8,48.8,N,0
-3.5258,104.8955,310.3,1.2,1.1,2023-09-01,1514,Terra,MODIS,29,61.03,293.6,9.3,N,0
-3.5197,104.9095,309,1.2,1.1,2023-09-01,1514,Terra,MODIS,76,61.03,293.1,10.1,N,0
-3.5211,104.8991,322.4,1.2,1.1,2023-09-01,1514,Terra,MODIS,100,61.03,293.4,24.3,N,0
-3.513,104.8873,317.9,1.2,1.1,2023-09-01,1514,Terra,MODIS,96,61.03,293.3,18.3,N,0
-3.5145,104.877,318.7,1.2,1.1,2023-09-01,1514,Terra,MODIS,97,61.03,293.4,19.6,N,0
-3.4747,104.8817,310.5,1.2,1.1,2023-09-01,1514,Terra,MODIS,80,61.03,293.7,11.6,N,0
-3.4762,104.8714,359.5,1.2,1.1,2023-09-01,1514,Terra,MODIS,100,61.03,296.7,106.4,N,0
-3.4777,104.861,324.4,1.2,1.1,2023-09-01,1514,Terra,MODIS,100,61.03,294.6,26.8,N,0
-3.3875,105.4174,307,1.3,1.1,2023-09-01,1514,Terra,MODIS,70,61.03,293.1,9.8,N,0
-3.3501,105.0397,330.3,1.2,1.1,2023-09-01,1514,Terra,MODIS,100,61.03,297.1,36.9,N,0
-3.3404,105.0383,343.6,1.2,1.1,2023-09-01,1514,Terra,MODIS,100,61.03,300.6,62.9,N,0
-3.342,105.0277,326.1,1.2,1.1,2023-09-01,1514,Terra,MODIS,100,61.03,297.1,29.7,N,0
-3.3308,105.0369,323.3,1.2,1.1,2023-09-01,1514,Terra,MODIS,100,61.03,296.5,25.4,N,0
-3.3323,105.0263,331.7,1.2,1.1,2023-09-01,1514,Terra,MODIS,100,61.03,297.3,38.5,N,0
-3.3189,105.0289,318.1,1.2,1.1,2023-09-01,1514,Terra,MODIS,96,61.03,296.1,19.3,N,0
-3.3204,105.0183,317,1.2,1.1,2023-09-01,1514,Terra,MODIS,94,61.03,295,18,N,0
-3.3092,105.0275,340.9,1.2,1.1,2023-09-01,1514,Terra,MODIS,100,61.03,297.1,57.3,N,0
-3.3107,105.0169,341.4,1.2,1.1,2023-09-01,1514,Terra,MODIS,100,61.03,296.9,58.5,N,0
-3.2995,105.0261,304.6,1.2,1.1,2023-09-01,1514,Terra,MODIS,61,61.03,294.4,6.6,N,0
-3.2582,105.1072,327.9,1.2,1.1,2023-09-01,1514,Terra,MODIS,100,61.03,294.5,33.4,N,0
-1.8632,105.778,309.6,1.4,1.2,2023-09-01,1514,Terra,MODIS,78,61.03,294,12.1,N,0
-1.8649,105.7657,303.8,1.4,1.2,2023-09-01,1514,Terra,MODIS,57,61.03,293.5,6.3,N,0
-3.3036,105.0203,303.5,3.8,1.8,2023-09-01,1927,Aqua,MODIS,56,61.03,292.7,38.1,N,0
-3.3406,105.0494,311,3.8,1.8,2023-09-01,1927,Aqua,MODIS,81,61.03,293.2,70.5,N,0
-3.5196,104.9112,324.2,3.7,1.8,2023-09-01,1927,Aqua,MODIS,100,61.03,292,151.4,N,0
-3.5243,104.9442,303.8,3.8,1.8,2023-09-01,1927,Aqua,MODIS,57,61.03,291.6,40.3,N,0
-3.5107,104.9047,315.3,3.7,1.8,2023-09-01,1927,Aqua,MODIS,91,61.03,291.9,91.7,N,0
-3.5151,104.9377,310.9,3.8,1.8,2023-09-01,1927,Aqua,MODIS,81,61.03,291.8,69.6,N,0
-3.0572,105.3042,311.2,3.9,1.8,2023-09-02,0336,Terra,MODIS,61,61.03,295.8,40.8,D,0
-3.2643,105.127,316.1,3.8,1.8,2023-09-02,0336,Terra,MODIS,0,61.03,296.7,63.7,D,0
-3.2561,105.1226,318.2,3.8,1.8,2023-09-02,0336,Terra,MODIS,55,61.03,296.6,75.6,D,0
-3.3436,105.0435,321.3,3.8,1.8,2023-09-02,0336,Terra,MODIS,77,61.03,297.5,80.6,D,0
-3.3358,105.0382,319.2,3.8,1.8,2023-09-02,0336,Terra,MODIS,62,61.03,296.8,66.8,D,0
-3.4709,104.8821,315.8,3.7,1.8,2023-09-02,0336,Terra,MODIS,60,61.03,296.4,51.1,D,0
-3.2173,105.0822,302.4,1.7,1.3,2023-09-02,1831,Aqua,MODIS,49,61.03,290.6,10.3,N,0
-3.2637,105.0076,302.2,1.7,1.3,2023-09-02,1831,Aqua,MODIS,47,61.03,289.5,10,N,0
-3.3118,105.0159,307,1.7,1.3,2023-09-02,1831,Aqua,MODIS,66,61.03,292.5,15.7,N,0
-3.3255,105.0293,316.3,1.7,1.3,2023-09-02,1831,Aqua,MODIS,93,61.03,294.1,29,N,0
-3.3278,105.0444,310.7,1.7,1.3,2023-09-02,1831,Aqua,MODIS,50,61.03,293.6,18.6,N,0
-3.3107,105.0247,323.7,1.7,1.3,2023-09-02,1831,Aqua,MODIS,100,61.03,294.5,44.5,N,0
-3.3245,105.038,317.2,1.7,1.3,2023-09-02,1831,Aqua,MODIS,78,61.03,294.3,29.9,N,0
-3.3359,105.0363,313,1.7,1.3,2023-09-02,1831,Aqua,MODIS,86,61.03,293,23.8,N,0
-3.3496,105.0497,304.4,1.7,1.3,2023-09-02,1831,Aqua,MODIS,57,61.03,291.7,11.6,N,0
-3.4621,104.8709,308.7,1.7,1.3,2023-09-02,1831,Aqua,MODIS,75,61.03,289.8,19.2,N,0
-3.4644,104.8863,301.5,1.7,1.3,2023-09-02,1831,Aqua,MODIS,28,61.03,289.5,9.1,N,0
-3.462,104.8713,317.6,1.9,1.3,2023-09-03,0239,Terra,MODIS,29,61.03,299.6,16.5,D,0
-2.8839,105.6338,316.8,1.7,1.3,2023-09-03,0239,Terra,MODIS,36,61.03,300.8,16.8,D,0
-3.3334,105.0288,325.2,1.8,1.3,2023-09-03,0239,Terra,MODIS,47,61.03,299.9,34,D,0
-3.3475,105.0431,321.8,1.8,1.3,2023-09-03,0239,Terra,MODIS,50,61.03,299.4,27.2,D,0
-3.4707,104.8801,321.6,1.9,1.3,2023-09-03,0239,Terra,MODIS,65,61.03,300.8,28.3,D,0
-2.6876,104.7026,322.4,1,1,2023-09-03,0650,Aqua,MODIS,72,61.03,300.4,12.6,D,0
-3.589,104.9033,319.6,1,1,2023-09-03,0650,Aqua,MODIS,60,61.03,302.3,9,D,0
-3.5604,104.9086,325.7,1,1,2023-09-03,0650,Aqua,MODIS,77,61.03,300.1,16.7,D,0
-3.5332,104.9046,331.1,1,1,2023-09-03,0650,Aqua,MODIS,78,61.03,302.5,23.7,D,0
-3.5345,104.8954,327.6,1,1,2023-09-03,0650,Aqua,MODIS,75,61.03,301,19.1,D,0
-3.4318,105.4138,327.1,1,1,2023-09-03,0650,Aqua,MODIS,79,61.03,297.9,19.1,D,0
-3.4331,105.4048,317.9,1,1,2023-09-03,0650,Aqua,MODIS,50,61.03,296.2,9.8,D,0
-3.4936,104.6637,363.3,1.1,1,2023-09-03,0650,Aqua,MODIS,100,61.03,299.8,93.5,D,0
-3.4949,104.6543,328.2,1.1,1,2023-09-03,0650,Aqua,MODIS,77,61.03,302.2,18.1,D,0
-3.3562,105.4304,316.3,1,1,2023-09-03,0650,Aqua,MODIS,41,61.03,299.1,6.4,D,0
-3.3217,105.031,336.5,1,1,2023-09-03,0650,Aqua,MODIS,60,61.03,304.6,26.9,D,0
-3.314,105.0205,335.6,1,1,2023-09-03,0650,Aqua,MODIS,76,61.03,304.8,27.8,D,0
-3.2608,105.3216,343.1,1,1,2023-09-03,0650,Aqua,MODIS,86,61.03,302.5,40.3,D,0
-3.2621,105.3126,328.3,1,1,2023-09-03,0650,Aqua,MODIS,76,61.03,303.3,17.7,D,0
-3.2494,105.2739,322.3,1,1,2023-09-03,0650,Aqua,MODIS,73,61.03,301.1,13.5,D,0
-3.2507,105.2649,330.4,1,1,2023-09-03,0650,Aqua,MODIS,82,61.03,299.4,23.8,D,0
-3.2223,105.3344,318.6,1,1,2023-09-03,0650,Aqua,MODIS,67,61.03,299.4,8.7,D,0
-3.2236,105.3254,319.2,1,1,2023-09-03,0650,Aqua,MODIS,68,61.03,300.5,9.6,D,0
-3.2707,104.9984,335.7,1,1,2023-09-03,0650,Aqua,MODIS,78,61.03,305.1,26.5,D,0
-3.2133,105.3331,334.7,1,1,2023-09-03,0650,Aqua,MODIS,86,61.03,301,27.6,D,0
-3.2146,105.3241,348,1,1,2023-09-03,0650,Aqua,MODIS,94,61.03,301.3,51.7,D,0
-3.2616,104.9971,324.1,1,1,2023-09-03,0650,Aqua,MODIS,39,61.03,302.2,12,D,0
-3.2629,104.988,327.1,1,1,2023-09-03,0650,Aqua,MODIS,64,61.03,300.8,16.3,D,0
-2.8906,107.0593,315.7,1,1,2023-09-03,0650,Aqua,MODIS,51,61.03,300.9,7.2,D,0
-3.1514,104.6762,319.5,1.1,1,2023-09-03,0650,Aqua,MODIS,69,61.03,304.4,8.9,D,0
-3.0686,104.9945,324.7,1,1,2023-09-03,0650,Aqua,MODIS,71,61.03,300.2,16.9,D,0
-2.8018,106.4636,319.4,1,1,2023-09-03,0650,Aqua,MODIS,68,61.03,298.4,8.9,D,0
-2.8493,106.1348,316.7,1,1,2023-09-03,0650,Aqua,MODIS,26,61.03,302.7,5.5,D,0
-2.8391,106.1423,317,1,1,2023-09-03,0650,Aqua,MODIS,38,61.03,302.9,5.5,D,0
-2.8404,106.1335,325.9,1,1,2023-09-03,0650,Aqua,MODIS,69,61.03,302.4,14.9,D,0
-2.8263,106.1676,323.8,1,1,2023-09-03,0650,Aqua,MODIS,75,61.03,304.2,11.9,D,0
-2.79,106.0291,315.5,1,1,2023-09-03,0650,Aqua,MODIS,43,61.03,300.6,7.2,D,0
-2.7051,105.9206,326.2,1,1,2023-09-03,0650,Aqua,MODIS,0,61.03,302.5,15.7,D,0
-2.6706,106.0332,327.8,1,1,2023-09-03,0650,Aqua,MODIS,79,61.03,302.9,17,D,0
-2.6719,106.0243,323,1,1,2023-09-03,0650,Aqua,MODIS,73,61.03,302.5,11.7,D,0
-2.559,106.1641,319.5,1,1,2023-09-03,0650,Aqua,MODIS,62,61.03,302.1,7.7,D,0
-2.5603,106.1552,327.9,1,1,2023-09-03,0650,Aqua,MODIS,79,61.03,302.7,16.6,D,0
-2.4156,105.3734,320.5,1,1,2023-09-03,0650,Aqua,MODIS,37,61.03,301.8,9.5,D,0
-2.1637,105.8413,319,1,1,2023-09-03,0651,Aqua,MODIS,66,61.03,299.5,9.4,D,0
-1.9069,105.2596,321.1,1,1,2023-09-03,0651,Aqua,MODIS,51,61.03,303.4,8.1,D,0
-1.7425,105.8279,317.1,1,1,2023-09-03,0651,Aqua,MODIS,44,61.03,297.6,6.2,D,0
-2.165,105.8324,333.5,1,1,2023-09-03,0651,Aqua,MODIS,84,61.03,296.6,26.7,D,0
-3.5013,104.8887,304.4,1.1,1,2023-09-03,1457,Terra,MODIS,32,61.03,293.2,4.8,N,0
-3.492,104.8874,312.7,1.1,1,2023-09-03,1457,Terra,MODIS,68,61.03,294.1,10.4,N,0
-3.4828,104.8861,307.6,1.1,1,2023-09-03,1457,Terra,MODIS,27,61.03,293.8,6.1,N,0
-3.4841,104.8765,310.9,1.1,1,2023-09-03,1457,Terra,MODIS,62,61.03,294,8.6,N,0
-3.4657,104.8739,311.4,1.1,1,2023-09-03,1458,Terra,MODIS,46,61.03,295.5,9.2,N,0
-3.4564,104.8727,304.9,1.1,1,2023-09-03,1458,Terra,MODIS,54,61.03,294.1,5,N,0
-3.3501,105.0451,310.6,1.1,1,2023-09-03,1458,Terra,MODIS,78,61.03,295.1,8.5,N,0
-3.3514,105.0357,357.5,1.1,1,2023-09-03,1458,Terra,MODIS,100,61.03,298.6,85.3,N,0
-3.3527,105.0262,358.7,1.1,1,2023-09-03,1458,Terra,MODIS,100,61.03,297.4,88.9,N,0
-3.3423,105.0344,310.7,1.1,1,2023-09-03,1458,Terra,MODIS,76,61.03,295.6,8.3,N,0
-3.334,105.0369,308.3,1.1,1,2023-09-03,1458,Terra,MODIS,73,61.03,295.3,7.4,N,0
-3.3353,105.0275,310.4,1.1,1,2023-09-03,1458,Terra,MODIS,79,61.03,295.6,9,N,0
-3.3261,105.0262,310.2,1.1,1,2023-09-03,1458,Terra,MODIS,78,61.03,295,8.3,N,0
-3.317,105.0249,362.2,1.1,1,2023-09-03,1458,Terra,MODIS,100,61.03,300.5,98.6,N,0
-3.3183,105.0155,330.7,1.1,1,2023-09-03,1458,Terra,MODIS,100,61.03,296.8,29.9,N,0
-3.2558,105.3297,315.7,1,1,2023-09-03,1458,Terra,MODIS,91,61.03,295,13.9,N,0
-3.2571,105.3205,323.8,1,1,2023-09-03,1458,Terra,MODIS,100,61.03,296,22.2,N,0
-3.2554,104.997,309.5,1.1,1,2023-09-03,1458,Terra,MODIS,51,61.03,293.9,7.8,N,0
-3.238,104.9979,304.8,1.1,1,2023-09-03,1458,Terra,MODIS,54,61.03,293.6,4.8,N,0
-3.2393,104.9885,309.3,1.1,1,2023-09-03,1458,Terra,MODIS,76,61.03,293.8,8.4,N,0
-3.1119,104.7019,318.4,1.1,1,2023-09-03,1458,Terra,MODIS,97,61.03,294.1,16.7,N,0
-3.1133,104.6922,312.3,1.1,1,2023-09-03,1458,Terra,MODIS,84,61.03,294.1,10.9,N,0
-2.5602,106.7503,304.9,1,1,2023-09-03,1458,Terra,MODIS,45,61.03,294.7,5.2,N,0
-1.7153,105.8772,309.2,1,1,2023-09-03,1458,Terra,MODIS,74,61.03,295,7.5,N,0
-3.3164,105.042,306.1,1.9,1.4,2023-09-03,1913,Aqua,MODIS,19,61.03,293.2,13.7,N,0
-3.3406,105.0386,320.2,1.9,1.4,2023-09-03,1913,Aqua,MODIS,100,61.03,294.2,42.4,N,0
-3.3527,105.0369,322.3,1.9,1.4,2023-09-03,1913,Aqua,MODIS,100,61.03,293.2,49.4,N,0
-3.4778,104.8867,310.7,1.9,1.3,2023-09-03,1913,Aqua,MODIS,81,61.03,292.9,23.7,N,0
-3.314,105.0249,325,1.9,1.4,2023-09-03,1913,Aqua,MODIS,100,61.03,294.6,55.7,N,0
-2.7016,105.2072,316.2,1.8,1.3,2023-09-04,0319,Terra,MODIS,67,61.03,297.8,18.5,D,0
-3.2356,105.0035,315.3,1.7,1.3,2023-09-04,0320,Terra,MODIS,45,61.03,297,16,D,0
-3.247,105.002,314.6,1.7,1.3,2023-09-04,0320,Terra,MODIS,31,61.03,296.4,15.3,D,0
-3.2446,104.9958,324.2,1.7,1.3,2023-09-04,0320,Terra,MODIS,78,61.03,295.5,33.2,D,0
-3.3312,105.0308,333,1.8,1.3,2023-09-04,0320,Terra,MODIS,70,61.03,300.8,54.4,D,0
-3.3542,105.0277,331,1.8,1.3,2023-09-04,0320,Terra,MODIS,75,61.03,298.2,48.7,D,0
-3.3537,105.0377,329.4,1.8,1.3,2023-09-04,0320,Terra,MODIS,74,61.03,299.6,45.6,D,0
-3.4811,104.8742,315.9,1.7,1.3,2023-09-04,0320,Terra,MODIS,32,61.03,297.6,16.3,D,0
-3.4832,104.8892,323.8,1.7,1.3,2023-09-04,0320,Terra,MODIS,74,61.03,296.2,32.3,D,0
-3.5157,104.8791,311.2,1.7,1.3,2023-09-04,0320,Terra,MODIS,46,61.03,294.7,10.5,D,0
-3.4847,104.5691,324.4,1.6,1.3,2023-09-04,0320,Terra,MODIS,79,61.03,293.7,32.2,D,0
-3.3326,105.0254,328.8,3.9,1.8,2023-09-04,0732,Aqua,MODIS,71,61.03,293,139.6,D,0
-3.4605,104.8458,312.7,3.3,1.7,2023-09-04,1538,Terra,MODIS,86,61.03,291.4,61.8,N,0
-3.4452,104.8434,305.8,3.3,1.7,2023-09-04,1538,Terra,MODIS,66,61.03,290.6,36.5,N,0
-3.3248,105.0333,326.9,3.4,1.7,2023-09-04,1538,Terra,MODIS,100,61.03,293.8,146.9,N,0
-3.456,104.8751,301,3.3,1.7,2023-09-04,1538,Terra,MODIS,9,61.03,290.3,19.8,N,0
-3.3092,105.0309,304.1,3.4,1.7,2023-09-04,1538,Terra,MODIS,59,61.03,292.2,32.6,N,0
-3.314,105.0249,323,3.4,1.7,2023-09-04,1538,Terra,MODIS,100,61.03,292.9,121.5,N,0
-3.3294,105.0028,311.4,3.4,1.7,2023-09-04,1538,Terra,MODIS,79,61.03,291.8,58.1,N,0
-3.3277,105.0355,319,3.3,1.7,2023-09-04,1817,Aqua,MODIS,98,61.03,293.4,96.9,N,0
-3.453,104.8552,309.2,3.4,1.7,2023-09-04,1817,Aqua,MODIS,40,61.03,292.1,47.9,N,0
-3.4495,104.8506,306.3,3.4,1.7,2023-09-04,1817,Aqua,MODIS,68,61.03,292,39.9,N,0
-3.4544,104.8808,304.5,3.4,1.7,2023-09-04,1817,Aqua,MODIS,61,61.03,292.2,33.6,N,0
-3.5456,105.6449,311.4,1.5,1.2,2023-09-05,0636,Aqua,MODIS,46,61.03,294,7.8,D,0
-3.491,104.8887,322.2,1.7,1.3,2023-09-05,0636,Aqua,MODIS,50,61.03,297.7,27.3,D,0
-3.4939,104.8841,319.3,1.7,1.3,2023-09-05,0636,Aqua,MODIS,31,61.03,297.1,19.8,D,0
-3.4617,104.8641,327.6,1.7,1.3,2023-09-05,0636,Aqua,MODIS,76,61.03,296.8,40.6,D,0
-3.4638,104.8488,348.7,1.7,1.3,2023-09-05,0636,Aqua,MODIS,90,61.03,294.3,117,D,0
-3.3525,105.397,340,1.6,1.2,2023-09-05,0636,Aqua,MODIS,91,61.03,298.5,70.9,D,0
-3.3544,105.3832,322.8,1.6,1.2,2023-09-05,0636,Aqua,MODIS,69,61.03,295.8,26.7,D,0
-3.324,105.0213,351.9,1.7,1.3,2023-09-05,0636,Aqua,MODIS,96,61.03,298.2,123.2,D,0
-3.2648,105.3636,320.5,1.6,1.2,2023-09-05,0636,Aqua,MODIS,76,61.03,295.3,23.5,D,0
-3.2707,105.3217,336.6,1.6,1.2,2023-09-05,0636,Aqua,MODIS,89,61.03,294.1,60.7,D,0
-3.2596,105.3201,315.9,1.6,1.2,2023-09-05,0636,Aqua,MODIS,57,61.03,294.9,14.2,D,0
-3.1474,105.2923,314.6,1.6,1.2,2023-09-05,0636,Aqua,MODIS,68,61.03,294.9,13.9,D,0
-3.1344,105.3047,342.7,1.6,1.2,2023-09-05,0636,Aqua,MODIS,92,61.03,295.5,82.2,D,0
-3.1364,105.2908,352.1,1.6,1.2,2023-09-05,0636,Aqua,MODIS,96,61.03,298.8,119.5,D,0
-3.1234,105.3032,325.3,1.6,1.2,2023-09-05,0636,Aqua,MODIS,81,61.03,292.5,34.3,D,0
-3.1254,105.2892,334.7,1.6,1.2,2023-09-05,0636,Aqua,MODIS,88,61.03,294.4,58.2,D,0
-2.7958,106.5253,322.8,1.3,1.1,2023-09-05,0636,Aqua,MODIS,76,61.03,293.2,19.3,D,0
-2.7799,106.1283,346.4,1.4,1.2,2023-09-05,0636,Aqua,MODIS,94,61.03,296.1,76,D,0
-2.6755,106.5834,316.2,1.3,1.1,2023-09-05,0636,Aqua,MODIS,62,61.03,293.8,10.6,D,0
-2.7185,106.0644,316.9,1.4,1.2,2023-09-05,0636,Aqua,MODIS,71,61.03,296.4,13.3,D,0
-1.9254,105.333,311.2,1.5,1.2,2023-09-05,0636,Aqua,MODIS,63,61.03,274.9,16,D,0
-3.5168,104.8762,301.2,2,1.4,2023-09-05,1441,Terra,MODIS,38,61.03,274.8,15.9,N,0
-3.4775,104.8891,301,2,1.4,2023-09-05,1441,Terra,MODIS,30,61.03,275.4,14.5,N,0
-3.3549,105.0276,345.3,2,1.4,2023-09-05,1441,Terra,MODIS,100,61.03,277.3,144.2,N,0
-3.3572,105.0103,305.6,2,1.4,2023-09-05,1441,Terra,MODIS,22,61.03,272.5,20,N,0
-3.3185,105.0226,317.8,2,1.4,2023-09-05,1441,Terra,MODIS,91,61.03,270.2,43.4,N,0
-3.324,105.0344,306.3,2,1.4,2023-09-05,1441,Terra,MODIS,47,61.03,271.4,21.5,N,0
-3.3264,105.0172,314.2,2,1.4,2023-09-05,1441,Terra,MODIS,89,61.03,270.4,36.5,N,0
-3.3084,105.0025,306.1,1.1,1,2023-09-05,1858,Aqua,MODIS,67,61.03,278.9,9,N,0
-3.3098,105.0122,324.1,1.1,1,2023-09-05,1858,Aqua,MODIS,100,61.03,281.9,25.6,N,0
-3.3113,105.022,312.6,1.1,1,2023-09-05,1858,Aqua,MODIS,53,61.03,282.5,12,N,0
-3.3127,105.0318,310.4,1.1,1,2023-09-05,1858,Aqua,MODIS,61,61.03,282.7,10.4,N,0
-3.3206,105.0207,320.3,1.1,1,2023-09-05,1858,Aqua,MODIS,69,61.03,282.6,19.2,N,0
-3.322,105.0304,328.1,1.1,1,2023-09-05,1858,Aqua,MODIS,100,61.03,285,29.4,N,0
-3.35,105.0264,347.8,1.1,1,2023-09-05,1858,Aqua,MODIS,100,61.03,285,66.1,N,0
-3.3514,105.0362,347.6,1.1,1,2023-09-05,1858,Aqua,MODIS,100,61.03,286.4,65.8,N,0
-3.4759,104.8869,307.3,1.1,1,2023-09-05,1858,Aqua,MODIS,63,61.03,280.9,9.1,N,0
-3.4773,104.8966,317.6,1.1,1,2023-09-05,1858,Aqua,MODIS,95,61.03,282.2,18.4,N,0
-3.4866,104.8953,306.2,1.1,1,2023-09-05,1858,Aqua,MODIS,66,61.03,281.6,8.7,N,0
-3.4536,104.8689,321,1,1,2023-09-06,0303,Terra,MODIS,47,61.03,301,8.6,D,0
-1.9905,105.2157,314.2,1,1,2023-09-06,0303,Terra,MODIS,64,61.03,293.5,5.1,D,0
-3.118,105.2903,331.8,1,1,2023-09-06,0303,Terra,MODIS,85,61.03,296.4,26.7,D,0
-3.1193,105.2994,331.1,1,1,2023-09-06,0303,Terra,MODIS,84,61.03,296.2,26,D,0
-3.2315,105.1201,327.8,1,1,2023-09-06,0303,Terra,MODIS,81,61.03,296.5,20.6,D,0
-3.2404,105.1189,329,1,1,2023-09-06,0303,Terra,MODIS,82,61.03,296.6,21.6,D,0
-3.2707,105.3278,325.5,1,1,2023-09-06,0303,Terra,MODIS,79,61.03,296,16,D,0
-3.3477,105.0335,338.1,1,1,2023-09-06,0303,Terra,MODIS,73,61.03,300.2,30.6,D,0
-3.349,105.0425,330.2,1,1,2023-09-06,0303,Terra,MODIS,35,61.03,300.4,19,D,0
-3.4843,104.892,332.9,1,1,2023-09-06,0303,Terra,MODIS,85,61.03,301.5,23,D,0
-3.3545,105.0321,304.3,1.6,1.3,2023-09-06,1522,Terra,MODIS,59,61.03,275.6,13.5,N,0
-3.321,105.0271,301.3,1.6,1.3,2023-09-06,1522,Terra,MODIS,11,61.03,273.3,9,N,0
-3.3212,105.0215,303.5,1.6,1.3,2023-09-06,1522,Terra,MODIS,25,61.03,272.8,11.6,N,0
-3.3513,105.0288,305,1.1,1,2023-09-07,1844,Aqua,MODIS,49,61.03,292,6.9,N,0
-3.2484,105.0084,335.2,1.3,1.1,2023-09-08,0247,Terra,MODIS,77,61.03,297.3,39.6,D,0
-3.2886,104.9365,315.9,1.3,1.1,2023-09-08,0247,Terra,MODIS,41,61.03,294.2,11.6,D,0
-3.5708,105.5991,324,1.2,1.1,2023-09-08,0703,Aqua,MODIS,74,61.03,295.6,17.6,D,0
-3.3178,104.6775,328.1,1.1,1,2023-09-08,0703,Aqua,MODIS,68,61.03,304.6,16.8,D,0
-2.5939,106.4092,307,1.1,1.1,2023-09-08,1505,Terra,MODIS,66,61.03,293.8,6.6,N,0
-3.0583,107.5931,311.7,1.3,1.1,2023-09-08,1505,Terra,MODIS,76,61.03,294.6,12.6,N,0
-3.4326,104.7062,303.5,1,1,2023-09-08,1505,Terra,MODIS,40,61.03,293.3,4.2,N,0
-3.3509,105.0297,308.9,1,1,2023-09-08,1505,Terra,MODIS,74,61.03,294.5,6.9,N,0
-3.3521,105.0208,309.5,1,1,2023-09-08,1505,Terra,MODIS,76,61.03,293.9,7.3,N,0
-3.1289,105.1041,306.7,1,1,2023-09-08,1505,Terra,MODIS,65,61.03,294.2,5.5,N,0
-1.8692,105.9425,312.2,1.1,1,2023-09-08,1506,Terra,MODIS,83,61.03,293.7,10.2,N,0
-1.8706,105.9329,318.2,1.1,1,2023-09-08,1506,Terra,MODIS,96,61.03,293.8,15.8,N,0
-2.5536,106.1915,308.6,3,1.7,2023-09-09,0327,Terra,MODIS,36,61.03,289.7,25.4,D,0
-2.9593,105.4862,307.9,2.7,1.6,2023-09-09,0327,Terra,MODIS,33,61.03,290.9,18.2,D,0
-2.9626,105.51,307.6,2.7,1.6,2023-09-09,0327,Terra,MODIS,35,61.03,289,18.6,D,0
-3.5689,105.5851,308.5,2.8,1.6,2023-09-09,0327,Terra,MODIS,23,61.03,291.1,24.9,D,0
-3.1174,105.1043,303.7,1.9,1.3,2023-09-09,1829,Aqua,MODIS,57,61.03,291.9,11.4,N,0
-3.3522,105.0389,305.3,1.9,1.3,2023-09-09,1829,Aqua,MODIS,64,61.03,290.8,17.8,N,0
-3.3585,105.0325,304.2,1.9,1.3,2023-09-09,1829,Aqua,MODIS,47,61.03,290.7,15.1,N,0
-3.3559,105.0331,338.5,2.7,1.6,2023-09-10,0230,Terra,MODIS,89,61.03,294.9,140.2,D,0
-3.5543,105.228,313,2.6,1.5,2023-09-10,0230,Terra,MODIS,62,61.03,294.6,20.7,D,0
-3.5506,105.2446,316.3,2.6,1.5,2023-09-10,0230,Terra,MODIS,32,61.03,295,28.2,D,0
-3.5492,105.23,321.2,1.1,1,2023-09-10,0648,Aqua,MODIS,48,61.03,298.3,12.6,D,0
-3.599,104.8852,327.7,1.1,1,2023-09-10,0648,Aqua,MODIS,80,61.03,300.3,19,D,0
-3.539,104.9063,323.5,1.1,1,2023-09-10,0648,Aqua,MODIS,49,61.03,303.5,13.1,D,0
-3.5404,104.8966,328.1,1.1,1,2023-09-10,0648,Aqua,MODIS,81,61.03,302.4,18.6,D,0
-3.5171,104.8769,319.7,1.1,1,2023-09-10,0648,Aqua,MODIS,28,61.03,302.6,9.6,D,0
-3.3555,105.0349,351.5,1.1,1,2023-09-10,0648,Aqua,MODIS,96,61.03,305.4,60.3,D,0
-3.3569,105.0254,354.8,1.1,1,2023-09-10,0648,Aqua,MODIS,97,61.03,305.6,69.5,D,0
-3.2726,104.9675,325.1,1.1,1,2023-09-10,0648,Aqua,MODIS,77,61.03,300.3,17.5,D,0
-2.959,106.894,317.7,1,1,2023-09-10,0648,Aqua,MODIS,51,61.03,298.3,7.8,D,0
-2.9603,106.8851,323.9,1,1,2023-09-10,0648,Aqua,MODIS,76,61.03,298,14.2,D,0
-3.1381,105.1368,325.5,1.1,1,2023-09-10,0648,Aqua,MODIS,72,61.03,297.9,16.5,D,0
-3.1597,104.9848,321.2,1.1,1,2023-09-10,0648,Aqua,MODIS,46,61.03,301.2,11,D,0
-3.1611,104.9752,324.5,1.1,1,2023-09-10,0648,Aqua,MODIS,66,61.03,299.9,13.7,D,0
-3.1289,105.1354,318.1,1.1,1,2023-09-10,0648,Aqua,MODIS,47,61.03,297.1,8.5,D,0
-3.1519,104.9739,373.9,1.1,1,2023-09-10,0648,Aqua,MODIS,100,61.03,297.2,132.7,D,0
-3.1074,105.0969,322.1,1.1,1,2023-09-10,0648,Aqua,MODIS,55,61.03,300.3,14,D,0
-2.8939,106.5102,318.4,1,1,2023-09-10,0648,Aqua,MODIS,63,61.03,301.5,8.5,D,0
-3.1037,105.0577,325,1.1,1,2023-09-10,0648,Aqua,MODIS,57,61.03,304.4,15.3,D,0
-2.9043,106.3758,320.3,1,1,2023-09-10,0648,Aqua,MODIS,71,61.03,299.4,9.4,D,0
-3.0945,105.0563,321.9,1.1,1,2023-09-10,0648,Aqua,MODIS,40,61.03,300.4,12.2,D,0
-3.1635,104.5097,324.2,1.1,1.1,2023-09-10,0648,Aqua,MODIS,71,61.03,297.5,16.3,D,0
-2.8014,106.3914,313.5,1,1,2023-09-10,0648,Aqua,MODIS,35,61.03,296.4,6.3,D,0
-2.7472,106.2501,318.1,1,1,2023-09-10,0648,Aqua,MODIS,67,61.03,299.7,7.2,D,0
-2.6314,106.4811,327.9,1,1,2023-09-10,0648,Aqua,MODIS,80,61.03,298.5,18.2,D,0
-2.6738,106.1248,363.7,1,1,2023-09-10,0648,Aqua,MODIS,100,61.03,300.1,88.8,D,0
-2.6751,106.1159,373.5,1,1,2023-09-10,0648,Aqua,MODIS,100,61.03,301,120.9,D,0
-2.683,105.9348,315.8,1,1,2023-09-10,0648,Aqua,MODIS,45,61.03,296.5,5.8,D,0
-2.6843,105.9258,323.6,1,1,2023-09-10,0648,Aqua,MODIS,75,61.03,297.5,13.3,D,0
-2.5843,106.4924,318.4,1,1,2023-09-10,0648,Aqua,MODIS,66,61.03,300.7,6,D,0
-2.5856,106.4835,322,1,1,2023-09-10,0648,Aqua,MODIS,73,61.03,301.2,9.7,D,0
-2.5607,106.3919,319.1,1,1,2023-09-10,0648,Aqua,MODIS,53,61.03,298.9,9.1,D,0
-2.5609,106.2018,317.1,1,1,2023-09-10,0648,Aqua,MODIS,63,61.03,298.6,5.6,D,0
-2.3923,106.156,322.7,1,1,2023-09-10,0648,Aqua,MODIS,74,61.03,296.1,13.6,D,0
-1.9536,106.0712,321.5,1,1,2023-09-10,0649,Aqua,MODIS,73,61.03,300.2,8.7,D,0
-3.3524,105.0388,317.3,1.4,1.2,2023-09-10,1449,Terra,MODIS,95,61.03,295.4,22,N,0
-3.3541,105.0265,345.6,1.4,1.2,2023-09-10,1449,Terra,MODIS,100,61.03,298.1,84.2,N,0
-3.3558,105.0142,331.3,1.4,1.2,2023-09-10,1449,Terra,MODIS,100,61.03,295.2,47,N,0
-3.3478,105.0193,320,1.4,1.2,2023-09-10,1449,Terra,MODIS,100,61.03,295,26.1,N,0
-3.1108,105.0984,304.9,1.4,1.2,2023-09-10,1449,Terra,MODIS,62,61.03,293,6.8,N,0
-3.1588,104.5131,307,1.5,1.2,2023-09-10,1449,Terra,MODIS,70,61.03,285.8,12.8,N,0
-3.0836,104.7093,305.8,1.4,1.2,2023-09-10,1449,Terra,MODIS,66,61.03,293,8.8,N,0
-2.7429,106.1448,305.5,1.2,1.1,2023-09-10,1449,Terra,MODIS,65,61.03,294.1,6.1,N,0
-3.3494,105.0447,306.6,1.7,1.3,2023-09-10,1911,Aqua,MODIS,69,61.03,285.7,18.9,N,0
-3.3472,105.0294,312.2,1.7,1.3,2023-09-10,1911,Aqua,MODIS,84,61.03,287.8,27.1,N,0
-3.1235,105.1072,311.2,1.2,1.1,2023-09-11,0311,Terra,MODIS,61,61.03,287.2,9.5,D,0
-3.125,105.1182,307.8,1.2,1.1,2023-09-11,0311,Terra,MODIS,34,61.03,284.9,6.1,D,0
-3.2642,104.9595,327.2,1.2,1.1,2023-09-11,0311,Terra,MODIS,82,61.03,288.2,29.2,D,0
-3.2657,104.9703,326.6,1.2,1.1,2023-09-11,0311,Terra,MODIS,82,61.03,285.6,28.4,D,0
-3.2676,104.9643,331.6,1.2,1.1,2023-09-11,0311,Terra,MODIS,86,61.03,287.2,37.9,D,0
-3.3444,105.443,330.6,1.3,1.1,2023-09-11,0311,Terra,MODIS,71,61.03,298.8,36.4,D,0
-3.3544,105.4416,337.2,1.3,1.1,2023-09-11,0311,Terra,MODIS,89,61.03,297.9,50.4,D,0
-3.3549,105.0185,318.2,1.2,1.1,2023-09-11,0311,Terra,MODIS,50,61.03,285.6,15.3,D,0
-3.3565,105.0294,328,1.2,1.1,2023-09-11,0311,Terra,MODIS,83,61.03,289.3,29.3,D,0
-3.4249,104.7025,327.3,1.2,1.1,2023-09-11,0311,Terra,MODIS,83,61.03,300.7,22.8,D,0
-2.7787,105.5849,315.6,3.9,1.8,2023-09-11,0730,Aqua,MODIS,42,61.03,295.5,58.4,D,0
-3.5664,105.5916,314,3.8,1.8,2023-09-11,0730,Aqua,MODIS,61,61.03,292.8,46.3,D,0
-3.5843,104.9042,317.4,3.4,1.7,2023-09-11,0730,Aqua,MODIS,68,61.03,295.6,44.4,D,0
-3.3657,105.4366,322.2,3.8,1.8,2023-09-11,0730,Aqua,MODIS,74,61.03,294.7,83.6,D,0
-3.3709,105.4035,315.7,3.7,1.8,2023-09-11,0730,Aqua,MODIS,39,61.03,294.6,41.3,D,0
-3.1601,104.5109,324.4,3.2,1.7,2023-09-11,0730,Aqua,MODIS,63,61.03,298.4,75.7,D,0
-3.1568,104.5318,314.1,3.2,1.7,2023-09-11,0730,Aqua,MODIS,56,61.03,296.1,22.6,D,0
-3.0557,105.2953,314.1,3.7,1.8,2023-09-11,0730,Aqua,MODIS,56,61.03,295.5,44.9,D,0
-2.7732,105.6198,314.7,4,1.9,2023-09-11,0730,Aqua,MODIS,20,61.03,295.6,50.3,D,0
-3.5165,104.6604,301.5,2.2,1.4,2023-09-11,1529,Terra,MODIS,40,61.03,290.9,9.5,N,0
-3.4335,104.8608,302.8,2.2,1.5,2023-09-11,1529,Terra,MODIS,51,61.03,291.1,13.7,N,0
-3.3567,105.0282,308.1,2.3,1.5,2023-09-11,1529,Terra,MODIS,74,61.03,291.7,24.3,N,0
-3.2142,105.2809,308.5,2.4,1.5,2023-09-11,1529,Terra,MODIS,75,61.03,291.3,26.6,N,0
-3.1567,104.5181,311.5,2.1,1.4,2023-09-11,1529,Terra,MODIS,83,61.03,292.4,27.8,N,0
-3.2508,105.1111,308.6,1.8,1.3,2023-09-12,0634,Aqua,MODIS,42,61.03,286.5,13,D,0
-2.5417,105.0828,315.4,1.8,1.3,2023-09-12,0634,Aqua,MODIS,0,61.03,291.1,15.1,D,0
-3.217,105.2889,302.4,2.8,1.6,2023-09-12,1432,Terra,MODIS,27,61.03,287.7,15.4,N,0
-3.4383,104.86,302.2,3,1.7,2023-09-12,1432,Terra,MODIS,25,61.03,291,20.3,N,0
-3.2127,105.2831,302.9,2.8,1.6,2023-09-12,1432,Terra,MODIS,52,61.03,287.8,18.1,N,0
-3.1986,105.2812,301.4,2.8,1.6,2023-09-12,1432,Terra,MODIS,40,61.03,287.8,14.4,N,0
-3.1478,105.0914,304.2,2.9,1.6,2023-09-12,1432,Terra,MODIS,56,61.03,291.9,22.1,N,0
-3.1505,104.5201,303.3,3.2,1.7,2023-09-12,1432,Terra,MODIS,30,61.03,292.1,26.8,N,0
-1.8624,105.9702,309.9,2.3,1.5,2023-09-12,1433,Terra,MODIS,79,61.03,292.1,26.7,N,0
-1.8647,105.9652,306.6,2.3,1.5,2023-09-12,1433,Terra,MODIS,69,61.03,292.1,19.3,N,0
-3.349,105.0395,310.3,1,1,2023-09-12,1856,Aqua,MODIS,46,61.03,295,9.1,N,0
-3.1363,105.0889,315.9,1,1,2023-09-12,1856,Aqua,MODIS,92,61.03,294.6,13.9,N,0
-3.1377,105.0982,306.2,1.1,1,2023-09-12,1856,Aqua,MODIS,67,61.03,293.6,6.1,N,0
-3.2004,105.2836,307.9,1.1,1,2023-09-12,1856,Aqua,MODIS,23,61.03,294,7.2,N,0
-3.211,105.2918,307.1,1.1,1,2023-09-12,1856,Aqua,MODIS,35,61.03,294.2,6.5,N,0
-3.2124,105.3012,306.5,1.1,1,2023-09-12,1856,Aqua,MODIS,24,61.03,294.3,6.1,N,0
-3.154,104.7139,309.2,1,1,2023-09-12,1856,Aqua,MODIS,77,61.03,278.1,10.5,N,0
-3.1528,104.5201,316,1,1,2023-09-12,1856,Aqua,MODIS,92,61.03,296,13.6,N,0
-3.1542,104.5291,313.3,1,1,2023-09-12,1856,Aqua,MODIS,87,61.03,295.3,11.3,N,0
-3.3186,105.0125,353.2,1,1,2023-09-12,1856,Aqua,MODIS,100,61.03,297.7,72.8,N,0
-3.32,105.0217,328.4,1,1,2023-09-12,1856,Aqua,MODIS,100,61.03,295.8,26.9,N,0
-3.3399,105.0408,308.8,1,1,2023-09-12,1856,Aqua,MODIS,66,61.03,293.5,8.1,N,0
-3.3463,105.0209,305.5,1,1,2023-09-12,1856,Aqua,MODIS,39,61.03,293.2,6.2,N,0
-3.3477,105.0302,313.4,1,1,2023-09-12,1856,Aqua,MODIS,87,61.03,295.3,11.9,N,0
-3.4147,104.8542,307.9,1,1,2023-09-12,1856,Aqua,MODIS,23,61.03,292.8,7,N,0
-3.416,104.8634,313,1,1,2023-09-12,1856,Aqua,MODIS,73,61.03,292.3,11,N,0
-3.4355,104.87,308.5,1,1,2023-09-12,1856,Aqua,MODIS,45,61.03,293.2,8,N,0
-2.2546,106.2176,319.4,1,1,2023-09-13,0254,Terra,MODIS,0,61.03,300.9,8.2,D,0
-2.6115,106.706,317.9,1,1,2023-09-13,0254,Terra,MODIS,63,61.03,301.2,6.4,D,0
-3.0659,105.3947,314.8,1,1,2023-09-13,0254,Terra,MODIS,39,61.03,298.6,7.4,D,0
-3.1411,105.0894,333.5,1,1,2023-09-13,0254,Terra,MODIS,85,61.03,301.2,27.7,D,0
-3.2072,105.2882,317.7,1,1,2023-09-13,0254,Terra,MODIS,42,61.03,296.9,8.8,D,0
-3.177,104.8312,320.6,1.1,1,2023-09-13,0254,Terra,MODIS,50,61.03,298.7,9.6,D,0
-3.3251,105.0225,329.6,1,1,2023-09-13,0254,Terra,MODIS,65,61.03,300.5,18.4,D,0
-3.3461,105.0412,328.3,1,1,2023-09-13,0254,Terra,MODIS,48,61.03,302.6,16.9,D,0
-3.4147,104.6923,319.5,1.1,1,2023-09-13,0254,Terra,MODIS,58,61.03,299,8.3,D,0
-3.3782,105.4053,323.1,1.9,1.3,2023-09-13,0715,Aqua,MODIS,43,61.03,301.5,26.8,D,0
-3.4496,104.6921,317.6,1.7,1.3,2023-09-13,0715,Aqua,MODIS,40,61.03,294.3,14.3,D,0
-3.3549,105.0307,324.6,1.8,1.3,2023-09-13,0715,Aqua,MODIS,49,61.03,299.5,28.3,D,0
-3.2737,105.3327,322,1.9,1.3,2023-09-13,0715,Aqua,MODIS,51,61.03,299.1,23.6,D,0
-3.3223,105.0097,336.7,1.8,1.3,2023-09-13,0715,Aqua,MODIS,87,61.03,302.1,64.9,D,0
-3.2618,105.3309,327.3,1.9,1.3,2023-09-13,0715,Aqua,MODIS,64,61.03,300.9,37.6,D,0
-3.2247,105.2842,328.7,1.9,1.3,2023-09-13,0715,Aqua,MODIS,68,61.03,299.8,43.7,D,0
-3.2128,105.2824,332,1.9,1.3,2023-09-13,0715,Aqua,MODIS,83,61.03,299.1,55.4,D,0
-3.2009,105.2806,329.9,1.9,1.3,2023-09-13,0715,Aqua,MODIS,81,61.03,298.2,48.6,D,0
-3.1699,104.7233,324.6,1.7,1.3,2023-09-13,0715,Aqua,MODIS,58,61.03,300.8,22,D,0
-3.1608,104.7066,327.9,1.7,1.3,2023-09-13,0715,Aqua,MODIS,67,61.03,297.4,29.5,D,0
-3.0883,105.0265,326.9,1.8,1.3,2023-09-13,0715,Aqua,MODIS,67,61.03,295.1,37.4,D,0
-3.0766,105.0247,337.5,1.8,1.3,2023-09-13,0715,Aqua,MODIS,82,61.03,295.1,71.9,D,0
-3.1165,104.6929,324.3,1.7,1.3,2023-09-13,0715,Aqua,MODIS,74,61.03,301,26.9,D,0
-2.8309,106.5234,317.5,2.4,1.5,2023-09-13,0715,Aqua,MODIS,33,61.03,297.4,25.4,D,0
-3.3521,105.0334,309.2,1.2,1.1,2023-09-13,1513,Terra,MODIS,76,61.03,295.1,9.6,N,0
-3.5251,104.8761,303.2,1.1,1.1,2023-09-13,1513,Terra,MODIS,53,61.03,292.9,5.2,N,0
-3.4344,104.8669,313.9,1.1,1.1,2023-09-13,1513,Terra,MODIS,88,61.03,294.9,13.7,N,0
-3.4358,104.8567,306.3,1.1,1.1,2023-09-13,1513,Terra,MODIS,62,61.03,293.8,6.9,N,0
-3.4154,104.8641,306.9,1.1,1.1,2023-09-13,1513,Terra,MODIS,69,61.03,293.1,7.2,N,0
-3.3536,105.023,310.9,1.2,1.1,2023-09-13,1513,Terra,MODIS,81,61.03,295.5,11.1,N,0
-3.3345,105.0202,313.1,1.2,1.1,2023-09-13,1513,Terra,MODIS,74,61.03,295.5,11.8,N,0
-3.3299,105.0244,324.8,1.2,1.1,2023-09-13,1513,Terra,MODIS,100,61.03,296,27.4,N,0
-3.3314,105.014,326.2,1.2,1.1,2023-09-13,1513,Terra,MODIS,100,61.03,296.4,28.5,N,0
-3.3203,105.023,311,1.2,1.1,2023-09-13,1513,Terra,MODIS,81,61.03,294.6,11.5,N,0
-3.3218,105.0126,337.7,1.2,1.1,2023-09-13,1513,Terra,MODIS,100,61.03,298.7,48,N,0
-3.3233,105.0022,313,1.2,1.1,2023-09-13,1513,Terra,MODIS,86,61.03,295.6,12.5,N,0
-3.2671,105.3291,313.1,1.2,1.1,2023-09-13,1513,Terra,MODIS,86,61.03,294.8,13.8,N,0
-3.3122,105.0112,334.3,1.2,1.1,2023-09-13,1513,Terra,MODIS,100,61.03,296.9,41.8,N,0
-3.3137,105.0008,335.4,1.2,1.1,2023-09-13,1513,Terra,MODIS,100,61.03,298.1,43.9,N,0
-3.3151,104.9905,304.8,1.2,1.1,2023-09-13,1513,Terra,MODIS,60,61.03,294.7,6.1,N,0
-3.3041,104.9995,312.8,1.2,1.1,2023-09-13,1513,Terra,MODIS,85,61.03,293.9,12.8,N,0
-3.223,105.2896,311.7,1.2,1.1,2023-09-13,1513,Terra,MODIS,83,61.03,295,11.6,N,0
-3.2477,105.1192,310.6,1.2,1.1,2023-09-13,1513,Terra,MODIS,80,61.03,294.5,10.8,N,0
-3.2492,105.1087,304.2,1.2,1.1,2023-09-13,1513,Terra,MODIS,37,61.03,294,5.3,N,0
-3.2035,105.2868,305.8,1.2,1.1,2023-09-13,1513,Terra,MODIS,45,61.03,294.1,6.1,N,0
-3.205,105.276,313.2,1.2,1.1,2023-09-13,1513,Terra,MODIS,86,61.03,294.8,12.9,N,0
-3.2019,105.2802,313.3,1.2,1.1,2023-09-13,1513,Terra,MODIS,86,61.03,294.6,13.5,N,0
-3.1502,105.088,306.2,1.2,1.1,2023-09-13,1513,Terra,MODIS,66,61.03,294.4,6.8,N,0
-3.1518,105.0775,308.2,1.2,1.1,2023-09-13,1513,Terra,MODIS,73,61.03,294.2,8.5,N,0
-3.1406,105.0865,314.4,1.2,1.1,2023-09-13,1513,Terra,MODIS,89,61.03,294.8,13.8,N,0
-3.1697,104.7175,319.6,1.1,1.1,2023-09-13,1513,Terra,MODIS,99,61.03,293.2,18.6,N,0
-3.1712,104.7074,325.8,1.1,1.1,2023-09-13,1513,Terra,MODIS,100,61.03,294.3,26.4,N,0
-3.1726,104.6974,309.4,1.1,1.1,2023-09-13,1513,Terra,MODIS,77,61.03,294,8.9,N,0
-3.1077,105.0866,334.1,1.2,1.1,2023-09-13,1513,Terra,MODIS,100,61.03,297.2,42.6,N,0
-3.1092,105.0761,319.7,1.2,1.1,2023-09-13,1513,Terra,MODIS,99,61.03,295.4,20.6,N,0
-3.1589,104.7262,308.4,1.1,1.1,2023-09-13,1513,Terra,MODIS,74,61.03,293.2,9,N,0
-3.1603,104.7161,305.4,1.1,1.1,2023-09-13,1513,Terra,MODIS,51,61.03,293.2,6,N,0
-3.1617,104.706,314.2,1.1,1.1,2023-09-13,1513,Terra,MODIS,80,61.03,293.6,12.6,N,0
-3.1632,104.696,323.7,1.1,1.1,2023-09-13,1513,Terra,MODIS,100,61.03,294.6,23.5,N,0
-3.098,105.0852,308.8,1.2,1.1,2023-09-13,1513,Terra,MODIS,75,61.03,293.3,10.2,N,0
-3.0995,105.0747,312.1,1.2,1.1,2023-09-13,1513,Terra,MODIS,84,61.03,294.2,13.3,N,0
-3.1348,104.6919,305.8,1.1,1.1,2023-09-13,1513,Terra,MODIS,64,61.03,293.1,6.3,N,0
-3.1363,104.6819,309.2,1.1,1.1,2023-09-13,1513,Terra,MODIS,76,61.03,293.4,9,N,0
-2.6418,106.266,304.2,1.4,1.2,2023-09-13,1513,Terra,MODIS,58,61.03,291.7,8.4,N,0
-2.6437,106.2533,305.6,1.4,1.2,2023-09-13,1513,Terra,MODIS,65,61.03,291,9.8,N,0
-2.8153,104.6212,317.5,1.1,1.1,2023-09-13,1513,Terra,MODIS,95,61.03,293.3,17.2,N,0
-3.4624,105.4105,312.3,3.4,1.7,2023-09-14,0619,Aqua,MODIS,62,61.03,290.8,38,D,0
-3.385,105.3997,325.4,3.4,1.7,2023-09-14,0619,Aqua,MODIS,77,61.03,293.8,99,D,0
-3.4208,105.3999,312.2,3.4,1.7,2023-09-14,0619,Aqua,MODIS,34,61.03,291.5,33.5,D,0
-3.3898,105.3957,316.4,3.4,1.7,2023-09-14,0619,Aqua,MODIS,25,61.03,292.3,47.4,D,0
-3.4739,105.4193,312.4,3.4,1.7,2023-09-14,0619,Aqua,MODIS,63,61.03,291,35.7,D,0
-3.3966,104.8814,348.7,3.8,1.8,2023-09-14,0619,Aqua,MODIS,82,61.03,291.6,363.5,D,0
-3.3997,104.9086,319,3.7,1.8,2023-09-14,0619,Aqua,MODIS,74,61.03,290.6,68.3,D,0
-3.4045,104.8755,345.1,3.8,1.8,2023-09-14,0619,Aqua,MODIS,93,61.03,291,314.4,D,0
-3.3333,105.032,319.4,3.6,1.8,2023-09-14,0619,Aqua,MODIS,40,61.03,293.6,60.1,D,0
-3.3378,104.9998,320.6,3.7,1.8,2023-09-14,0619,Aqua,MODIS,50,61.03,293.8,68.6,D,0
-3.2783,105.3115,314,3.4,1.7,2023-09-14,0619,Aqua,MODIS,65,61.03,292.1,39.8,D,0
-3.3219,104.9976,322.1,3.7,1.8,2023-09-14,0619,Aqua,MODIS,47,61.03,292.4,76.4,D,0
-3.1331,104.6888,313.7,3.8,1.8,2023-09-14,0619,Aqua,MODIS,56,61.03,291.6,44,D,0
-2.1756,105.8189,310.4,3,1.7,2023-09-14,0619,Aqua,MODIS,25,61.03,290.6,21.4,D,0
-2.1747,105.8118,313.7,3,1.7,2023-09-14,0619,Aqua,MODIS,45,61.03,290.2,34.7,D,0
-2.8079,104.6296,310.2,1.2,1.1,2023-09-14,1842,Aqua,MODIS,79,61.03,291.2,11.5,N,0
-2.8178,104.6282,308.8,1.2,1.1,2023-09-14,1842,Aqua,MODIS,76,61.03,290.7,10.6,N,0
-3.1011,105.0843,302.6,1.2,1.1,2023-09-14,1842,Aqua,MODIS,50,61.03,289.1,6,N,0
-3.1409,105.0889,305.7,1.2,1.1,2023-09-14,1842,Aqua,MODIS,65,61.03,290.5,7.4,N,0
-3.1449,105.0826,303.5,1.2,1.1,2023-09-14,1842,Aqua,MODIS,56,61.03,290.7,6.6,N,0
-3.1371,104.7073,306,1.2,1.1,2023-09-14,1842,Aqua,MODIS,66,61.03,290.6,8.5,N,0
-3.1387,104.7181,302.7,1.2,1.1,2023-09-14,1842,Aqua,MODIS,51,61.03,291.1,5.9,N,0
-3.2737,105.326,313.1,1.1,1.1,2023-09-14,1842,Aqua,MODIS,86,61.03,291.4,13.8,N,0
-3.2753,105.3359,306.1,1.1,1.1,2023-09-14,1842,Aqua,MODIS,67,61.03,290.5,7.9,N,0
-3.3021,104.9999,312.9,1.2,1.1,2023-09-14,1842,Aqua,MODIS,86,61.03,294.7,13,N,0
-3.3036,105.0103,312.6,1.2,1.1,2023-09-14,1842,Aqua,MODIS,85,61.03,294.4,12.6,N,0
-3.3052,105.0206,307.4,1.2,1.1,2023-09-14,1842,Aqua,MODIS,71,61.03,293.2,8.1,N,0
-3.3101,104.9882,311.8,1.2,1.1,2023-09-14,1842,Aqua,MODIS,83,61.03,292.7,12.8,N,0
-3.3117,104.9985,315.2,1.2,1.1,2023-09-14,1842,Aqua,MODIS,91,61.03,293.7,15.1,N,0
-3.3132,105.0089,321.9,1.2,1.1,2023-09-14,1842,Aqua,MODIS,100,61.03,295.5,22,N,0
-3.3147,105.0192,322.4,1.2,1.1,2023-09-14,1842,Aqua,MODIS,92,61.03,295,22,N,0
-3.3186,105.013,319.7,1.2,1.1,2023-09-14,1842,Aqua,MODIS,99,61.03,295.1,19.7,N,0
-3.3202,105.0233,313.6,1.2,1.1,2023-09-14,1842,Aqua,MODIS,34,61.03,294.2,12.4,N,0
-3.3298,105.0219,329.7,1.2,1.1,2023-09-14,1842,Aqua,MODIS,100,61.03,295.1,33.2,N,0
-3.3409,105.0308,324.7,1.2,1.1,2023-09-14,1842,Aqua,MODIS,100,61.03,294.5,25.8,N,0
-3.3425,105.0411,315.2,1.2,1.1,2023-09-14,1842,Aqua,MODIS,69,61.03,293.7,14.7,N,0
-3.3505,105.0294,307.1,1.2,1.1,2023-09-14,1842,Aqua,MODIS,43,61.03,293.1,8.2,N,0
-3.3878,104.8859,307.5,1.2,1.1,2023-09-14,1842,Aqua,MODIS,72,61.03,293.4,8.8,N,0
-3.3895,104.8788,313.5,1.2,1.1,2023-09-14,1842,Aqua,MODIS,87,61.03,293.6,14.9,N,0
-3.3911,104.8892,312.7,1.2,1.1,2023-09-14,1842,Aqua,MODIS,86,61.03,293.4,14.2,N,0
-3.5051,104.8987,312.4,1.2,1.1,2023-09-14,1842,Aqua,MODIS,85,61.03,291.4,13.3,N,0
-3.5659,104.911,301.6,1.2,1.1,2023-09-14,1842,Aqua,MODIS,43,61.03,291.3,5.3,N,0
-3.5675,104.9214,305.8,1.2,1.1,2023-09-14,1842,Aqua,MODIS,66,61.03,291.2,8.4,N,0
-3.0531,105.3037,317,1.8,1.3,2023-09-15,0238,Terra,MODIS,31,61.03,298.8,19.2,D,0
-3.0366,104.9824,316.2,1.9,1.4,2023-09-15,0238,Terra,MODIS,65,61.03,292.5,21,D,0
-3.0391,104.9992,318.1,1.9,1.3,2023-09-15,0238,Terra,MODIS,70,61.03,290.2,26.3,D,0
-3.1224,104.6986,357.3,2,1.4,2023-09-15,0238,Terra,MODIS,98,61.03,298.1,196.2,D,0
-3.1251,104.7162,329,2,1.4,2023-09-15,0238,Terra,MODIS,82,61.03,296.3,50.5,D,0
-3.1347,104.6968,332.2,2,1.4,2023-09-15,0238,Terra,MODIS,85,61.03,298.7,64.1,D,0
-3.1373,104.7145,322.4,2,1.4,2023-09-15,0238,Terra,MODIS,76,61.03,298,30.1,D,0
-3.2743,105.3332,317.7,1.8,1.3,2023-09-15,0238,Terra,MODIS,39,61.03,297.4,16.7,D,0
-3.2859,105.3316,330.2,1.8,1.3,2023-09-15,0238,Terra,MODIS,83,61.03,298.5,49.1,D,0
-3.3106,105.015,322.3,1.9,1.3,2023-09-15,0238,Terra,MODIS,38,61.03,297.6,26.6,D,0
-3.3162,105.0073,325.6,1.9,1.3,2023-09-15,0238,Terra,MODIS,49,61.03,297.4,34.1,D,0
-3.3774,105.4067,318.9,1.8,1.3,2023-09-15,0238,Terra,MODIS,28,61.03,300.7,17.6,D,0
-3.3798,105.422,323,1.7,1.3,2023-09-15,0238,Terra,MODIS,76,61.03,301.9,26.2,D,0
-3.3306,105.0221,334.5,1.9,1.3,2023-09-15,0238,Terra,MODIS,83,61.03,299.5,59.5,D,0
-3.345,105.0369,322.2,1.9,1.3,2023-09-15,0238,Terra,MODIS,30,61.03,297.6,25.3,D,0
-3.402,104.8861,318,1.9,1.4,2023-09-15,0238,Terra,MODIS,63,61.03,297.8,20.4,D,0
-3.5198,104.8963,328,1.9,1.3,2023-09-15,0238,Terra,MODIS,79,61.03,298.6,43.4,D,0
-3.57,104.9061,321.5,1.9,1.3,2023-09-15,0238,Terra,MODIS,64,61.03,298.2,26.7,D,0
-3.5725,104.9228,327.1,1.9,1.3,2023-09-15,0238,Terra,MODIS,80,61.03,298.1,42.4,D,0
-3.5664,104.9178,325.6,1.9,1.3,2023-09-15,0238,Terra,MODIS,79,61.03,298,38.5,D,0
-3.5783,104.9161,328.5,1.9,1.3,2023-09-15,0238,Terra,MODIS,82,61.03,298.6,48.8,D,0
-2.6882,106.0639,322.2,1.2,1.1,2023-09-15,0701,Aqua,MODIS,71,61.03,300.8,12.8,D,0
-3.5609,105.6329,318,1.1,1.1,2023-09-15,0701,Aqua,MODIS,49,61.03,300,7.5,D,0
-3.587,104.8998,324.8,1,1,2023-09-15,0701,Aqua,MODIS,67,61.03,306.2,10.9,D,0
-3.5752,104.917,335.1,1,1,2023-09-15,0701,Aqua,MODIS,85,61.03,305.9,24.8,D,0
-3.5661,104.9156,370.3,1,1,2023-09-15,0701,Aqua,MODIS,100,61.03,306.4,110.7,D,0
-3.5675,104.9064,344.8,1,1,2023-09-15,0701,Aqua,MODIS,92,61.03,305.2,40.6,D,0
-3.4954,105.3422,322.8,1.1,1,2023-09-15,0701,Aqua,MODIS,71,61.03,302,13.8,D,0
-3.4861,105.3408,325.4,1.1,1,2023-09-15,0701,Aqua,MODIS,75,61.03,300.7,16.1,D,0
-3.4429,105.5729,327.5,1.1,1.1,2023-09-15,0701,Aqua,MODIS,78,61.03,301.3,19.7,D,0
-3.4443,105.563,323.1,1.1,1,2023-09-15,0701,Aqua,MODIS,61,61.03,302.3,13.8,D,0
-3.4336,105.5715,320.7,1.1,1.1,2023-09-15,0701,Aqua,MODIS,63,61.03,300.5,11.5,D,0
-3.435,105.5616,321.8,1.1,1,2023-09-15,0701,Aqua,MODIS,66,61.03,301.6,12.6,D,0
-3.5322,104.8947,335.6,1,1,2023-09-15,0701,Aqua,MODIS,81,61.03,301.9,24.1,D,0
-3.5499,104.709,327,1,1,2023-09-15,0701,Aqua,MODIS,77,61.03,304,16.4,D,0
-3.4249,105.5001,319.4,1.1,1,2023-09-15,0701,Aqua,MODIS,64,61.03,299.8,11,D,0
-3.4192,105.4098,318.6,1.1,1,2023-09-15,0701,Aqua,MODIS,38,61.03,302.4,8.3,D,0
-3.5274,104.5474,339.1,1,1,2023-09-15,0701,Aqua,MODIS,88,61.03,300.6,33.9,D,0
-3.5288,104.5383,327.2,1,1,2023-09-15,0701,Aqua,MODIS,73,61.03,300.7,16.6,D,0
-3.3834,105.4185,328,1.1,1,2023-09-15,0701,Aqua,MODIS,52,61.03,305.3,15.8,D,0
-3.3677,105.3963,328,1.1,1,2023-09-15,0701,Aqua,MODIS,49,61.03,303.8,14.5,D,0
-3.3719,105.3673,330,1.1,1,2023-09-15,0701,Aqua,MODIS,80,61.03,300.1,22.8,D,0
-3.4461,104.8573,336.9,1,1,2023-09-15,0701,Aqua,MODIS,60,61.03,307.2,25.7,D,0
-3.3612,105.3756,373.2,1.1,1,2023-09-15,0701,Aqua,MODIS,100,61.03,299.2,133.1,D,0
-3.3626,105.366,354,1.1,1,2023-09-15,0701,Aqua,MODIS,97,61.03,299.2,70.8,D,0
-3.4266,104.8639,331.1,1,1,2023-09-15,0701,Aqua,MODIS,57,61.03,303.6,18,D,0
-3.4521,104.6889,325.4,1,1,2023-09-15,0701,Aqua,MODIS,75,61.03,304.2,12,D,0
-3.4535,104.6797,339.7,1,1,2023-09-15,0701,Aqua,MODIS,89,61.03,304.2,32.8,D,0
-3.4175,104.8625,326.1,1,1,2023-09-15,0701,Aqua,MODIS,71,61.03,300.7,13,D,0
-3.3461,105.0361,349.1,1.1,1,2023-09-15,0701,Aqua,MODIS,93,61.03,308.8,52.2,D,0
-3.3474,105.0267,362.2,1.1,1,2023-09-15,0701,Aqua,MODIS,100,61.03,306.8,86.9,D,0
-3.3704,104.868,328.1,1,1,2023-09-15,0701,Aqua,MODIS,62,61.03,299.9,17,D,0
-3.3383,105.0253,355.1,1.1,1,2023-09-15,0701,Aqua,MODIS,97,61.03,308.6,64.3,D,0
-3.2848,105.3283,332.2,1.1,1,2023-09-15,0701,Aqua,MODIS,68,61.03,305.7,21.8,D,0
-3.3305,105.0146,373.4,1.1,1,2023-09-15,0701,Aqua,MODIS,100,61.03,313,123.4,D,0
-3.3214,105.0133,351.4,1.1,1,2023-09-15,0701,Aqua,MODIS,86,61.03,306.7,54.8,D,0
-3.3227,105.0039,341.1,1.1,1,2023-09-15,0701,Aqua,MODIS,75,61.03,299.6,34,D,0
-3.3241,104.9945,336,1.1,1,2023-09-15,0701,Aqua,MODIS,81,61.03,298.4,28.4,D,0
-3.3072,104.9825,366.7,1.1,1,2023-09-15,0701,Aqua,MODIS,100,61.03,304.4,105,D,0
-3.3415,104.6848,322.3,1,1,2023-09-15,0701,Aqua,MODIS,40,61.03,296.4,10.7,D,0
-3.2541,105.216,318.3,1.1,1,2023-09-15,0701,Aqua,MODIS,52,61.03,302.1,7.6,D,0
-3.2985,104.9144,338.1,1.1,1,2023-09-15,0701,Aqua,MODIS,87,61.03,300.9,34.5,D,0
-3.3012,104.8958,317.9,1,1,2023-09-15,0701,Aqua,MODIS,36,61.03,298.5,8.1,D,0
-3.2267,105.2942,325.3,1.1,1,2023-09-15,0701,Aqua,MODIS,63,61.03,301.7,14.3,D,0
-3.3148,104.6845,321.1,1,1,2023-09-15,0701,Aqua,MODIS,35,61.03,301.8,8,D,0
-3.2175,105.2929,322.7,1.1,1,2023-09-15,0701,Aqua,MODIS,67,61.03,303,11.7,D,0
-3.2096,105.2819,328.9,1.1,1,2023-09-15,0701,Aqua,MODIS,79,61.03,303.8,19.3,D,0
-3.1129,105.6171,318,1.1,1.1,2023-09-15,0701,Aqua,MODIS,61,61.03,299.4,9.4,D,0
-3.1914,105.0845,320.1,1.1,1,2023-09-15,0701,Aqua,MODIS,66,61.03,303,8.6,D,0
-3.1369,105.2744,324.6,1.1,1,2023-09-15,0701,Aqua,MODIS,54,61.03,301.6,13,D,0
-3.129,105.2635,353.2,1.1,1,2023-09-15,0701,Aqua,MODIS,96,61.03,301.9,67,D,0
-3.1787,104.856,323.4,1,1,2023-09-15,0701,Aqua,MODIS,52,61.03,305.2,9.1,D,0
-2.9104,106.5604,317.5,1.3,1.1,2023-09-15,0701,Aqua,MODIS,58,61.03,300.3,10.1,D,0
-2.9121,106.5492,317.9,1.3,1.1,2023-09-15,0701,Aqua,MODIS,53,61.03,300.9,9.7,D,0
-2.9267,106.3813,321.1,1.2,1.1,2023-09-15,0701,Aqua,MODIS,69,61.03,301.9,11.7,D,0
-3.0898,105.2087,336.3,1.1,1,2023-09-15,0701,Aqua,MODIS,86,61.03,302.9,32.5,D,0
-3.0912,105.1992,328.8,1.1,1,2023-09-15,0701,Aqua,MODIS,79,61.03,301.7,21.2,D,0
-3.0968,105.161,330.3,1.1,1,2023-09-15,0701,Aqua,MODIS,81,61.03,301.5,22.6,D,0
-3.0982,105.1515,323.9,1.1,1,2023-09-15,0701,Aqua,MODIS,73,61.03,304.7,13.8,D,0
-3.1052,105.104,339.1,1.1,1,2023-09-15,0701,Aqua,MODIS,88,61.03,303.3,35.3,D,0
-2.9021,106.4114,344.9,1.2,1.1,2023-09-15,0701,Aqua,MODIS,92,61.03,302.9,59.3,D,0
-3.0924,105.0634,355.4,1.1,1,2023-09-15,0701,Aqua,MODIS,92,61.03,304.1,67.7,D,0
-3.0832,105.0621,351.9,1.1,1,2023-09-15,0701,Aqua,MODIS,96,61.03,301.5,60.9,D,0
-3.0846,105.0526,363,1.1,1,2023-09-15,0701,Aqua,MODIS,100,61.03,303.4,91.1,D,0
-3.086,105.0432,350,1.1,1,2023-09-15,0701,Aqua,MODIS,95,61.03,302.1,56.2,D,0
-3.1245,104.7818,346.7,1,1,2023-09-15,0701,Aqua,MODIS,76,61.03,298,50.6,D,0
-3.1407,104.6712,320,1,1,2023-09-15,0701,Aqua,MODIS,44,61.03,296.9,9.8,D,0
-3.0784,105.046,324.4,1.1,1,2023-09-15,0701,Aqua,MODIS,74,61.03,297.9,16.1,D,0
-3.1269,104.7104,346.5,1,1,2023-09-15,0701,Aqua,MODIS,93,61.03,299.7,48.8,D,0
-3.1058,104.7922,341,1,1,2023-09-15,0701,Aqua,MODIS,85,61.03,293.1,39.5,D,0
-3.1071,104.7829,330.8,1,1,2023-09-15,0701,Aqua,MODIS,77,61.03,296.2,23.4,D,0
-3.1178,104.7091,350.5,1,1,2023-09-15,0701,Aqua,MODIS,95,61.03,295.7,56.9,D,0
-3.1191,104.6999,348,1,1,2023-09-15,0701,Aqua,MODIS,94,61.03,297.8,51.1,D,0
-3.1205,104.6907,326.1,1,1,2023-09-15,0701,Aqua,MODIS,68,61.03,293.8,15.5,D,0
-3.0509,105.0419,316.5,1.1,1,2023-09-15,0701,Aqua,MODIS,33,61.03,295,8.4,D,0
-3.0353,105.0204,317.6,1.1,1,2023-09-15,0701,Aqua,MODIS,54,61.03,290.8,9.1,D,0
-3.0367,105.011,329.9,1.1,1,2023-09-15,0701,Aqua,MODIS,81,61.03,293.3,23.7,D,0
-3.0394,104.9921,328,1.1,1,2023-09-15,0701,Aqua,MODIS,79,61.03,294.8,20.7,D,0
-3.0303,104.9908,315.4,1.1,1,2023-09-15,0701,Aqua,MODIS,47,61.03,291.6,7,D,0
-3.0074,104.6393,322.1,1,1,2023-09-15,0701,Aqua,MODIS,0,61.03,294.5,14.6,D,0
-2.921,105.1033,328.1,1.1,1,2023-09-15,0701,Aqua,MODIS,79,61.03,291.9,23,D,0
-2.7352,105.4391,359.2,1.1,1.1,2023-09-15,0701,Aqua,MODIS,99,61.03,306.2,86.1,D,0
-2.7367,105.4293,347,1.1,1.1,2023-09-15,0701,Aqua,MODIS,93,61.03,304.9,52.4,D,0
-2.826,104.6192,318.4,1,1,2023-09-15,0701,Aqua,MODIS,53,61.03,299.2,8.3,D,0
-2.8156,104.627,319.5,1,1,2023-09-15,0701,Aqua,MODIS,67,61.03,299.3,9.3,D,0
-2.817,104.6178,317.6,1,1,2023-09-15,0701,Aqua,MODIS,60,61.03,299.3,7.6,D,0
-2.7213,105.2083,319.8,1.1,1,2023-09-15,0701,Aqua,MODIS,67,61.03,300.6,9.7,D,0
-2.4799,106.4319,332.6,1.3,1.1,2023-09-15,0701,Aqua,MODIS,63,61.03,299,29.6,D,0
-2.4816,106.4207,318.6,1.3,1.1,2023-09-15,0701,Aqua,MODIS,40,61.03,297.9,6.3,D,0
-2.5026,106.2769,325.7,1.2,1.1,2023-09-15,0701,Aqua,MODIS,75,61.03,303,15.1,D,0
-2.4356,106.2379,323.1,1.2,1.1,2023-09-15,0701,Aqua,MODIS,63,61.03,304.2,11.2,D,0
-2.4045,106.2444,322.2,1.2,1.1,2023-09-15,0701,Aqua,MODIS,62,61.03,302.5,10.1,D,0
-1.9792,105.3089,316.5,1.1,1.1,2023-09-15,0701,Aqua,MODIS,63,61.03,289.5,10.9,D,0
-1.7742,105.5845,321.2,1.2,1.1,2023-09-15,0701,Aqua,MODIS,61,61.03,299.3,12.7,D,0
-1.7757,105.5743,330.3,1.2,1.1,2023-09-15,0701,Aqua,MODIS,71,61.03,295.4,26.8,D,0
-1.581,105.5126,321.1,1.2,1.1,2023-09-15,0701,Aqua,MODIS,64,61.03,302.9,10.3,D,0
-3.5547,104.7065,305.2,1.1,1.1,2023-09-15,1456,Terra,MODIS,63,61.03,294.1,4.9,N,0
-3.3279,105.0198,343.1,1.1,1,2023-09-15,1456,Terra,MODIS,100,61.03,298,51,N,0
-3.3385,105.0115,316.7,1.1,1,2023-09-15,1456,Terra,MODIS,87,61.03,295.6,13.1,N,0
-3.3371,105.0211,338.4,1.1,1,2023-09-15,1456,Terra,MODIS,100,61.03,298,42,N,0
-3.3215,105.013,350.1,1.1,1,2023-09-15,1456,Terra,MODIS,100,61.03,299.6,68.2,N,0
-3.3358,105.0306,312.1,1.1,1,2023-09-15,1456,Terra,MODIS,21,61.03,294.8,8.6,N,0
-3.3477,105.0128,306.7,1.1,1,2023-09-15,1456,Terra,MODIS,45,61.03,294.2,6.1,N,0
-3.3464,105.0224,333.2,1.1,1,2023-09-15,1456,Terra,MODIS,100,61.03,297.4,34.5,N,0
-3.345,105.0319,353,1.1,1,2023-09-15,1456,Terra,MODIS,100,61.03,300.1,74.7,N,0
-3.3955,104.8721,314.7,1.1,1,2023-09-15,1456,Terra,MODIS,89,61.03,295.2,12.8,N,0
-3.3941,104.8818,313.9,1.1,1,2023-09-15,1456,Terra,MODIS,87,61.03,295.2,11.9,N,0
-3.4047,104.8734,306.5,1.1,1,2023-09-15,1456,Terra,MODIS,66,61.03,293.5,6.4,N,0
-3.3476,105.3495,304.3,1.1,1,2023-09-15,1456,Terra,MODIS,32,61.03,294.3,4.4,N,0
-3.3567,105.3508,306.4,1.1,1,2023-09-15,1456,Terra,MODIS,65,61.03,293.8,5.9,N,0
-3.3619,105.3799,304.2,1.1,1,2023-09-15,1456,Terra,MODIS,49,61.03,293.1,4.7,N,0
-3.4928,104.9018,305,1.1,1,2023-09-15,1456,Terra,MODIS,60,61.03,294.3,5.9,N,0
-3.5076,104.8643,303.6,1.1,1,2023-09-15,1456,Terra,MODIS,53,61.03,293.4,4.6,N,0
-3.5482,104.7099,308.2,1.1,1.1,2023-09-15,1456,Terra,MODIS,74,61.03,294.3,7.8,N,0
-3.3292,105.0102,347.6,1.1,1,2023-09-15,1456,Terra,MODIS,100,61.03,299.1,61,N,0
-3.5528,105.1316,305.4,1.1,1,2023-09-15,1456,Terra,MODIS,62,61.03,294.3,5.2,N,0
-2.8152,104.6188,304.6,1.1,1.1,2023-09-15,1456,Terra,MODIS,57,61.03,294.6,5,N,0
-2.8138,104.6287,304.5,1.1,1.1,2023-09-15,1456,Terra,MODIS,56,61.03,294.4,4.9,N,0
-3.0038,104.5871,304.5,1.1,1.1,2023-09-15,1456,Terra,MODIS,58,61.03,293.8,4.7,N,0
-2.7215,106.5973,311.3,1,1,2023-09-15,1456,Terra,MODIS,81,61.03,294.7,8,N,0
-3.1452,105.0791,306.5,1.1,1,2023-09-15,1456,Terra,MODIS,65,61.03,294.8,6,N,0
-3.1439,105.0885,305.1,1.1,1,2023-09-15,1456,Terra,MODIS,59,61.03,294.6,5,N,0
-3.1833,104.9384,304.1,1.1,1,2023-09-15,1456,Terra,MODIS,53,61.03,293.3,4.8,N,0
-3.5515,105.1411,320.9,1.1,1,2023-09-15,1456,Terra,MODIS,100,61.03,294.6,18.9,N,0
-3.182,104.9481,304.8,1.1,1,2023-09-15,1456,Terra,MODIS,57,61.03,293.5,5.3,N,0
-3.2165,105.2967,305.5,1.1,1,2023-09-15,1456,Terra,MODIS,61,61.03,294.5,4.9,N,0
-3.298,104.9117,306.6,1.1,1,2023-09-15,1456,Terra,MODIS,65,61.03,293.4,7,N,0
-3.3071,104.9817,338.6,1.1,1,2023-09-15,1456,Terra,MODIS,100,61.03,298.2,44.1,N,0
-3.3057,104.9913,380.3,1.1,1,2023-09-15,1456,Terra,MODIS,100,61.03,306.3,171.7,N,0
-3.3044,105.0008,351.7,1.1,1,2023-09-15,1456,Terra,MODIS,100,61.03,300.2,71.2,N,0
-3.3031,105.0104,312.4,1.1,1,2023-09-15,1456,Terra,MODIS,84,61.03,295.4,10,N,0
-3.3017,105.02,312.6,1.1,1,2023-09-15,1456,Terra,MODIS,84,61.03,294.9,10.4,N,0
-3.3163,104.983,323.9,1.1,1,2023-09-15,1456,Terra,MODIS,100,61.03,296.2,22.2,N,0
-3.315,104.9926,354.4,1.1,1,2023-09-15,1456,Terra,MODIS,100,61.03,301.9,78.9,N,0
-3.3136,105.0021,332.9,1.1,1,2023-09-15,1456,Terra,MODIS,100,61.03,298.9,33.9,N,0
-3.3123,105.0117,318.6,1.1,1,2023-09-15,1456,Terra,MODIS,97,61.03,296.5,15.7,N,0
-3.3109,105.0213,314.3,1.1,1,2023-09-15,1456,Terra,MODIS,88,61.03,295.4,12,N,0
-3.3242,104.9939,315.2,1.1,1,2023-09-15,1456,Terra,MODIS,90,61.03,296.3,13.4,N,0
-3.3228,105.0034,336.4,1.1,1,2023-09-15,1456,Terra,MODIS,100,61.03,298.9,39.9,N,0
-1.849,105.7338,307.3,1,1,2023-09-15,1457,Terra,MODIS,66,61.03,293.2,6.1,N,0
-3.3044,104.9867,314.9,3,1.7,2023-09-15,1923,Aqua,MODIS,90,61.03,291.8,63.7,N,0
-3.3081,105.0136,320.9,3,1.7,2023-09-15,1923,Aqua,MODIS,100,61.03,293.1,90.7,N,0
-3.3229,105.0116,316.7,3,1.7,2023-09-15,1923,Aqua,MODIS,94,61.03,291.7,73.7,N,0
-3.3267,105.0386,306.3,3.1,1.7,2023-09-15,1923,Aqua,MODIS,59,61.03,291.6,34.2,N,0
-3.3415,105.0366,312.1,3.1,1.7,2023-09-15,1923,Aqua,MODIS,84,61.03,291.7,54.6,N,0
-3.342,105.0317,309.9,3.1,1.7,2023-09-15,1923,Aqua,MODIS,79,61.03,291.5,46.4,N,0
-2.107,105.3691,310.9,1.7,1.3,2023-09-16,0318,Terra,MODIS,47,61.03,292.1,12.2,D,0
-3.0856,105.0608,313.4,1.7,1.3,2023-09-16,0318,Terra,MODIS,51,61.03,293.9,14.5,D,0
-3.1829,104.936,316.1,1.7,1.3,2023-09-16,0318,Terra,MODIS,43,61.03,295.4,15.2,D,0
-3.185,104.9506,317.9,1.7,1.3,2023-09-16,0318,Terra,MODIS,53,61.03,296.3,19,D,0
-3.3073,105.0032,337.3,1.7,1.3,2023-09-16,0318,Terra,MODIS,82,61.03,298.1,67.9,D,0
-3.3186,105.0017,341.4,1.7,1.3,2023-09-16,0318,Terra,MODIS,88,61.03,296.9,80.5,D,0
-3.3174,104.9953,337.4,1.7,1.3,2023-09-16,0318,Terra,MODIS,41,61.03,296.1,64.3,D,0
-3.3462,105.037,332.2,1.7,1.3,2023-09-16,0318,Terra,MODIS,77,61.03,297.1,51.5,D,0
-3.5582,105.2455,318.4,1.8,1.3,2023-09-16,0318,Terra,MODIS,63,61.03,298.5,22.7,D,0
-3.5216,104.8951,315.6,1.7,1.3,2023-09-16,0318,Terra,MODIS,32,61.03,295.7,14.5,D,0
-3.3036,104.9788,312.5,3.3,1.7,2023-09-16,1537,Terra,MODIS,65,61.03,286.1,65.7,N,0
-3.333,105.008,309,3.3,1.7,2023-09-16,1537,Terra,MODIS,27,61.03,285.4,48.7,N,0
-3.3177,105.0056,316.9,3.3,1.7,2023-09-16,1537,Terra,MODIS,93,61.03,285.2,86.2,N,0
-3.3024,105.0032,315.6,3.3,1.7,2023-09-16,1537,Terra,MODIS,70,61.03,286.6,78.8,N,0
-3.3068,104.9738,312.2,3.3,1.7,2023-09-16,1537,Terra,MODIS,52,61.03,284.3,65.9,N,0
-3.2054,104.8329,301.9,3.2,1.7,2023-09-16,1537,Terra,MODIS,39,61.03,283.4,32.7,N,0
-3.3557,105.0471,339.5,3.4,1.7,2023-09-16,1537,Terra,MODIS,100,61.03,285.8,245.5,N,0
-3.3602,105.0176,351.2,3.3,1.7,2023-09-16,1537,Terra,MODIS,100,61.03,288.4,372.3,N,0
-3.3449,105.0152,308,3.3,1.7,2023-09-16,1537,Terra,MODIS,54,61.03,285.3,44.3,N,0
-3.299,105.0081,308.2,3.3,1.7,2023-09-16,1537,Terra,MODIS,28,61.03,285.6,45.4,N,0
-3.3188,104.9811,310,3.3,1.7,2023-09-16,1537,Terra,MODIS,30,61.03,282.3,51.9,N,0
-2.8186,104.622,302.2,2.3,1.5,2023-09-16,1827,Aqua,MODIS,48,61.03,290.7,13.1,N,0
-2.8168,104.6174,301.3,2.3,1.5,2023-09-16,1827,Aqua,MODIS,40,61.03,290.7,12,N,0
-3.0041,104.5553,300.6,2.3,1.5,2023-09-16,1827,Aqua,MODIS,31,61.03,290.1,11.5,N,0
-3.2962,105.001,318.1,2.1,1.4,2023-09-16,1827,Aqua,MODIS,96,61.03,292.6,42.2,N,0
-3.2991,105.0197,311.6,2.1,1.4,2023-09-16,1827,Aqua,MODIS,22,61.03,292,24.2,N,0
-3.306,104.9803,311.3,2.1,1.4,2023-09-16,1827,Aqua,MODIS,54,61.03,291.4,27.3,N,0
-3.3088,104.9991,326.7,2.1,1.4,2023-09-16,1827,Aqua,MODIS,100,61.03,293.4,70.3,N,0
-3.3117,105.0178,309.2,2.1,1.4,2023-09-16,1827,Aqua,MODIS,18,61.03,292.1,20.1,N,0
-3.3242,105.0159,325.8,2.1,1.4,2023-09-16,1827,Aqua,MODIS,100,61.03,292.4,65.6,N,0
-3.3396,105.0326,317.8,2.1,1.4,2023-09-16,1827,Aqua,MODIS,63,61.03,292.6,40.4,N,0
-3.3083,104.992,325.7,2.1,1.4,2023-09-16,1827,Aqua,MODIS,100,61.03,292.8,66.9,N,0
-3.3113,105.0107,316.2,2.1,1.4,2023-09-16,1827,Aqua,MODIS,91,61.03,292.9,36.6,N,0
-3.3239,105.0088,319.1,2.1,1.4,2023-09-16,1827,Aqua,MODIS,98,61.03,291.8,45.6,N,0
-3.3268,105.0275,317.2,2.1,1.4,2023-09-16,1827,Aqua,MODIS,88,61.03,292.2,39.1,N,0
-3.3394,105.0256,314.5,2.1,1.4,2023-09-16,1827,Aqua,MODIS,89,61.03,292,34.7,N,0
-3.3423,105.0442,313,2.1,1.4,2023-09-16,1827,Aqua,MODIS,86,61.03,291.8,31.6,N,0
-3.3519,105.0237,351,2.1,1.4,2023-09-16,1827,Aqua,MODIS,100,61.03,292.9,189.8,N,0
-3.3549,105.0423,370.7,2.1,1.4,2023-09-16,1827,Aqua,MODIS,100,61.03,296.7,349.5,N,0
-3.3578,105.0608,300.9,2.1,1.4,2023-09-16,1827,Aqua,MODIS,35,61.03,290.5,10.1,N,0
-3.4074,104.8799,302.4,2.2,1.4,2023-09-16,1827,Aqua,MODIS,20,61.03,290.7,11.7,N,0
-3.3957,104.8763,303.4,2.2,1.4,2023-09-16,1827,Aqua,MODIS,55,61.03,291.2,14.1,N,0
-3.4084,104.8743,303.7,2.2,1.4,2023-09-16,1827,Aqua,MODIS,54,61.03,290.8,15,N,0
-3.3615,105.0246,391.1,1.1,1.1,2023-09-17,0646,Aqua,MODIS,100,61.03,309.6,234,D,0
-3.5939,104.8917,323.8,1.2,1.1,2023-09-17,0646,Aqua,MODIS,35,61.03,299.4,12.3,D,0
-3.5882,104.7949,318.1,1.2,1.1,2023-09-17,0646,Aqua,MODIS,52,61.03,296.4,9.7,D,0
-3.5897,104.7844,315,1.2,1.1,2023-09-17,0646,Aqua,MODIS,28,61.03,294.4,6.9,D,0
-3.3803,105.3401,325.9,1.1,1.1,2023-09-17,0646,Aqua,MODIS,74,61.03,297.7,16.9,D,0
-3.3695,105.3486,328.4,1.1,1,2023-09-17,0646,Aqua,MODIS,72,61.03,295.5,19.6,D,0
-3.3709,105.3388,341.3,1.1,1.1,2023-09-17,0646,Aqua,MODIS,90,61.03,299.8,41.8,D,0
-3.3491,105.4256,329.5,1.1,1,2023-09-17,0646,Aqua,MODIS,70,61.03,298,18,D,0
-3.3418,105.4278,328.5,1.1,1,2023-09-17,0646,Aqua,MODIS,81,61.03,294.3,19.9,D,0
-3.3432,105.4181,324.3,1.1,1,2023-09-17,0646,Aqua,MODIS,70,61.03,295.2,13.9,D,0
-3.3517,105.3594,314.2,1.1,1,2023-09-17,0646,Aqua,MODIS,45,61.03,295.3,5.9,D,0
-3.3325,105.4265,350,1.1,1,2023-09-17,0646,Aqua,MODIS,95,61.03,296.6,60.4,D,0
-3.4123,104.8747,330.9,1.2,1.1,2023-09-17,0646,Aqua,MODIS,79,61.03,295.3,22.2,D,0
-3.4138,104.8644,340.4,1.2,1.1,2023-09-17,0646,Aqua,MODIS,85,61.03,301.2,40.8,D,0
-3.3231,105.4252,361.7,1.1,1,2023-09-17,0646,Aqua,MODIS,100,61.03,298.6,94.1,D,0
-3.4012,104.8837,325.5,1.2,1.1,2023-09-17,0646,Aqua,MODIS,54,61.03,300.1,16,D,0
-3.4027,104.8734,329.3,1.2,1.1,2023-09-17,0646,Aqua,MODIS,82,61.03,300.7,21.7,D,0
-3.3629,105.0144,344.8,1.1,1.1,2023-09-17,0646,Aqua,MODIS,92,61.03,300,47.6,D,0
-3.352,105.0232,333.2,1.1,1.1,2023-09-17,0646,Aqua,MODIS,63,61.03,299.2,25.2,D,0
-3.3344,105.0103,335.3,1.1,1.1,2023-09-17,0646,Aqua,MODIS,45,61.03,300.7,26.8,D,0
-3.3249,105.0089,339.8,1.1,1.1,2023-09-17,0646,Aqua,MODIS,85,61.03,302.7,35.2,D,0
-3.3183,104.9872,331.5,1.2,1.1,2023-09-17,0646,Aqua,MODIS,39,61.03,296.6,23.3,D,0
-3.3136,104.9914,331.8,1.1,1.1,2023-09-17,0646,Aqua,MODIS,38,61.03,300.1,25.9,D,0
-3.1487,105.3581,317.2,1.1,1,2023-09-17,0646,Aqua,MODIS,65,61.03,294.4,9.8,D,0
-3.1268,105.2446,330,1.1,1.1,2023-09-17,0646,Aqua,MODIS,68,61.03,297.9,22.6,D,0
-3.1282,105.2347,334.4,1.1,1.1,2023-09-17,0646,Aqua,MODIS,86,61.03,296.5,30.6,D,0
-3.1188,105.2334,341.8,1.1,1.1,2023-09-17,0646,Aqua,MODIS,91,61.03,296.2,45.3,D,0
-3.0768,105.2217,318.7,1.1,1.1,2023-09-17,0646,Aqua,MODIS,71,61.03,296.5,11.2,D,0
-2.3495,106.2409,320.2,1,1,2023-09-17,0646,Aqua,MODIS,61,61.03,298.6,9,D,0
-3.3629,105.0442,323.1,2,1.4,2023-09-17,1440,Terra,MODIS,92,61.03,287.4,57.7,N,0
-3.3652,105.0263,319.8,2,1.4,2023-09-17,1440,Terra,MODIS,82,61.03,279.7,49.7,N,0
-3.36,105.0374,331.7,2,1.4,2023-09-17,1440,Terra,MODIS,100,61.03,284.5,88.1,N,0
-3.3624,105.0196,307.1,2,1.4,2023-09-17,1440,Terra,MODIS,35,61.03,275.8,22.8,N,0
-3.3684,104.8697,323.7,1,1,2023-09-18,0302,Terra,MODIS,50,61.03,297.4,13,D,0
-3.4053,104.8736,324.7,1,1,2023-09-18,0302,Terra,MODIS,73,61.03,300.1,13,D,0
-3.4952,105.4301,316.7,1,1,2023-09-18,0302,Terra,MODIS,54,61.03,298.3,8.2,D,0
-3.4415,104.8625,329.2,1,1,2023-09-18,0302,Terra,MODIS,57,61.03,302.4,17.2,D,0
-3.5178,104.8881,326.7,1,1,2023-09-18,0302,Terra,MODIS,65,61.03,297.4,14.2,D,0
-3.5832,105.6561,316.3,1.1,1,2023-09-18,0302,Terra,MODIS,61,61.03,296.4,7.5,D,0
-3.1131,105.1428,315.3,1,1,2023-09-18,0302,Terra,MODIS,56,61.03,292.6,6.6,D,0
-3.2715,104.9623,321.7,1,1,2023-09-18,0302,Terra,MODIS,32,61.03,299.8,12,D,0
-3.3465,105.42,327.9,1,1,2023-09-18,0302,Terra,MODIS,48,61.03,296.4,15.5,D,0
-3.3478,105.4292,330.5,1,1,2023-09-18,0302,Terra,MODIS,82,61.03,297.1,19.4,D,0
-3.3491,105.4383,324.5,1,1,2023-09-18,0302,Terra,MODIS,60,61.03,295,12.5,D,0
-3.3033,104.9942,325,1,1,2023-09-18,0302,Terra,MODIS,33,61.03,297.6,13.8,D,0
-3.311,104.9841,325.6,1,1,2023-09-18,0302,Terra,MODIS,55,61.03,298.5,15.7,D,0
-3.3123,104.993,326.4,1,1,2023-09-18,0302,Terra,MODIS,28,61.03,296.2,14.7,D,0
-3.3238,105.0096,331.6,1,1,2023-09-18,0302,Terra,MODIS,30,61.03,299.9,19,D,0
-3.3455,105.0339,344,1,1,2023-09-18,0302,Terra,MODIS,76,61.03,300.3,37.2,D,0
-3.3557,105.0415,348.4,1,1,2023-09-18,0302,Terra,MODIS,92,61.03,303.8,45.2,D,0
-3.3848,105.3199,321.1,3.3,1.7,2023-09-18,0728,Aqua,MODIS,51,61.03,288.2,57.7,D,0
-3.3274,105.4386,316.3,1.7,1.3,2023-09-18,1520,Terra,MODIS,93,61.03,288.8,30.5,N,0
-3.4961,104.9022,303.4,1.5,1.2,2023-09-18,1520,Terra,MODIS,55,61.03,291,8.2,N,0
-3.3257,105.445,317.8,1.7,1.3,2023-09-18,1520,Terra,MODIS,96,61.03,290,32.4,N,0
-3.3279,105.43,303.2,1.7,1.3,2023-09-18,1520,Terra,MODIS,54,61.03,287.6,9.3,N,0
-3.2773,105.3854,302.7,1.7,1.3,2023-09-18,1520,Terra,MODIS,51,61.03,288.6,10,N,0
-3.1165,105.2292,304,1.6,1.3,2023-09-18,1521,Terra,MODIS,31,61.03,290.6,11.1,N,0
-2.7241,106.3818,303.1,2.1,1.4,2023-09-18,1521,Terra,MODIS,53,61.03,289.8,10.5,N,0
-3.2901,104.922,313.3,2.1,1.4,2023-09-19,0632,Aqua,MODIS,41,61.03,292.8,16.8,D,0
-3.0533,105.2965,316.8,1.9,1.4,2023-09-19,0632,Aqua,MODIS,43,61.03,297.2,22.5,D,0
-3.0118,105.0574,320.4,2,1.4,2023-09-19,0632,Aqua,MODIS,60,61.03,294.7,27.7,D,0
-3.009,105.05,316.7,2,1.4,2023-09-19,0632,Aqua,MODIS,57,61.03,295.2,21.6,D,0
-2.6754,105.2888,322.7,1.9,1.4,2023-09-19,0632,Aqua,MODIS,53,61.03,292.2,38.2,D,0
-2.4531,106.2769,320.2,1.6,1.2,2023-09-19,0632,Aqua,MODIS,71,61.03,297.3,16.3,D,0
-2.9842,105.4136,306.5,4,1.9,2023-09-19,1423,Terra,MODIS,68,61.03,288.1,53.1,N,0
-3.3419,105.0368,319.5,1,1,2023-09-19,1854,Aqua,MODIS,92,61.03,295,15,N,0
-3.1466,105.0866,304.9,1,1,2023-09-19,1854,Aqua,MODIS,62,61.03,292.8,5.1,N,0
-3.2744,105.3857,306.9,1,1,2023-09-19,1854,Aqua,MODIS,70,61.03,293.7,6.4,N,0
-3.2821,105.3753,303.2,1,1,2023-09-19,1854,Aqua,MODIS,10,61.03,292.9,4.3,N,0
-3.2835,105.3844,314.5,1,1,2023-09-19,1854,Aqua,MODIS,89,61.03,294,12.3,N,0
-3.3602,105.0284,349.2,1,1,2023-09-19,1854,Aqua,MODIS,100,61.03,297.5,60.7,N,0
-3.3615,105.0374,379,1,1,2023-09-19,1854,Aqua,MODIS,100,61.03,302.9,150.9,N,0
-3.3628,105.0464,320.8,1,1,2023-09-19,1854,Aqua,MODIS,100,61.03,293.8,17.5,N,0
-2.8888,105.4447,321.6,1.3,1.1,2023-09-20,0245,Terra,MODIS,27,61.03,300.3,13.9,D,0
-3.0887,105.0655,321.5,1.3,1.2,2023-09-20,0245,Terra,MODIS,29,61.03,298.5,14.6,D,0
-3.1741,104.9492,322,1.4,1.2,2023-09-20,0245,Terra,MODIS,45,61.03,299,16.8,D,0
-3.2806,105.3911,317.9,1.3,1.1,2023-09-20,0245,Terra,MODIS,65,61.03,297.5,9.7,D,0
-3.3601,105.0317,371.1,1.3,1.1,2023-09-20,0245,Terra,MODIS,100,61.03,302.3,163.9,D,0
-3.5124,104.8872,324.6,1.4,1.2,2023-09-20,0245,Terra,MODIS,54,61.03,299.1,19.2,D,0
-2.7955,105.362,321.2,1.7,1.3,2023-09-20,0713,Aqua,MODIS,45,61.03,300.4,22.7,D,0
-3.5139,104.8637,304.5,1,1,2023-09-20,1504,Terra,MODIS,60,61.03,293.4,4.4,N,0
-3.3603,105.0436,317.9,1,1,2023-09-20,1504,Terra,MODIS,96,61.03,294.8,14,N,0
-3.3616,105.0348,338.2,1,1,2023-09-20,1504,Terra,MODIS,100,61.03,296.8,38.5,N,0
-3.3628,105.0259,329.1,1,1,2023-09-20,1504,Terra,MODIS,100,61.03,296,25.7,N,0
-3.3438,105.0322,321.5,1,1,2023-09-20,1504,Terra,MODIS,100,61.03,296,16.3,N,0
-3.345,105.0234,312.6,1,1,2023-09-20,1504,Terra,MODIS,71,61.03,295.2,8.4,N,0
-3.3267,105.0145,305.7,1,1,2023-09-20,1504,Terra,MODIS,36,61.03,294.2,4.3,N,0
-3.2796,104.9626,311.7,1,1,2023-09-20,1504,Terra,MODIS,83,61.03,293.9,9.1,N,0
-2.9054,106.815,312.1,1.1,1.1,2023-09-20,1504,Terra,MODIS,83,61.03,295,10.7,N,0
-2.9069,106.805,314.4,1.1,1.1,2023-09-20,1504,Terra,MODIS,88,61.03,295.2,12.8,N,0
-3.1524,105.0832,305,1,1,2023-09-20,1504,Terra,MODIS,62,61.03,294.3,4.4,N,0
-3.1103,104.7276,307.1,1,1,2023-09-20,1504,Terra,MODIS,70,61.03,294,5.3,N,0
-3.1115,104.7188,336.4,1,1,2023-09-20,1504,Terra,MODIS,100,61.03,294.5,36,N,0
-3.1128,104.7099,307.6,1,1,2023-09-20,1504,Terra,MODIS,72,61.03,293.9,5.8,N,0
-2.9845,105.4207,310.6,1,1,2023-09-20,1504,Terra,MODIS,79,61.03,295,8.7,N,0
-2.9755,105.4194,326.7,1,1,2023-09-20,1504,Terra,MODIS,100,61.03,296,24,N,0
-2.9768,105.4104,311,1,1,2023-09-20,1504,Terra,MODIS,80,61.03,294.6,8.8,N,0
-2.5882,106.5923,314.8,1.1,1.1,2023-09-20,1504,Terra,MODIS,89,61.03,295.1,12.6,N,0
-2.0084,105.223,307.3,1,1,2023-09-20,1504,Terra,MODIS,69,61.03,293.5,6,N,0
-1.6958,105.8099,319.6,1.1,1,2023-09-20,1504,Terra,MODIS,99,61.03,294.3,16.8,N,0
-1.6971,105.8006,311.9,1.1,1,2023-09-20,1504,Terra,MODIS,82,61.03,293.8,9.7,N,0
-2.3345,106.1333,320.1,2.9,1.6,2023-09-21,0326,Terra,MODIS,75,61.03,294.4,58.6,D,0
-2.871,105.4408,311.5,2.6,1.5,2023-09-21,0326,Terra,MODIS,32,61.03,295.4,25.5,D,0
-3.1445,105.4325,311.1,2.6,1.6,2023-09-21,0326,Terra,MODIS,38,61.03,294.7,27.8,D,0
-2.3371,105.9319,315.5,3.3,1.7,2023-09-21,0617,Aqua,MODIS,53,61.03,292.5,50.5,D,0
-2.523,106.2082,305.7,1.1,1.1,2023-09-21,1839,Aqua,MODIS,65,61.03,287.1,8.3,N,0
-3.1964,104.8196,315.2,2.9,1.6,2023-09-22,0229,Terra,MODIS,62,61.03,297.6,25.3,D,0
-3.2766,104.9632,316.3,2.8,1.6,2023-09-22,0229,Terra,MODIS,45,61.03,297.4,27.2,D,0
-3.4203,104.8702,314.7,2.9,1.6,2023-09-22,0229,Terra,MODIS,40,61.03,297.8,21.9,D,0
-3.3095,104.9928,339.7,1,1,2023-09-22,0659,Aqua,MODIS,39,61.03,312.9,32,D,0
-3.5558,105.6434,326,1.1,1,2023-09-22,0659,Aqua,MODIS,75,61.03,300.2,16.8,D,0
-3.5572,105.6341,320.4,1.1,1,2023-09-22,0659,Aqua,MODIS,61,61.03,301.7,9.9,D,0
-3.4947,105.363,343.9,1,1,2023-09-22,0659,Aqua,MODIS,91,61.03,303.6,43.8,D,0
-3.4454,105.5729,347.6,1,1,2023-09-22,0659,Aqua,MODIS,93,61.03,303.8,53.1,D,0
-3.4594,105.4142,323.8,1,1,2023-09-22,0659,Aqua,MODIS,46,61.03,302,12.9,D,0
-3.4974,104.904,335.4,1,1,2023-09-22,0659,Aqua,MODIS,72,61.03,306.9,22.3,D,0
-3.4686,104.6624,367.9,1,1,2023-09-22,0659,Aqua,MODIS,100,61.03,305.5,97.7,D,0
-3.2518,105.328,330.9,1,1,2023-09-22,0659,Aqua,MODIS,31,61.03,301.5,18.2,D,0
-3.2531,105.3189,351.1,1,1,2023-09-22,0659,Aqua,MODIS,95,61.03,306.1,53.8,D,0
-3.2992,105.0005,343,1,1,2023-09-22,0659,Aqua,MODIS,89,61.03,305.1,34.2,D,0
-3.3005,104.9914,351.1,1,1,2023-09-22,0659,Aqua,MODIS,95,61.03,307.1,52.7,D,0
-3.2586,105.2169,324.7,1,1,2023-09-22,0659,Aqua,MODIS,74,61.03,305.1,12.8,D,0
-3.337,104.6763,326.6,1,1,2023-09-22,0659,Aqua,MODIS,77,61.03,303.7,13.4,D,0
-3.2722,104.9965,334.3,1,1,2023-09-22,0659,Aqua,MODIS,42,61.03,309.4,21.6,D,0
-3.2633,104.9952,334.8,1,1,2023-09-22,0659,Aqua,MODIS,56,61.03,304.8,22.6,D,0
-3.2646,104.9862,335.8,1,1,2023-09-22,0659,Aqua,MODIS,45,61.03,307.7,24.1,D,0
-3.2178,105.1179,326.9,1,1,2023-09-22,0659,Aqua,MODIS,73,61.03,299.4,15.9,D,0
-3.2191,105.1089,331.8,1,1,2023-09-22,0659,Aqua,MODIS,82,61.03,303.6,21.7,D,0
-3.2457,104.7293,324.1,1,1,2023-09-22,0659,Aqua,MODIS,74,61.03,304.6,11.6,D,0
-3.1287,105.2192,339.5,1,1,2023-09-22,0659,Aqua,MODIS,88,61.03,305.3,34.4,D,0
-3.13,105.2101,331.2,1,1,2023-09-22,0659,Aqua,MODIS,82,61.03,303,22.2,D,0
-3.1486,105.0827,330.4,1,1,2023-09-22,0659,Aqua,MODIS,81,61.03,307.6,19.5,D,0
-3.1196,105.2179,332,1,1,2023-09-22,0659,Aqua,MODIS,82,61.03,302.4,23.1,D,0
-3.1079,105.2348,361.7,1,1,2023-09-22,0659,Aqua,MODIS,100,61.03,304.9,84.9,D,0
-3.1774,104.6954,346.3,1,1,2023-09-22,0659,Aqua,MODIS,93,61.03,303.7,43.4,D,0
-3.0086,105.0314,330.5,1,1,2023-09-22,0659,Aqua,MODIS,63,61.03,302.6,19.1,D,0
-3.0099,105.0223,329.4,1,1,2023-09-22,0659,Aqua,MODIS,24,61.03,304.7,18,D,0
-2.993,105.0754,348.1,1,1,2023-09-22,0659,Aqua,MODIS,94,61.03,304.4,51.5,D,0
-3.0009,105.021,324.3,1,1,2023-09-22,0659,Aqua,MODIS,70,61.03,301.8,12.5,D,0
-3.0155,104.8573,322.9,1,1,2023-09-22,0659,Aqua,MODIS,44,61.03,303.9,11.5,D,0
-2.9289,105.2619,336.3,1,1,2023-09-22,0659,Aqua,MODIS,83,61.03,301,28.5,D,0
-2.9302,105.2527,331.5,1,1,2023-09-22,0659,Aqua,MODIS,56,61.03,300.9,21.1,D,0
-2.9212,105.2514,355.7,1,1,2023-09-22,0659,Aqua,MODIS,98,61.03,300.8,67.4,D,0
-2.4762,106.2263,325.4,1.1,1.1,2023-09-22,0659,Aqua,MODIS,76,61.03,300.1,15.9,D,0
-2.3854,106.1557,314.9,1.1,1.1,2023-09-22,0659,Aqua,MODIS,56,61.03,294.9,6.8,D,0
-2.2999,106.1059,321.4,1.1,1.1,2023-09-22,0659,Aqua,MODIS,74,61.03,285.3,16.9,D,0
-3.3461,105.2686,305.4,1.4,1.2,2023-09-22,1447,Terra,MODIS,64,61.03,293.5,9,N,0
-3.1073,105.2301,310.2,1.4,1.2,2023-09-22,1447,Terra,MODIS,79,61.03,292.9,13.8,N,0
-3.1056,105.2422,312.9,1.4,1.2,2023-09-22,1447,Terra,MODIS,86,61.03,292.8,16.9,N,0
-3.2379,104.7241,303.8,1.5,1.2,2023-09-22,1447,Terra,MODIS,45,61.03,293.2,8.5,N,0
-3.1038,105.2353,320.9,1.4,1.2,2023-09-22,1447,Terra,MODIS,100,61.03,292.9,28.4,N,0
-2.4314,105.3842,303,1.3,1.1,2023-09-22,1448,Terra,MODIS,53,61.03,292.1,5.4,N,0
-2.6429,106.6032,305.7,1.1,1.1,2023-09-22,1448,Terra,MODIS,65,61.03,293.6,5.7,N,0
-2.6415,106.6132,309.7,1.1,1.1,2023-09-22,1448,Terra,MODIS,78,61.03,294,8.8,N,0
-3.293,105.0015,304.8,2.7,1.6,2023-09-22,1921,Aqua,MODIS,30,61.03,286,26.2,N,0
-3.1042,105.2368,338.3,1.2,1.1,2023-09-23,0309,Terra,MODIS,90,61.03,297.8,45.6,D,0
-3.1058,105.2476,324.7,1.2,1.1,2023-09-23,0309,Terra,MODIS,81,61.03,295.8,21.7,D,0
-3.2965,104.9955,335.5,1.2,1.1,2023-09-23,0309,Terra,MODIS,83,61.03,299.4,32.4,D,0
-3.3047,104.9836,334.2,1.2,1.1,2023-09-23,0309,Terra,MODIS,59,61.03,303.4,31.4,D,0
-3.3285,105.0127,331.1,1.2,1.1,2023-09-23,0309,Terra,MODIS,51,61.03,304.4,22.6,D,0
-3.3412,105.0326,330.8,1.2,1.1,2023-09-23,0309,Terra,MODIS,51,61.03,304.8,21.8,D,0
-3.5263,104.9509,307.8,2.2,1.4,2023-09-23,1528,Terra,MODIS,64,61.03,277.8,31.8,N,0
-3.2986,104.984,319.1,2.2,1.4,2023-09-23,1528,Terra,MODIS,98,61.03,292.5,48.2,N,0
-3.297,104.9983,315.2,2.2,1.4,2023-09-23,1528,Terra,MODIS,56,61.03,292.3,35.1,N,0
-3.2998,104.9786,317,2.2,1.4,2023-09-23,1528,Terra,MODIS,88,61.03,292.4,40.8,N,0
-3.1015,105.2521,301.6,2.4,1.5,2023-09-23,1528,Terra,MODIS,43,61.03,291.1,12.7,N,0
-3.1046,105.2313,309.7,2.3,1.5,2023-09-23,1528,Terra,MODIS,78,61.03,289.3,30.6,N,0
-3.1069,105.2443,301.3,2.3,1.5,2023-09-23,1825,Aqua,MODIS,34,61.03,288.5,19.2,N,0
-3.2917,104.9907,312.3,2.4,1.5,2023-09-23,1825,Aqua,MODIS,85,61.03,291.6,34.9,N,0
-3.295,105.0119,306.8,2.4,1.5,2023-09-23,1825,Aqua,MODIS,18,61.03,291.3,19.9,N,0
-3.305,104.9887,307.6,2.4,1.5,2023-09-23,1825,Aqua,MODIS,39,61.03,291.4,22.4,N,0
-3.292,105.0071,309.1,2.4,1.5,2023-09-23,1825,Aqua,MODIS,56,61.03,291.4,24.9,N,0
-3.3019,104.984,311.7,2.4,1.5,2023-09-23,1825,Aqua,MODIS,28,61.03,291.5,31.2,N,0
-3.3351,105.022,302.4,2.4,1.5,2023-09-23,1825,Aqua,MODIS,13,61.03,290.8,13.4,N,0
-3.3384,105.043,303.9,2.4,1.5,2023-09-23,1825,Aqua,MODIS,31,61.03,291,17.2,N,0
-3.519,104.9383,305.2,2.4,1.5,2023-09-23,1825,Aqua,MODIS,14,61.03,291.2,18.3,N,0
-3.5223,104.9594,310,2.4,1.5,2023-09-23,1825,Aqua,MODIS,69,61.03,291.6,29.6,N,0
-3.5896,104.8972,323.6,1.3,1.1,2023-09-24,0644,Aqua,MODIS,67,61.03,304,15.5,D,0
-3.4728,105.6579,314.8,1.2,1.1,2023-09-24,0644,Aqua,MODIS,57,61.03,296.1,7.9,D,0
-3.5295,104.9633,334.3,1.3,1.1,2023-09-24,0644,Aqua,MODIS,77,61.03,301.6,33.1,D,0
-3.5195,104.9619,334.3,1.3,1.1,2023-09-24,0644,Aqua,MODIS,67,61.03,303.8,34.1,D,0
-3.5292,104.8945,343.4,1.3,1.1,2023-09-24,0644,Aqua,MODIS,92,61.03,305.8,53.4,D,0
-3.3411,105.2862,328.9,1.2,1.1,2023-09-24,0644,Aqua,MODIS,82,61.03,297.6,26.2,D,0
-3.3441,105.2649,318.6,1.2,1.1,2023-09-24,0644,Aqua,MODIS,38,61.03,296.4,13.1,D,0
-3.3729,105.0589,344.3,1.2,1.1,2023-09-24,0644,Aqua,MODIS,92,61.03,302.6,53.7,D,0
-3.3745,105.0479,337.2,1.2,1.1,2023-09-24,0644,Aqua,MODIS,75,61.03,303.2,35.3,D,0
-3.3631,105.0575,346.5,1.2,1.1,2023-09-24,0644,Aqua,MODIS,93,61.03,305.1,57.4,D,0
-3.3646,105.0465,344.3,1.2,1.1,2023-09-24,0644,Aqua,MODIS,92,61.03,304,49.4,D,0
-3.3614,105.0628,324.4,1.2,1.1,2023-09-24,0644,Aqua,MODIS,70,61.03,302,16.4,D,0
-3.2172,105.2127,322.8,1.2,1.1,2023-09-24,0644,Aqua,MODIS,61,61.03,298.3,17,D,0
-3.2074,105.2113,328.1,1.2,1.1,2023-09-24,0644,Aqua,MODIS,74,61.03,298.1,25.2,D,0
-3.135,105.2172,316.9,1.2,1.1,2023-09-24,0644,Aqua,MODIS,42,61.03,297,9.7,D,0
-2.8994,106.5271,320.1,1,1,2023-09-24,0644,Aqua,MODIS,72,61.03,299.7,10.9,D,0
-2.9007,106.5178,318.8,1.1,1,2023-09-24,0644,Aqua,MODIS,58,61.03,300.3,9.3,D,0
-2.918,106.3961,323.5,1.1,1,2023-09-24,0644,Aqua,MODIS,76,61.03,302.1,12.9,D,0
-2.9194,106.3867,318.2,1.1,1,2023-09-24,0644,Aqua,MODIS,69,61.03,301.6,7,D,0
-2.9816,105.0733,313.3,1.2,1.1,2023-09-24,0644,Aqua,MODIS,39,61.03,293.7,7.7,D,0
-2.6688,106.0697,320.4,1.1,1,2023-09-24,0644,Aqua,MODIS,71,61.03,300.9,10.3,D,0
-2.6853,105.9536,322,1.1,1,2023-09-24,0644,Aqua,MODIS,74,61.03,302.4,12,D,0
-2.6867,105.9439,331.5,1.1,1,2023-09-24,0644,Aqua,MODIS,83,61.03,302.2,24.4,D,0
-2.4551,106.2791,327.7,1.1,1,2023-09-24,0644,Aqua,MODIS,80,61.03,299.1,18.1,D,0
-2.1596,105.9007,322.9,1.1,1,2023-09-24,0644,Aqua,MODIS,76,61.03,296.1,13.4,D,0
-2.1041,106.0438,312.5,1.1,1,2023-09-24,0644,Aqua,MODIS,30,61.03,294.2,4.4,D,0
-2.1083,105.8184,358.6,1.1,1,2023-09-24,0644,Aqua,MODIS,99,61.03,298.1,86.2,D,0
-2.1097,105.8087,348.7,1.1,1,2023-09-24,0644,Aqua,MODIS,95,61.03,292.1,60.7,D,0
-2.099,105.8171,330.4,1.1,1,2023-09-24,0644,Aqua,MODIS,79,61.03,289.4,26.6,D,0
-3.3589,105.0621,325.9,1.4,1.2,2023-09-24,1906,Aqua,MODIS,100,61.03,295.1,37.7,N,0
-3.3694,105.0607,311.3,1.4,1.2,2023-09-24,1906,Aqua,MODIS,82,61.03,292.8,15.6,N,0
-3.307,104.9737,313.1,1.4,1.2,2023-09-24,1906,Aqua,MODIS,83,61.03,292.7,16.6,N,0
-3.3369,105.0327,314.8,1.4,1.2,2023-09-24,1906,Aqua,MODIS,74,61.03,293.6,17.8,N,0
-3.3432,105.0262,309.4,1.4,1.2,2023-09-24,1906,Aqua,MODIS,33,61.03,292.7,11.4,N,0
-3.3449,105.0386,312.1,1.4,1.2,2023-09-24,1906,Aqua,MODIS,59,61.03,293.3,14.4,N,0
-3.3572,105.0496,352.5,1.4,1.2,2023-09-24,1906,Aqua,MODIS,100,61.03,297,109.2,N,0
-3.3676,105.0481,316.6,1.4,1.2,2023-09-24,1906,Aqua,MODIS,93,61.03,292.7,21.7,N,0
-3.33,105.2794,309.9,1.5,1.2,2023-09-24,1906,Aqua,MODIS,79,61.03,293.1,14.8,N,0
-3.3318,105.2924,314.5,1.5,1.2,2023-09-24,1906,Aqua,MODIS,89,61.03,293.5,21,N,0
-3.2966,104.9752,312.2,1.4,1.2,2023-09-24,1906,Aqua,MODIS,63,61.03,293,14.9,N,0
-3.2984,104.9875,313,1.4,1.2,2023-09-24,1906,Aqua,MODIS,86,61.03,293.5,15.8,N,0
-3.3002,104.9999,309.7,1.4,1.2,2023-09-24,1906,Aqua,MODIS,65,61.03,292.8,11.7,N,0
-3.5215,104.913,303.9,1.4,1.2,2023-09-24,1907,Aqua,MODIS,58,61.03,290.6,8.5,N,0
-3.5199,104.9763,320.8,1.4,1.2,2023-09-24,1907,Aqua,MODIS,100,61.03,291.6,28.9,N,0
-2.1031,105.8165,322.2,1,1,2023-09-25,0253,Terra,MODIS,74,61.03,301.3,12.2,D,0
-2.2694,106.1915,317.1,1,1,2023-09-25,0253,Terra,MODIS,51,61.03,299.4,6.6,D,0
-2.6642,106.442,315.8,1,1,2023-09-25,0253,Terra,MODIS,48,61.03,295.9,5.3,D,0
-2.8977,105.2588,318.1,1.1,1,2023-09-25,0253,Terra,MODIS,47,61.03,296.3,8.6,D,0
-2.8991,105.2681,335.5,1.1,1,2023-09-25,0253,Terra,MODIS,86,61.03,298.7,30.5,D,0
-2.9068,105.2575,318.3,1.1,1,2023-09-25,0253,Terra,MODIS,35,61.03,296.2,8,D,0
-2.9081,105.2668,326.1,1.1,1,2023-09-25,0253,Terra,MODIS,78,61.03,296.2,16.8,D,0
-3.0539,104.6821,316.9,1.1,1,2023-09-25,0253,Terra,MODIS,47,61.03,298.6,6.2,D,0
-3.0597,104.6748,317.1,1.1,1,2023-09-25,0253,Terra,MODIS,55,61.03,298.4,6.4,D,0
-3.1806,104.6118,317.9,1.1,1,2023-09-25,0253,Terra,MODIS,58,61.03,300.5,6.8,D,0
-3.334,105.2784,325.2,1,1,2023-09-25,0253,Terra,MODIS,72,61.03,300,14.3,D,0
-3.3354,105.2875,328.4,1,1,2023-09-25,0253,Terra,MODIS,77,61.03,300.7,18.5,D,0
-3.299,104.9795,333.6,1.1,1,2023-09-25,0253,Terra,MODIS,83,61.03,302.6,24.2,D,0
-3.3004,104.9889,328.3,1.1,1,2023-09-25,0253,Terra,MODIS,20,61.03,303,15.1,D,0
-3.3018,104.9983,331.2,1.1,1,2023-09-25,0253,Terra,MODIS,58,61.03,303.4,19.2,D,0
-3.3067,104.9688,337.8,1.1,1,2023-09-25,0253,Terra,MODIS,88,61.03,303.8,32.5,D,0
-3.3081,104.9782,332.4,1.1,1,2023-09-25,0253,Terra,MODIS,74,61.03,304.4,23.3,D,0
-3.3438,105.0306,342.9,1.1,1,2023-09-25,0253,Terra,MODIS,91,61.03,305.1,37.2,D,0
-3.3648,105.0468,370.4,1.1,1,2023-09-25,0253,Terra,MODIS,100,61.03,309,112.8,D,0
-3.3662,105.0561,346.6,1.1,1,2023-09-25,0253,Terra,MODIS,93,61.03,305.3,46.7,D,0
-3.4297,105.0505,314.5,1.1,1,2023-09-25,0253,Terra,MODIS,47,61.03,299.4,6.7,D,0
-3.5199,104.9739,328.5,1.1,1,2023-09-25,0253,Terra,MODIS,42,61.03,301.5,17.2,D,0
-3.5213,104.9833,325.3,1.1,1,2023-09-25,0253,Terra,MODIS,52,61.03,299.9,14.5,D,0
-3.5996,105.5166,328.7,1,1,2023-09-25,0253,Terra,MODIS,79,61.03,299.1,20.5,D,0
-3.5152,104.8783,328.1,1.1,1,2023-09-25,0253,Terra,MODIS,60,61.03,307,15.7,D,0
-3.5194,104.9067,349.4,1.1,1,2023-09-25,0253,Terra,MODIS,95,61.03,303.7,52.5,D,0
-3.5208,104.9161,334.9,1.1,1,2023-09-25,0253,Terra,MODIS,85,61.03,304.2,25.1,D,0
-3.5285,104.9054,352.4,1.1,1,2023-09-25,0253,Terra,MODIS,96,61.03,305.3,59.9,D,0
-3.5299,104.9148,341.7,1.1,1,2023-09-25,0253,Terra,MODIS,90,61.03,304.4,37,D,0
-3.5268,104.8993,331.2,2.7,1.6,2023-09-25,0725,Aqua,MODIS,69,61.03,295.7,82.7,D,0
-3.5298,104.9729,329.5,2.7,1.6,2023-09-25,0725,Aqua,MODIS,81,61.03,296.1,79.9,D,0
-3.5331,104.9787,330.7,2.7,1.6,2023-09-25,0725,Aqua,MODIS,82,61.03,296.5,84.3,D,0
-3.5678,105.6087,315.2,3,1.7,2023-09-25,0725,Aqua,MODIS,40,61.03,295.7,31.8,D,0
-3.369,105.0399,333.7,2.8,1.6,2023-09-25,0726,Aqua,MODIS,84,61.03,299.4,101.9,D,0
-3.1696,105.3316,312.8,2.9,1.6,2023-09-25,0726,Aqua,MODIS,30,61.03,294.1,21.4,D,0
-3.1774,104.6063,318.7,2.6,1.5,2023-09-25,0726,Aqua,MODIS,67,61.03,297.3,29.3,D,0
-3.181,104.5836,321.8,2.6,1.5,2023-09-25,0726,Aqua,MODIS,72,61.03,296.7,42.6,D,0
-3.1702,104.5979,319.8,2.6,1.5,2023-09-25,0726,Aqua,MODIS,43,61.03,297,31.9,D,0
-2.9094,105.2473,331.9,2.9,1.6,2023-09-25,0726,Aqua,MODIS,82,61.03,296.3,108.7,D,0
-2.9252,105.1448,319.9,2.9,1.6,2023-09-25,0726,Aqua,MODIS,69,61.03,293.8,54.7,D,0
-2.8949,105.245,340,2.9,1.6,2023-09-25,0726,Aqua,MODIS,89,61.03,295.8,168.1,D,0
-3.5112,104.6366,342.6,2.5,1.5,2023-09-25,0726,Aqua,MODIS,79,61.03,294.5,150.5,D,0
-3.3664,105.0342,328.3,2.8,1.6,2023-09-25,0726,Aqua,MODIS,69,61.03,298.2,65,D,0
-3.4343,105.5598,305,1.2,1.1,2023-09-25,1511,Terra,MODIS,62,61.03,293.7,7.6,N,0
-3.4358,105.549,305.9,1.2,1.1,2023-09-25,1511,Terra,MODIS,66,61.03,293.4,8.4,N,0
-3.5155,104.9875,304.1,1.1,1.1,2023-09-25,1511,Terra,MODIS,48,61.03,292.7,6.2,N,0
-3.5169,104.9775,304.9,1.1,1.1,2023-09-25,1511,Terra,MODIS,25,61.03,292.8,6.2,N,0
-3.5059,104.6537,303.3,1.1,1,2023-09-25,1511,Terra,MODIS,27,61.03,292.5,4.5,N,0
-3.5073,104.644,310,1.1,1,2023-09-25,1511,Terra,MODIS,79,61.03,292.5,9.4,N,0
-3.498,104.6426,304.9,1.1,1,2023-09-25,1511,Terra,MODIS,19,61.03,292.3,5.3,N,0
-3.4308,104.8669,317.3,1.1,1.1,2023-09-25,1511,Terra,MODIS,95,61.03,293.6,17.5,N,0
-3.3264,105.461,307.8,1.2,1.1,2023-09-25,1511,Terra,MODIS,73,61.03,291.7,10.5,N,0
-3.3315,105.2891,312.1,1.2,1.1,2023-09-25,1511,Terra,MODIS,84,61.03,293.7,12.8,N,0
-3.333,105.2787,316.3,1.2,1.1,2023-09-25,1511,Terra,MODIS,93,61.03,295.6,16.8,N,0
-3.3345,105.2682,347.8,1.2,1.1,2023-09-25,1511,Terra,MODIS,100,61.03,299.5,71.8,N,0
-3.336,105.2578,317,1.2,1.1,2023-09-25,1511,Terra,MODIS,94,61.03,294.1,17.6,N,0
-3.3657,105.0523,337.1,1.1,1.1,2023-09-25,1511,Terra,MODIS,100,61.03,300,45.7,N,0
-3.3672,105.0421,337.3,1.1,1.1,2023-09-25,1511,Terra,MODIS,100,61.03,299,45.7,N,0
-3.3687,105.032,306.5,1.1,1.1,2023-09-25,1511,Terra,MODIS,9,61.03,293.9,6.5,N,0
-3.3577,105.0407,310.6,1.1,1.1,2023-09-25,1511,Terra,MODIS,22,61.03,294.8,9.2,N,0
-3.3592,105.0306,311,1.1,1.1,2023-09-25,1511,Terra,MODIS,17,61.03,294.9,9.3,N,0
-3.3607,105.0205,324.6,1.1,1.1,2023-09-25,1511,Terra,MODIS,100,61.03,295.3,24.9,N,0
-3.3497,105.0292,316.8,1.1,1.1,2023-09-25,1511,Terra,MODIS,69,61.03,295.6,14.6,N,0
-3.3442,105.0329,318.4,1.1,1.1,2023-09-25,1511,Terra,MODIS,96,61.03,295.8,17.3,N,0
-3.3456,105.0227,319.6,1.1,1.1,2023-09-25,1511,Terra,MODIS,99,61.03,296.2,18.4,N,0
-3.3362,105.0214,306.8,1.1,1.1,2023-09-25,1511,Terra,MODIS,23,61.03,294,6.5,N,0
-3.2813,105.3402,305.4,1.2,1.1,2023-09-25,1511,Terra,MODIS,64,61.03,292.9,8,N,0
-3.3281,105.0099,309.8,1.1,1.1,2023-09-25,1511,Terra,MODIS,24,61.03,294.2,7.8,N,0
-3.315,104.9667,328.3,1.1,1.1,2023-09-25,1511,Terra,MODIS,100,61.03,296.8,30.2,N,0
-3.3012,104.9956,326.5,1.1,1.1,2023-09-25,1511,Terra,MODIS,100,61.03,296.1,25.9,N,0
-3.3026,104.9855,313.7,1.1,1.1,2023-09-25,1511,Terra,MODIS,31,61.03,295.6,10.3,N,0
-3.3041,104.9754,327.8,1.1,1.1,2023-09-25,1511,Terra,MODIS,100,61.03,297.7,26.9,N,0
-3.3055,104.9654,347.8,1.1,1.1,2023-09-25,1511,Terra,MODIS,100,61.03,301.2,66.4,N,0
-3.307,104.9553,323.3,1.1,1.1,2023-09-25,1511,Terra,MODIS,100,61.03,296.2,22.7,N,0
-3.2932,104.9841,316.5,1.1,1.1,2023-09-25,1511,Terra,MODIS,79,61.03,295.2,14.1,N,0
-3.2946,104.9741,322.5,1.1,1.1,2023-09-25,1511,Terra,MODIS,100,61.03,296.2,20.5,N,0
-3.2866,104.9626,304.7,1.1,1.1,2023-09-25,1511,Terra,MODIS,16,61.03,293.9,5.2,N,0
-3.086,104.7017,318.4,1.1,1.1,2023-09-25,1512,Terra,MODIS,97,61.03,293.4,17.5,N,0
-3.2319,104.836,309,1.1,1.1,2023-09-25,1512,Terra,MODIS,76,61.03,293.3,9.1,N,0
-3.1146,105.2182,303.4,1.2,1.1,2023-09-25,1512,Terra,MODIS,55,61.03,293.3,5.6,N,0
-3.102,105.2377,313,1.2,1.1,2023-09-25,1512,Terra,MODIS,86,61.03,293.7,13.6,N,0
-3.1035,105.2272,311.1,1.2,1.1,2023-09-25,1512,Terra,MODIS,82,61.03,293.8,11.6,N,0
-3.105,105.2168,320.2,1.2,1.1,2023-09-25,1512,Terra,MODIS,100,61.03,294.7,21.5,N,0
-3.1065,105.2064,320.9,1.2,1.1,2023-09-25,1512,Terra,MODIS,100,61.03,294,22.4,N,0
-3.0846,104.7116,305.7,1.1,1.1,2023-09-25,1512,Terra,MODIS,65,61.03,293.1,6.4,N,0
-2.9984,104.6033,305.5,1.1,1,2023-09-25,1512,Terra,MODIS,64,61.03,293.6,5.6,N,0
-2.9998,104.5935,304.6,1.1,1,2023-09-25,1512,Terra,MODIS,61,61.03,293.5,4.9,N,0
-2.4196,105.9355,333.9,1.3,1.1,2023-09-25,1512,Terra,MODIS,100,61.03,294.1,49.7,N,0
-2.4213,105.9238,303.7,1.3,1.1,2023-09-25,1512,Terra,MODIS,53,61.03,293.5,5.9,N,0
-2.4229,104.7663,306.3,1.1,1.1,2023-09-25,1512,Terra,MODIS,63,61.03,293.6,6.5,N,0
-2.8626,104.7653,323,3.3,1.7,2023-09-26,0333,Terra,MODIS,78,61.03,290.3,87.5,D,0
-2.8585,104.7367,315.5,3.3,1.7,2023-09-26,0333,Terra,MODIS,69,61.03,292.5,45,D,0
-2.8607,104.7601,326.7,3.3,1.7,2023-09-26,0333,Terra,MODIS,82,61.03,290.8,109.8,D,0
-3.0169,104.6742,314.5,3.2,1.7,2023-09-26,0333,Terra,MODIS,39,61.03,291.3,41.3,D,0
-3.434,105.4596,318.8,2.2,1.4,2023-09-26,0629,Aqua,MODIS,69,61.03,274.6,43.4,D,0
-3.4367,105.4404,312.3,2.2,1.4,2023-09-26,0629,Aqua,MODIS,59,61.03,277.2,27,D,0
-3.3911,105.3947,308,2.2,1.4,2023-09-26,0629,Aqua,MODIS,33,61.03,275.3,18.7,D,0
-3.4374,105.0549,315.8,2.3,1.5,2023-09-26,0629,Aqua,MODIS,65,61.03,292.4,29.9,D,0
-3.4402,105.0342,317.8,2.3,1.5,2023-09-26,0629,Aqua,MODIS,72,61.03,293.4,35,D,0
-3.4402,105.0484,321.5,2.3,1.5,2023-09-26,0629,Aqua,MODIS,72,61.03,292.9,50.2,D,0
-3.3293,105.4575,329.1,2.2,1.4,2023-09-26,0629,Aqua,MODIS,83,61.03,288.8,70,D,0
-3.332,105.4384,328,2.2,1.4,2023-09-26,0629,Aqua,MODIS,83,61.03,285.8,65.3,D,0
-3.3436,105.2615,314.7,2.2,1.4,2023-09-26,0629,Aqua,MODIS,0,61.03,285.1,31.8,D,0
-3.4203,104.6076,326.7,2.5,1.5,2023-09-26,0629,Aqua,MODIS,81,61.03,289,66.7,D,0
-3.4233,104.5852,315.6,2.5,1.5,2023-09-26,0629,Aqua,MODIS,36,61.03,288.4,27.7,D,0
-3.4272,104.6037,323.9,2.5,1.5,2023-09-26,0629,Aqua,MODIS,61,61.03,290.6,51.4,D,0
-3.1575,105.2838,326.2,2.2,1.4,2023-09-26,0629,Aqua,MODIS,81,61.03,293.4,57.4,D,0
-3.1446,105.2819,314.8,2.2,1.4,2023-09-26,0629,Aqua,MODIS,16,61.03,295.3,21.7,D,0
-3.1426,105.2013,312.8,2.2,1.5,2023-09-26,0629,Aqua,MODIS,28,61.03,286.8,21.8,D,0
-3.113,105.2323,318.5,2.2,1.4,2023-09-26,0629,Aqua,MODIS,58,61.03,292.2,32.9,D,0
-3.1187,105.1928,326.7,2.2,1.5,2023-09-26,0629,Aqua,MODIS,76,61.03,288.8,60.7,D,0
-3.1222,104.809,316.6,2.4,1.5,2023-09-26,0629,Aqua,MODIS,68,61.03,294.7,22.3,D,0
-2.8484,106.5189,321,1.7,1.3,2023-09-26,0629,Aqua,MODIS,46,61.03,300.5,20.5,D,0
-3.084,104.6941,314.6,2.5,1.5,2023-09-26,0629,Aqua,MODIS,47,61.03,293.8,22.7,D,0
-2.7655,106.523,321.7,1.7,1.3,2023-09-26,0629,Aqua,MODIS,72,61.03,298.4,23.8,D,0
-2.8114,106.189,317,1.9,1.3,2023-09-26,0629,Aqua,MODIS,59,61.03,297.7,14,D,0
-2.8137,106.1725,316.2,1.9,1.3,2023-09-26,0629,Aqua,MODIS,43,61.03,297.9,13,D,0
-2.7668,106.5337,321,1.7,1.3,2023-09-26,0629,Aqua,MODIS,74,61.03,297.7,24.9,D,0
-2.8057,106.1831,320.7,1.9,1.3,2023-09-26,0629,Aqua,MODIS,74,61.03,297.8,24,D,0
-2.893,105.3086,333.9,2.2,1.4,2023-09-26,0629,Aqua,MODIS,86,61.03,296.2,84,D,0
-2.915,105.1522,312.3,2.2,1.5,2023-09-26,0629,Aqua,MODIS,59,61.03,294.2,16.8,D,0
-2.69,106.6621,323.9,1.7,1.3,2023-09-26,0629,Aqua,MODIS,0,61.03,298.7,27.2,D,0
-2.8911,105.2292,337,2.2,1.4,2023-09-26,0629,Aqua,MODIS,88,61.03,292.1,99,D,0
-2.8755,105.2469,328.2,2.2,1.4,2023-09-26,0629,Aqua,MODIS,79,61.03,288.6,62.7,D,0
-2.8731,105.2594,312.9,2.2,1.4,2023-09-26,0629,Aqua,MODIS,33,61.03,288.1,19.3,D,0
-2.8759,105.24,327.3,2.2,1.4,2023-09-26,0629,Aqua,MODIS,81,61.03,288.6,62.9,D,0
-2.8407,104.7358,314.1,2.4,1.5,2023-09-26,0629,Aqua,MODIS,64,61.03,279.5,33.9,D,0
-2.8458,104.7314,316.7,2.4,1.5,2023-09-26,0629,Aqua,MODIS,69,61.03,281.5,41.7,D,0
-2.5614,105.4359,322.5,2.1,1.4,2023-09-26,0629,Aqua,MODIS,77,61.03,295,39.3,D,0
-2.4329,106.2759,325.1,1.8,1.3,2023-09-26,0630,Aqua,MODIS,57,61.03,291.9,40.2,D,0
-2.4351,106.2599,321.3,1.8,1.3,2023-09-26,0630,Aqua,MODIS,54,61.03,293.5,31.1,D,0
-2.5607,105.4306,320.3,2.1,1.4,2023-09-26,0630,Aqua,MODIS,69,61.03,294.5,30.7,D,0
-2.4261,106.2698,328.6,1.8,1.3,2023-09-26,0630,Aqua,MODIS,81,61.03,292.8,46.2,D,0
-2.1008,105.8133,335.5,1.9,1.4,2023-09-26,0630,Aqua,MODIS,87,61.03,285.6,80.8,D,0
-2.1032,105.7963,329.8,1.9,1.4,2023-09-26,0630,Aqua,MODIS,83,61.03,289.6,60.8,D,0
-2.1016,105.4542,318.5,2.1,1.4,2023-09-26,0630,Aqua,MODIS,0,61.03,298.2,26.3,D,0
-2.0993,105.4471,319.2,2.1,1.4,2023-09-26,0630,Aqua,MODIS,0,61.03,298.3,29.2,D,0
-2.894,105.3105,304.4,1,1,2023-09-26,1852,Aqua,MODIS,49,61.03,293.4,5.5,N,0
-3.1006,105.214,316.9,1,1,2023-09-26,1852,Aqua,MODIS,94,61.03,295.7,14.6,N,0
-3.1019,105.2228,306.3,1,1,2023-09-26,1852,Aqua,MODIS,68,61.03,294.3,6.6,N,0
-3.1032,105.2317,306.2,1,1,2023-09-26,1852,Aqua,MODIS,67,61.03,293.9,6.8,N,0
-3.1045,105.2405,305.1,1,1,2023-09-26,1852,Aqua,MODIS,63,61.03,292.9,5.9,N,0
-3.1771,104.611,310,1,1,2023-09-26,1852,Aqua,MODIS,79,61.03,294.5,8.8,N,0
-3.3113,105.4521,318.1,1,1,2023-09-26,1852,Aqua,MODIS,96,61.03,292.5,16.5,N,0
-3.3313,105.4608,309.2,1,1,2023-09-26,1852,Aqua,MODIS,77,61.03,292.1,9.7,N,0
-3.3202,105.2627,312.7,1,1,2023-09-26,1852,Aqua,MODIS,86,61.03,297,11.1,N,0
-3.2884,104.9868,321,1,1,2023-09-26,1852,Aqua,MODIS,100,61.03,295.6,16.6,N,0
-3.2897,104.9957,309.1,1,1,2023-09-26,1852,Aqua,MODIS,29,61.03,294.5,6.7,N,0
-3.3278,105.2526,350,1,1,2023-09-26,1852,Aqua,MODIS,100,61.03,297.9,61.9,N,0
-3.3292,105.2615,395.9,1,1,2023-09-26,1852,Aqua,MODIS,100,61.03,316.4,229.6,N,0
-3.3305,105.2703,367.2,1,1,2023-09-26,1852,Aqua,MODIS,100,61.03,310.7,106.3,N,0
-3.3318,105.2792,313.7,1,1,2023-09-26,1852,Aqua,MODIS,88,61.03,296.5,11.4,N,0
-3.2946,104.9678,306,1,1,2023-09-26,1852,Aqua,MODIS,26,61.03,294.4,5.3,N,0
-3.2959,104.9767,316,1,1,2023-09-26,1852,Aqua,MODIS,65,61.03,295.7,11.5,N,0
-3.2973,104.9855,314.5,1,1,2023-09-26,1852,Aqua,MODIS,54,61.03,295.2,10,N,0
-3.2986,104.9944,308.9,1,1,2023-09-26,1852,Aqua,MODIS,25,61.03,294.3,6,N,0
-3.3025,105.0209,305.7,1,1,2023-09-26,1852,Aqua,MODIS,37,61.03,294.4,4.9,N,0
-3.3381,105.2602,313,1,1,2023-09-26,1852,Aqua,MODIS,86,61.03,294.2,11.2,N,0
-3.3394,105.269,313.1,1,1,2023-09-26,1852,Aqua,MODIS,81,61.03,294.6,11.1,N,0
-3.3035,104.9665,312,1,1,2023-09-26,1852,Aqua,MODIS,63,61.03,295.1,9.6,N,0
-3.3124,104.9652,314.1,1,1,2023-09-26,1852,Aqua,MODIS,88,61.03,293.9,11.9,N,0
-3.3292,105.0171,304.4,1,1,2023-09-26,1852,Aqua,MODIS,40,61.03,293.9,4.5,N,0
-3.3395,105.0246,320.3,1,1,2023-09-26,1852,Aqua,MODIS,100,61.03,295.9,16.2,N,0
-3.3408,105.0335,324.2,1,1,2023-09-26,1852,Aqua,MODIS,100,61.03,297,20.4,N,0
-3.4276,105.5563,304.4,1,1,2023-09-26,1852,Aqua,MODIS,60,61.03,293.3,6.3,N,0
-3.3596,105.0251,316.1,1,1,2023-09-26,1852,Aqua,MODIS,92,61.03,294.6,14.3,N,0
-3.3609,105.0339,306,1,1,2023-09-26,1852,Aqua,MODIS,66,61.03,294.1,6.6,N,0
-3.3622,105.0428,318.8,1,1,2023-09-26,1852,Aqua,MODIS,98,61.03,294.8,16.1,N,0
-3.3635,105.0516,327.1,1,1,2023-09-26,1852,Aqua,MODIS,100,61.03,298.5,24.4,N,0
-3.4253,105.4688,305.3,1,1,2023-09-26,1852,Aqua,MODIS,25,61.03,294.1,6.1,N,0
-3.4271,104.8638,303.6,1,1,2023-09-26,1852,Aqua,MODIS,56,61.03,292.8,5.1,N,0
-3.4285,104.8727,312.6,1,1,2023-09-26,1852,Aqua,MODIS,85,61.03,294,11.2,N,0
-3.4963,105.2068,305.6,1,1,2023-09-26,1852,Aqua,MODIS,37,61.03,293.4,6,N,0
-2.7786,105.6843,317.6,1.8,1.3,2023-09-27,0236,Terra,MODIS,27,61.03,303.1,18.8,D,0
-2.8989,105.3159,316.9,1.9,1.3,2023-09-27,0236,Terra,MODIS,65,61.03,299.6,18.1,D,0
-2.8579,104.762,314.3,2.1,1.4,2023-09-27,0236,Terra,MODIS,63,61.03,298,18.2,D,0
-3.1106,105.2142,317.3,1.9,1.3,2023-09-27,0236,Terra,MODIS,37,61.03,300.2,16.7,D,0
-3.1157,105.2476,317.2,1.9,1.3,2023-09-27,0236,Terra,MODIS,31,61.03,300.4,16.1,D,0
-3.3274,105.2713,332.3,1.9,1.3,2023-09-27,0236,Terra,MODIS,84,61.03,299.1,61.6,D,0
-3.2963,104.9824,326.6,2,1.4,2023-09-27,0236,Terra,MODIS,30,61.03,301.7,32.9,D,0
-3.3392,105.2696,334.9,1.9,1.3,2023-09-27,0236,Terra,MODIS,86,61.03,301.5,70.3,D,0
-3.4389,105.4794,320.6,1.8,1.3,2023-09-27,0236,Terra,MODIS,71,61.03,299.6,23.8,D,0
-3.5946,104.8841,318.4,2,1.4,2023-09-27,0236,Terra,MODIS,35,61.03,300.7,17.5,D,0
-3.5755,105.5344,319.8,1.5,1.2,2023-09-27,0711,Aqua,MODIS,56,61.03,302.6,16.4,D,0
-3.5651,105.6029,328,1.6,1.2,2023-09-27,0711,Aqua,MODIS,77,61.03,305.4,32.2,D,0
-3.5672,105.5891,326.3,1.6,1.2,2023-09-27,0711,Aqua,MODIS,75,61.03,305.2,28.6,D,0
-3.5714,105.5617,328.8,1.5,1.2,2023-09-27,0711,Aqua,MODIS,78,61.03,304.6,34.7,D,0
-3.5734,105.548,326.1,1.5,1.2,2023-09-27,0711,Aqua,MODIS,75,61.03,303.4,28.3,D,0
-3.5348,105.6549,319.9,1.6,1.2,2023-09-27,0711,Aqua,MODIS,58,61.03,300.6,16.4,D,0
-3.5369,105.641,317.9,1.6,1.2,2023-09-27,0711,Aqua,MODIS,32,61.03,300.5,11.8,D,0
-3.5329,105.648,323.9,1.6,1.2,2023-09-27,0711,Aqua,MODIS,68,61.03,301.1,23.8,D,0
-3.4947,105.2113,331.9,1.5,1.2,2023-09-27,0711,Aqua,MODIS,65,61.03,303.7,33.5,D,0
-3.5409,104.8955,331.2,1.4,1.2,2023-09-27,0711,Aqua,MODIS,71,61.03,304.2,26.4,D,0
-3.443,105.4883,326.7,1.5,1.2,2023-09-27,0711,Aqua,MODIS,61,61.03,302,26.7,D,0
-3.445,105.4747,328.4,1.5,1.2,2023-09-27,0711,Aqua,MODIS,62,61.03,305,29.5,D,0
-3.486,105.1967,361,1.5,1.2,2023-09-27,0711,Aqua,MODIS,100,61.03,303.7,135.9,D,0
-3.4401,105.4326,330.9,1.5,1.2,2023-09-27,0711,Aqua,MODIS,69,61.03,301.5,31.2,D,0
-3.4421,105.4191,331.3,1.5,1.2,2023-09-27,0711,Aqua,MODIS,80,61.03,304.6,35.1,D,0
-3.4117,105.4008,335,1.5,1.2,2023-09-27,0711,Aqua,MODIS,83,61.03,301.9,46.5,D,0
-3.3968,105.4261,334.3,1.5,1.2,2023-09-27,0711,Aqua,MODIS,84,61.03,304.8,41.5,D,0
-3.3563,105.372,325.1,1.5,1.2,2023-09-27,0711,Aqua,MODIS,48,61.03,304.8,21.4,D,0
-3.3583,105.3586,323.9,1.5,1.2,2023-09-27,0711,Aqua,MODIS,58,61.03,305.3,20.5,D,0
-3.336,105.2875,320.6,1.5,1.2,2023-09-27,0711,Aqua,MODIS,26,61.03,300.9,14.9,D,0
-3.3379,105.2743,336,1.5,1.2,2023-09-27,0711,Aqua,MODIS,85,61.03,303.2,46.9,D,0
-3.3399,105.2612,384.8,1.5,1.2,2023-09-27,0711,Aqua,MODIS,100,61.03,312,289.1,D,0
-3.3419,105.2481,384.4,1.5,1.2,2023-09-27,0711,Aqua,MODIS,100,61.03,308.6,286.8,D,0
-3.3292,105.2596,385.1,1.5,1.2,2023-09-27,0711,Aqua,MODIS,100,61.03,308,292.8,D,0
-3.3538,105.0263,331.5,1.4,1.2,2023-09-27,0711,Aqua,MODIS,42,61.03,300,27.8,D,0
-3.3858,104.6984,349.6,1.4,1.2,2023-09-27,0711,Aqua,MODIS,89,61.03,304.6,76.4,D,0
-3.2827,105.328,324.4,1.5,1.2,2023-09-27,0711,Aqua,MODIS,44,61.03,304.8,19.2,D,0
-3.3755,104.6968,347.5,1.4,1.2,2023-09-27,0711,Aqua,MODIS,81,61.03,298.6,70.7,D,0
-3.2612,105.3248,331.8,1.5,1.2,2023-09-27,0711,Aqua,MODIS,22,61.03,306.5,30.6,D,0
-3.2988,104.9996,324.4,1.4,1.2,2023-09-27,0711,Aqua,MODIS,32,61.03,295.8,16.9,D,0
-3.2396,105.3215,328,1.5,1.2,2023-09-27,0711,Aqua,MODIS,35,61.03,302.1,22.4,D,0
-3.2248,105.3465,326.8,1.5,1.2,2023-09-27,0711,Aqua,MODIS,37,61.03,301.3,24.4,D,0
-3.2268,105.3332,332.9,1.5,1.2,2023-09-27,0711,Aqua,MODIS,68,61.03,302.5,36.9,D,0
-3.2161,105.3316,339.9,1.5,1.2,2023-09-27,0711,Aqua,MODIS,88,61.03,302.3,58.4,D,0
-3.1397,105.368,337.3,1.5,1.2,2023-09-27,0711,Aqua,MODIS,87,61.03,300.9,55.7,D,0
-3.1418,105.3546,324.9,1.5,1.2,2023-09-27,0711,Aqua,MODIS,31,61.03,302.2,23.9,D,0
-3.1134,105.323,350.1,1.5,1.2,2023-09-27,0711,Aqua,MODIS,89,61.03,297,96.2,D,0
-3.1203,105.3321,348.6,1.5,1.2,2023-09-27,0711,Aqua,MODIS,94,61.03,300.9,92,D,0
-3.1124,105.2358,331.5,1.5,1.2,2023-09-27,0711,Aqua,MODIS,74,61.03,300.3,36.4,D,0
-3.1143,105.2227,339.4,1.5,1.2,2023-09-27,0711,Aqua,MODIS,81,61.03,302,55.5,D,0
-3.1036,105.2211,350.8,1.5,1.2,2023-09-27,0711,Aqua,MODIS,95,61.03,298.7,96,D,0
-3.0852,105.1249,364.4,1.5,1.2,2023-09-27,0711,Aqua,MODIS,100,61.03,299.6,155.9,D,0
-3.0871,105.112,365.5,1.5,1.2,2023-09-27,0711,Aqua,MODIS,100,61.03,298.6,158.9,D,0
-3.0929,105.0734,331.9,1.4,1.2,2023-09-27,0711,Aqua,MODIS,48,61.03,300.5,33.3,D,0
-3.0901,105.0207,324,1.4,1.2,2023-09-27,0711,Aqua,MODIS,66,61.03,301.7,20.2,D,0
-3.0795,105.0191,332,1.4,1.2,2023-09-27,0711,Aqua,MODIS,82,61.03,301.1,35.6,D,0
-3.0824,104.9291,318.1,1.4,1.2,2023-09-27,0711,Aqua,MODIS,39,61.03,299.4,10.6,D,0
-3.0742,105.0114,321.4,1.4,1.2,2023-09-27,0711,Aqua,MODIS,43,61.03,299.4,15.8,D,0
-3.0947,104.797,320.6,1.4,1.2,2023-09-27,0711,Aqua,MODIS,62,61.03,300.9,11.2,D,0
-3.0843,104.7955,327.2,1.4,1.2,2023-09-27,0711,Aqua,MODIS,72,61.03,300.3,21.7,D,0
-3.0635,104.7924,332.8,1.4,1.2,2023-09-27,0711,Aqua,MODIS,72,61.03,301.2,35.2,D,0
-2.9245,105.263,325.6,1.5,1.2,2023-09-27,0711,Aqua,MODIS,34,61.03,304.3,21.1,D,0
-2.9265,105.2497,326.7,1.5,1.2,2023-09-27,0711,Aqua,MODIS,26,61.03,306.2,24.9,D,0
-2.9304,105.2232,333.4,1.5,1.2,2023-09-27,0711,Aqua,MODIS,84,61.03,304.1,44.2,D,0
-2.9098,105.2881,332,1.5,1.2,2023-09-27,0711,Aqua,MODIS,79,61.03,302.5,32.4,D,0
-2.9216,105.2083,328,1.5,1.2,2023-09-27,0711,Aqua,MODIS,71,61.03,301.5,29.5,D,0
-2.899,105.2865,327.8,1.5,1.2,2023-09-27,0711,Aqua,MODIS,49,61.03,305,23.2,D,0
-2.9167,105.1672,320,1.5,1.2,2023-09-27,0711,Aqua,MODIS,23,61.03,300.9,14.8,D,0
-2.9206,105.141,338.9,1.5,1.2,2023-09-27,0711,Aqua,MODIS,88,61.03,303.3,56.7,D,0
-2.8862,105.2983,334.6,1.5,1.2,2023-09-27,0711,Aqua,MODIS,78,61.03,306.4,43,D,0
-2.8882,105.2849,336.5,1.5,1.2,2023-09-27,0711,Aqua,MODIS,81,61.03,304.9,45.9,D,0
-2.8902,105.2715,333.6,1.5,1.2,2023-09-27,0711,Aqua,MODIS,65,61.03,302.1,36,D,0
-2.9158,105.1004,322.1,1.5,1.2,2023-09-27,0711,Aqua,MODIS,70,61.03,301.6,19.6,D,0
-2.9177,105.0874,317.4,1.5,1.2,2023-09-27,0711,Aqua,MODIS,52,61.03,300.9,11.5,D,0
-2.8874,105.2167,334,1.5,1.2,2023-09-27,0711,Aqua,MODIS,75,61.03,303.6,42.4,D,0
-2.8767,105.2151,326,1.5,1.2,2023-09-27,0711,Aqua,MODIS,46,61.03,301,25.5,D,0
-2.8787,105.2019,328.9,1.5,1.2,2023-09-27,0711,Aqua,MODIS,79,61.03,299.9,34.1,D,0
-2.8619,105.24,343.9,1.5,1.2,2023-09-27,0711,Aqua,MODIS,91,61.03,301,73.6,D,0
-2.8563,105.2459,336.7,1.5,1.2,2023-09-27,0711,Aqua,MODIS,86,61.03,301.2,53.5,D,0
-2.8583,105.2326,323.6,1.5,1.2,2023-09-27,0711,Aqua,MODIS,55,61.03,300,23.1,D,0
-2.9133,104.7074,321.9,1.4,1.2,2023-09-27,0711,Aqua,MODIS,55,61.03,300.5,14.3,D,2
-2.8645,104.7502,317.2,1.4,1.2,2023-09-27,0711,Aqua,MODIS,44,61.03,298.4,10.1,D,0
-2.8541,104.7487,326.1,1.4,1.2,2023-09-27,0711,Aqua,MODIS,62,61.03,300,23,D,0
-2.856,104.7364,366,1.4,1.2,2023-09-27,0711,Aqua,MODIS,100,61.03,303.2,152.2,D,0
-2.8578,104.7241,320.6,1.4,1.2,2023-09-27,0711,Aqua,MODIS,44,61.03,298.8,14.7,D,0
-2.8456,104.7349,356.4,1.4,1.2,2023-09-27,0711,Aqua,MODIS,98,61.03,301.9,107.6,D,0
-2.8475,104.7226,333.1,1.4,1.2,2023-09-27,0711,Aqua,MODIS,81,61.03,298.9,36.6,D,0
-2.8402,104.7286,319.5,1.4,1.2,2023-09-27,0711,Aqua,MODIS,57,61.03,300.6,14,D,0
-2.4387,106.2773,330.8,1.8,1.3,2023-09-27,0711,Aqua,MODIS,80,61.03,304.5,39.7,D,0
-2.4411,106.2612,325.4,1.8,1.3,2023-09-27,0711,Aqua,MODIS,69,61.03,303.1,23.4,D,0
-2.4176,106.2576,327.4,1.8,1.3,2023-09-27,0711,Aqua,MODIS,76,61.03,303,30.4,D,0
-2.4236,106.2528,328.1,1.8,1.3,2023-09-27,0711,Aqua,MODIS,77,61.03,303.8,32.9,D,0
-2.3784,105.0765,321.5,1.5,1.2,2023-09-27,0711,Aqua,MODIS,54,61.03,304.2,14.7,D,0
-2.0934,105.4542,318.9,1.6,1.2,2023-09-27,0711,Aqua,MODIS,50,61.03,300.7,16.3,D,0
-1.5712,105.4859,328.1,1.6,1.3,2023-09-27,0711,Aqua,MODIS,59,61.03,300.6,33.5,D,0
-3.0958,105.2293,310.8,1.1,1,2023-09-27,1455,Terra,MODIS,81,61.03,295.2,9.5,N,0
-2.4498,105.44,309.4,1,1,2023-09-27,1455,Terra,MODIS,76,61.03,294.6,8,N,0
-2.4176,106.262,307.5,1,1,2023-09-27,1455,Terra,MODIS,70,61.03,294.2,6.6,N,0
-2.4354,106.2645,324.7,1,1,2023-09-27,1455,Terra,MODIS,100,61.03,294.6,21.2,N,0
-2.5835,106.5868,307.9,1,1,2023-09-27,1455,Terra,MODIS,71,61.03,295.4,5.7,N,0
-2.5822,106.5957,308.7,1,1,2023-09-27,1455,Terra,MODIS,74,61.03,295.7,6.2,N,0
-2.727,106.294,308.3,1,1,2023-09-27,1455,Terra,MODIS,74,61.03,293.6,7.4,N,0
-2.9011,105.3057,307.3,1.1,1,2023-09-27,1455,Terra,MODIS,71,61.03,294.5,6.9,N,0
-2.8998,105.3151,307,1.1,1,2023-09-27,1455,Terra,MODIS,70,61.03,293.9,6.5,N,0
-2.9235,105.2123,311.1,1.1,1,2023-09-27,1455,Terra,MODIS,82,61.03,293.2,11,N,0
-2.9103,105.3069,311.5,1.1,1,2023-09-27,1455,Terra,MODIS,83,61.03,293.7,10,N,0
-3.0703,104.9543,306.5,1.1,1,2023-09-27,1455,Terra,MODIS,68,61.03,293.6,6.9,N,0
-2.8904,106.3683,315.3,1,1,2023-09-27,1455,Terra,MODIS,91,61.03,294.5,12.2,N,0
-3.1814,104.6109,305.4,1.1,1.1,2023-09-27,1455,Terra,MODIS,64,61.03,294.9,6.1,N,0
-3.0984,105.2103,318.1,1.1,1,2023-09-27,1455,Terra,MODIS,96,61.03,296.4,16.1,N,0
-3.0971,105.2198,350.3,1.1,1,2023-09-27,1455,Terra,MODIS,100,61.03,299.6,68.4,N,0
-3.5246,105.6549,313.1,1,1,2023-09-27,1455,Terra,MODIS,86,61.03,294.6,11.7,N,0
-3.5259,105.6456,317.6,1,1,2023-09-27,1455,Terra,MODIS,95,61.03,295.5,15.8,N,0
-3.4985,105.1834,304.5,1.1,1,2023-09-27,1455,Terra,MODIS,60,61.03,293.9,5.3,N,0
-3.5285,104.9691,304.2,1.1,1.1,2023-09-27,1455,Terra,MODIS,35,61.03,293.9,5.5,N,0
-3.4365,105.4942,312.6,1.1,1,2023-09-27,1455,Terra,MODIS,71,61.03,294.7,10.5,N,0
-3.4378,105.4848,333.6,1.1,1,2023-09-27,1455,Terra,MODIS,100,61.03,298.3,34.1,N,0
-3.5084,104.9763,304.8,1.1,1.1,2023-09-27,1455,Terra,MODIS,62,61.03,293.3,6.7,N,0
-3.4221,105.4635,307.1,1.1,1,2023-09-27,1455,Terra,MODIS,10,61.03,294.6,6,N,0
-3.4273,105.4258,325.1,1.1,1,2023-09-27,1455,Terra,MODIS,100,61.03,294.1,24.4,N,0
-3.4286,105.4164,307.9,1.1,1,2023-09-27,1455,Terra,MODIS,73,61.03,293,8.1,N,0
-3.3705,105.4403,340.3,1.1,1,2023-09-27,1455,Terra,MODIS,100,61.03,294.5,47.6,N,0
-3.3718,105.4309,308.8,1.1,1,2023-09-27,1455,Terra,MODIS,76,61.03,293,8.7,N,0
-3.3614,105.439,316.9,1.1,1,2023-09-27,1455,Terra,MODIS,94,61.03,293.3,15.5,N,0
-3.3759,105.2673,312.7,1.1,1,2023-09-27,1455,Terra,MODIS,85,61.03,294.9,12.3,N,0
-3.3773,105.2578,322,1.1,1,2023-09-27,1455,Terra,MODIS,100,61.03,295.4,21.7,N,0
-3.4313,104.8685,335.5,1.1,1.1,2023-09-27,1455,Terra,MODIS,100,61.03,296.3,42.9,N,0
-3.4327,104.8586,305.3,1.1,1.1,2023-09-27,1455,Terra,MODIS,64,61.03,293.2,7.2,N,0
-3.3352,105.2907,317.2,1.1,1,2023-09-27,1455,Terra,MODIS,95,61.03,295.9,15.2,N,0
-3.3365,105.2812,307.3,1.1,1,2023-09-27,1455,Terra,MODIS,42,61.03,295.5,6.3,N,0
-3.3378,105.2717,311.6,1.1,1,2023-09-27,1455,Terra,MODIS,83,61.03,296.4,9.7,N,0
-3.3391,105.2621,341.9,1.1,1,2023-09-27,1455,Terra,MODIS,100,61.03,300.9,49.7,N,0
-3.3404,105.2526,368.2,1.1,1,2023-09-27,1455,Terra,MODIS,100,61.03,305.8,122.2,N,0
-3.3417,105.243,318.1,1.1,1,2023-09-27,1455,Terra,MODIS,96,61.03,295.1,16.5,N,0
-3.3682,105.0501,317,1.1,1,2023-09-27,1455,Terra,MODIS,92,61.03,296.1,15.3,N,0
-3.3696,105.0404,325.4,1.1,1,2023-09-27,1455,Terra,MODIS,100,61.03,295.4,24.8,N,0
-3.3286,105.2704,336.7,1.1,1,2023-09-27,1455,Terra,MODIS,100,61.03,299.2,40.1,N,0
-3.3299,105.2608,375.7,1.1,1,2023-09-27,1455,Terra,MODIS,100,61.03,311.3,149.1,N,0
-3.3312,105.2513,384,1.1,1,2023-09-27,1455,Terra,MODIS,100,61.03,313.6,188.6,N,0
-3.3325,105.2417,342.7,1.1,1,2023-09-27,1455,Terra,MODIS,100,61.03,300.2,51.9,N,0
-3.3603,105.0391,307.5,1.1,1,2023-09-27,1455,Terra,MODIS,60,61.03,294.8,7.4,N,0
-3.3616,105.0293,306.9,1.1,1,2023-09-27,1455,Terra,MODIS,28,61.03,294.7,6.9,N,0
-3.3629,105.0195,312.7,1.1,1,2023-09-27,1455,Terra,MODIS,77,61.03,294.6,11.8,N,0
-3.379,104.9016,305.7,1.1,1.1,2023-09-27,1455,Terra,MODIS,65,61.03,295.2,7,N,0
-3.322,105.2635,343.7,1.1,1,2023-09-27,1455,Terra,MODIS,100,61.03,298.9,54.7,N,0
-3.3233,105.254,368.5,1.1,1,2023-09-27,1455,Terra,MODIS,100,61.03,308.1,123.1,N,0
-3.3247,105.2444,366.7,1.1,1,2023-09-27,1455,Terra,MODIS,100,61.03,308.4,116.7,N,0
-3.326,105.2349,326.4,1.1,1,2023-09-27,1455,Terra,MODIS,100,61.03,296.9,25.7,N,0
-3.3155,105.2432,312.6,1.1,1,2023-09-27,1455,Terra,MODIS,85,61.03,295.3,11.5,N,0
-3.3452,105.0311,322,1.1,1,2023-09-27,1455,Terra,MODIS,100,61.03,297,20.7,N,0
-3.3466,105.0213,328.7,1.1,1,2023-09-27,1455,Terra,MODIS,100,61.03,297.8,29.4,N,0
-3.3373,105.02,316.9,1.1,1,2023-09-27,1455,Terra,MODIS,94,61.03,295.4,14.5,N,0
-3.3293,105.009,312.3,1.1,1,2023-09-27,1455,Terra,MODIS,47,61.03,295.3,9.9,N,0
-3.32,105.0077,309.5,1.1,1,2023-09-27,1455,Terra,MODIS,57,61.03,294.3,7.5,N,0
-3.3214,104.9979,319.6,1.1,1,2023-09-27,1455,Terra,MODIS,99,61.03,295.3,17.6,N,0
-3.3148,104.977,314,1.1,1,2023-09-27,1455,Terra,MODIS,88,61.03,294.9,12.9,N,0
-3.3161,104.9672,327.1,1.1,1.1,2023-09-27,1455,Terra,MODIS,100,61.03,297.1,27.9,N,0
-3.3175,104.9574,344.5,1.1,1.1,2023-09-27,1455,Terra,MODIS,100,61.03,299.4,59.1,N,0
-3.3001,105.0148,312.8,1.1,1,2023-09-27,1455,Terra,MODIS,78,61.03,295.2,10.8,N,0
-3.3028,104.9953,319.3,1.1,1,2023-09-27,1455,Terra,MODIS,98,61.03,295.8,16.5,N,0
-3.3041,104.9855,319.3,1.1,1,2023-09-27,1455,Terra,MODIS,98,61.03,296.2,16.4,N,0
-3.3055,104.9757,328.1,1.1,1,2023-09-27,1455,Terra,MODIS,100,61.03,297.6,27.9,N,0
-3.3068,104.9659,320,1.1,1.1,2023-09-27,1455,Terra,MODIS,100,61.03,296.4,18.1,N,0
-3.3082,104.9561,318.9,1.1,1.1,2023-09-27,1455,Terra,MODIS,98,61.03,295.9,17.6,N,0
-3.2935,104.994,313.6,1.1,1,2023-09-27,1455,Terra,MODIS,88,61.03,295.3,11.5,N,0
-3.2948,104.9842,328.1,1.1,1,2023-09-27,1455,Terra,MODIS,100,61.03,298,28.3,N,0
-3.2961,104.9744,322.2,1.1,1,2023-09-27,1455,Terra,MODIS,100,61.03,297,20.4,N,0
-3.2975,104.9646,316.1,1.1,1.1,2023-09-27,1455,Terra,MODIS,93,61.03,296.1,13.9,N,0
-3.2855,104.9829,313,1.1,1,2023-09-27,1455,Terra,MODIS,86,61.03,295.3,11.8,N,0
-3.2353,105.2804,313.3,1.1,1,2023-09-27,1455,Terra,MODIS,87,61.03,294.8,12.1,N,0
-3.1602,105.2928,304.4,1.1,1,2023-09-27,1455,Terra,MODIS,60,61.03,293.9,4.9,N,0
-3.1511,105.2915,306.2,1.1,1,2023-09-27,1455,Terra,MODIS,67,61.03,294,6.3,N,0
-3.1302,105.1171,303.9,1.1,1,2023-09-27,1455,Terra,MODIS,57,61.03,293.6,5.3,N,0
-3.1036,105.2402,317,1.1,1,2023-09-27,1455,Terra,MODIS,94,61.03,295.8,15.2,N,0
-3.1049,105.2306,328.9,1.1,1,2023-09-27,1455,Terra,MODIS,100,61.03,299.2,28.8,N,0
-3.1063,105.2211,338.9,1.1,1,2023-09-27,1455,Terra,MODIS,100,61.03,300.9,44.3,N,0
-3.1076,105.2116,328.6,1.1,1,2023-09-27,1455,Terra,MODIS,100,61.03,298.3,28.4,N,0
-2.0846,105.8454,317.9,1.8,1.3,2023-09-28,0317,Terra,MODIS,67,61.03,299.5,17.1,D,0
-2.0807,105.8402,321.3,1.8,1.3,2023-09-28,0317,Terra,MODIS,69,61.03,300.2,23.7,D,0
-2.4081,105.8742,337.5,1.8,1.3,2023-09-28,0317,Terra,MODIS,66,61.03,297.7,81.5,D,0
-2.8673,105.3026,315.6,1.7,1.3,2023-09-28,0317,Terra,MODIS,59,61.03,296.4,14,D,0
-2.9033,105.3128,321.9,1.7,1.3,2023-09-28,0317,Terra,MODIS,66,61.03,298.6,24.7,D,0
-2.9244,105.2199,323.3,1.7,1.3,2023-09-28,0317,Terra,MODIS,67,61.03,298.5,27,D,0
-2.9239,105.214,323.8,1.7,1.3,2023-09-28,0317,Terra,MODIS,76,61.03,298.1,30.1,D,0
-3.0994,105.3194,322.5,1.7,1.3,2023-09-28,0317,Terra,MODIS,74,61.03,296.9,29.8,D,0
-3.0959,105.2141,326.7,1.7,1.3,2023-09-28,0317,Terra,MODIS,69,61.03,299.5,33.1,D,0
-3.098,105.2288,325.2,1.7,1.3,2023-09-28,0317,Terra,MODIS,62,61.03,299.2,29.7,D,0
-3.1071,105.2126,326.7,1.7,1.3,2023-09-28,0317,Terra,MODIS,71,61.03,300.5,31.2,D,0
-3.1093,105.2273,325.2,1.7,1.3,2023-09-28,0317,Terra,MODIS,64,61.03,299.2,27.9,D,0
-3.0972,105.2231,327.2,1.7,1.3,2023-09-28,0317,Terra,MODIS,72,61.03,299.8,33.2,D,0
-3.1085,105.2215,330.1,1.7,1.3,2023-09-28,0317,Terra,MODIS,76,61.03,300.2,39.8,D,0
-3.133,105.2332,321.3,1.7,1.3,2023-09-28,0317,Terra,MODIS,45,61.03,298.5,20.1,D,0
-3.1421,105.0539,313.7,1.6,1.3,2023-09-28,0317,Terra,MODIS,48,61.03,297.7,8.5,D,0
-3.2045,105.3299,334.1,1.7,1.3,2023-09-28,0317,Terra,MODIS,85,61.03,298.4,58.5,D,0
-3.2066,105.3449,318.5,1.7,1.3,2023-09-28,0317,Terra,MODIS,67,61.03,298.2,19.5,D,0
-3.2025,105.3237,320.6,1.7,1.3,2023-09-28,0317,Terra,MODIS,51,61.03,297.9,20.5,D,0
-3.2045,105.3388,326.2,1.7,1.3,2023-09-28,0317,Terra,MODIS,78,61.03,298.3,34.8,D,0
-3.2815,105.3903,317,1.7,1.3,2023-09-28,0317,Terra,MODIS,62,61.03,301.8,16.8,D,0
-3.311,105.4331,321.2,1.8,1.3,2023-09-28,0317,Terra,MODIS,50,61.03,299.4,22.7,D,0
-3.3199,105.256,331.7,1.7,1.3,2023-09-28,0317,Terra,MODIS,69,61.03,301,47.4,D,0
-3.3472,105.4538,324,1.8,1.3,2023-09-28,0317,Terra,MODIS,38,61.03,300.7,24,D,0
-3.2945,104.9918,332,1.6,1.3,2023-09-28,0317,Terra,MODIS,61,61.03,302.3,34.9,D,0
-3.3312,105.2544,352.5,1.7,1.3,2023-09-28,0317,Terra,MODIS,96,61.03,305.3,127.6,D,0
-3.3333,105.2694,333.6,1.7,1.3,2023-09-28,0317,Terra,MODIS,58,61.03,302.7,52,D,0
-3.3375,105.2994,318.3,1.7,1.3,2023-09-28,0317,Terra,MODIS,59,61.03,298.7,18.1,D,0
-3.2956,104.9194,318.9,1.6,1.2,2023-09-28,0317,Terra,MODIS,46,61.03,302,17,D,0
-3.3036,104.976,335.9,1.6,1.3,2023-09-28,0317,Terra,MODIS,57,61.03,304.1,48.9,D,0
-3.3574,105.3585,318.8,1.7,1.3,2023-09-28,0317,Terra,MODIS,45,61.03,302.6,18.8,D,0
-3.3127,104.9603,331.2,1.6,1.2,2023-09-28,0317,Terra,MODIS,64,61.03,302.1,39.2,D,0
-3.3796,105.4337,343.5,1.8,1.3,2023-09-28,0317,Terra,MODIS,91,61.03,302.4,86.6,D,0
-3.3818,105.4491,328.1,1.8,1.3,2023-09-28,0317,Terra,MODIS,68,61.03,300.3,35.2,D,0
-3.3451,105.0286,345.9,1.6,1.3,2023-09-28,0317,Terra,MODIS,91,61.03,304.5,79.7,D,0
-3.3787,105.2632,320.5,1.7,1.3,2023-09-28,0317,Terra,MODIS,69,61.03,299.7,23.5,D,0
-3.345,105.0223,335.6,1.6,1.3,2023-09-28,0317,Terra,MODIS,65,61.03,302.2,45.1,D,0
-3.3769,105.2571,315.5,1.7,1.3,2023-09-28,0317,Terra,MODIS,19,61.03,299.1,11.1,D,0
-3.3025,104.5505,319.8,1.5,1.2,2023-09-28,0317,Terra,MODIS,67,61.03,302.4,14.4,D,0
-3.3712,105.0481,330,1.6,1.3,2023-09-28,0317,Terra,MODIS,52,61.03,302.3,35.5,D,0
-3.4247,105.4369,325.8,1.8,1.3,2023-09-28,0317,Terra,MODIS,35,61.03,299.4,29,D,0
-3.4427,105.482,323.6,1.8,1.3,2023-09-28,0317,Terra,MODIS,61,61.03,301.6,29,D,0
-3.4448,105.4976,318,1.8,1.3,2023-09-28,0317,Terra,MODIS,29,61.03,299.3,17.6,D,0
-3.3756,104.9165,326.3,1.6,1.2,2023-09-28,0317,Terra,MODIS,66,61.03,299.8,31.3,D,0
-3.418,105.0564,313.3,1.6,1.3,2023-09-28,0317,Terra,MODIS,31,61.03,298.3,9.3,D,0
-3.5255,105.6487,314.2,1.8,1.3,2023-09-28,0317,Terra,MODIS,46,61.03,298.6,13.7,D,0
-3.5561,105.6389,319.1,1.8,1.3,2023-09-28,0317,Terra,MODIS,63,61.03,297.8,21.7,D,0
-3.5969,105.5289,316.6,1.8,1.3,2023-09-28,0317,Terra,MODIS,41,61.03,298.7,16.2,D,0
-3.4431,105.4708,312.2,4.3,1.9,2023-09-28,0615,Aqua,MODIS,30,61.03,293,37,D,0
-2.0303,105.9724,313.5,3.7,1.8,2023-09-28,0615,Aqua,MODIS,58,61.03,295.8,30.1,D,0
-2.4521,106.2517,315.8,3.6,1.8,2023-09-28,0615,Aqua,MODIS,49,61.03,294.6,34.5,D,0
-2.4462,106.2579,316.1,3.6,1.8,2023-09-28,0615,Aqua,MODIS,47,61.03,294.2,33.7,D,0
-2.932,105.2013,316.4,4.4,1.9,2023-09-28,0615,Aqua,MODIS,29,61.03,292.8,62.4,D,0
-2.9211,105.2785,315.1,4.3,1.9,2023-09-28,0615,Aqua,MODIS,31,61.03,291.6,49.9,D,0
-2.9293,105.2479,319.5,4.4,1.9,2023-09-28,0615,Aqua,MODIS,40,61.03,293.3,79.9,D,0
-3.0832,105.0281,320.8,4.6,2,2023-09-28,0615,Aqua,MODIS,52,61.03,292,90.6,D,0
-3.0775,105.0682,321.2,4.5,2,2023-09-28,0615,Aqua,MODIS,47,61.03,292.6,97.6,D,0
-3.0836,105.0321,322.6,4.6,2,2023-09-28,0615,Aqua,MODIS,62,61.03,292.3,106.7,D,0
-3.0781,105.0723,320.3,4.5,2,2023-09-28,0615,Aqua,MODIS,40,61.03,292.6,89.9,D,0
-3.1478,105.0821,334.5,4.5,2,2023-09-28,0615,Aqua,MODIS,86,61.03,295.5,240.6,D,0
-3.1421,105.122,338.4,4.5,2,2023-09-28,0615,Aqua,MODIS,89,61.03,294.7,285.4,D,0
-3.3059,104.9919,324.5,4.6,2,2023-09-28,0615,Aqua,MODIS,35,61.03,297.2,111,D,0
-3.1492,105.0897,343.3,4.5,2,2023-09-28,0615,Aqua,MODIS,92,61.03,295.5,370.3,D,0
-3.3116,104.9508,323.1,4.7,2,2023-09-28,0615,Aqua,MODIS,28,61.03,296.6,100.8,D,0
-3.1438,105.1298,328.7,4.5,2,2023-09-28,0615,Aqua,MODIS,82,61.03,294.1,167.8,D,0
-3.5617,105.6431,313.8,4.2,1.9,2023-09-28,0615,Aqua,MODIS,59,61.03,292.3,57.5,D,0
-3.5667,105.6062,316.3,4.2,1.9,2023-09-28,0615,Aqua,MODIS,65,61.03,293.1,71,D,0
-3.5747,105.6409,311,4.2,1.9,2023-09-28,0615,Aqua,MODIS,30,61.03,291.3,36.7,D,0
-3.34,105.4062,320.7,4.3,1.9,2023-09-28,0615,Aqua,MODIS,53,61.03,294.5,90.2,D,0
-3.3268,105.2471,319.3,4.4,1.9,2023-09-28,0615,Aqua,MODIS,71,61.03,293.9,90,D,0
-3.3367,105.3985,319.3,4.3,1.9,2023-09-28,0615,Aqua,MODIS,29,61.03,294.3,78,D,0
-3.3245,105.2395,316.1,4.4,1.9,2023-09-28,0615,Aqua,MODIS,54,61.03,293.6,63.9,D,0
-3.3235,104.9944,328,4.6,2,2023-09-28,0615,Aqua,MODIS,33,61.03,297.8,135.2,D,0
-3.3661,105.0571,307.4,3.2,1.7,2023-09-28,1536,Terra,MODIS,45,61.03,288.7,38.2,N,0
-3.3704,105.0288,334.9,3.2,1.7,2023-09-28,1536,Terra,MODIS,100,61.03,290.2,189.2,N,0
-3.3348,105.26,305.2,3.4,1.7,2023-09-28,1536,Terra,MODIS,27,61.03,287.8,35.1,N,0
-3.3195,105.2576,308.2,3.4,1.7,2023-09-28,1536,Terra,MODIS,74,61.03,286.4,46.8,N,0
-3.3241,105.2282,303.7,3.3,1.7,2023-09-28,1536,Terra,MODIS,49,61.03,284,30.2,N,0
-3.3682,105.0506,319,3.2,1.7,2023-09-28,1536,Terra,MODIS,98,61.03,289.3,87.6,N,0
-3.3723,105.0222,328.5,3.2,1.7,2023-09-28,1536,Terra,MODIS,100,61.03,289.7,140.7,N,0
-3.3232,105.2513,313.4,3.4,1.7,2023-09-28,1536,Terra,MODIS,87,61.03,286.4,67.4,N,0
-3.3573,105.0199,309.2,3.2,1.7,2023-09-28,1536,Terra,MODIS,27,61.03,290.1,41.2,N,0
-3.3207,104.9566,319.3,3.2,1.7,2023-09-28,1536,Terra,MODIS,96,61.03,292.1,79.8,N,0
-3.3015,104.9823,312.4,3.2,1.7,2023-09-28,1536,Terra,MODIS,51,61.03,292.3,50,N,0
-3.096,105.2343,301.1,3.4,1.7,2023-09-28,1536,Terra,MODIS,38,61.03,287.5,24.2,N,0
-3.1004,105.2047,304.4,3.4,1.7,2023-09-28,1536,Terra,MODIS,60,61.03,286.8,35.4,N,0
-2.438,106.2397,306,1.2,1.1,2023-09-28,1837,Aqua,MODIS,40,61.03,291.7,8.1,N,0
-3.0914,105.2187,309.8,1.4,1.2,2023-09-28,1837,Aqua,MODIS,74,61.03,271.7,17.1,N,0
-3.0933,105.2308,302.4,1.4,1.2,2023-09-28,1837,Aqua,MODIS,32,61.03,270,10.2,N,0
-3.3124,104.9722,318.7,1.4,1.2,2023-09-28,1837,Aqua,MODIS,41,61.03,274.2,26.6,N,0
-3.3171,104.9648,317.2,1.4,1.2,2023-09-28,1837,Aqua,MODIS,81,61.03,273.4,27.2,N,0
-3.3372,105.0253,315.5,1.4,1.2,2023-09-28,1837,Aqua,MODIS,43,61.03,271.8,22.6,N,0
-3.3476,105.0238,303.7,1.4,1.2,2023-09-28,1837,Aqua,MODIS,8,61.03,268.8,10.5,N,0
-3.3599,105.0346,340.1,1.4,1.2,2023-09-28,1837,Aqua,MODIS,100,61.03,269.2,73.2,N,0
-3.3618,105.0469,337.4,1.4,1.2,2023-09-28,1837,Aqua,MODIS,100,61.03,272.1,65.6,N,0
-3.5272,105.6519,304.4,1.3,1.1,2023-09-28,1837,Aqua,MODIS,60,61.03,286.9,9.1,N,0
-3.5743,105.6428,327.7,1,1,2023-09-29,0656,Aqua,MODIS,77,61.03,300.8,16.7,D,0
-3.5756,105.6338,340.3,1,1,2023-09-29,0656,Aqua,MODIS,89,61.03,301.3,34.2,D,0
-3.5795,105.6069,332.1,1,1,2023-09-29,0656,Aqua,MODIS,78,61.03,302.7,21.9,D,0
-3.5563,105.6402,327.4,1,1,2023-09-29,0656,Aqua,MODIS,27,61.03,304.1,14.3,D,0
-3.5668,105.5684,324.3,1,1,2023-09-29,0656,Aqua,MODIS,36,61.03,304.9,12,D,0
-3.572,105.5326,322.7,1,1,2023-09-29,0656,Aqua,MODIS,69,61.03,303.9,10.7,D,0
-3.5487,105.6299,324.8,1,1,2023-09-29,0656,Aqua,MODIS,32,61.03,300.5,11.8,D,0
-3.567,105.5044,325.6,1,1,2023-09-29,0656,Aqua,MODIS,74,61.03,302.2,14.7,D,0
-3.5683,105.4954,329.5,1,1,2023-09-29,0656,Aqua,MODIS,79,61.03,301.6,20.1,D,0
-3.5277,105.6487,326.5,1,1,2023-09-29,0656,Aqua,MODIS,75,61.03,302.5,17,D,0
-3.5187,105.6474,325.2,1,1,2023-09-29,0656,Aqua,MODIS,73,61.03,296.9,15.1,D,0
-3.4802,105.6602,317,1,1,2023-09-29,0656,Aqua,MODIS,50,61.03,299.5,6.7,D,0
-3.5154,105.4182,341.9,1,1,2023-09-29,0656,Aqua,MODIS,90,61.03,305.5,36.8,D,0
-3.5064,105.4169,435.2,1,1,2023-09-29,0656,Aqua,MODIS,100,61.03,311.3,533.1,D,0
-3.5077,105.408,375.1,1,1,2023-09-29,0656,Aqua,MODIS,100,61.03,305.1,124.7,D,0
-3.5053,105.3621,328.3,1,1,2023-09-29,0656,Aqua,MODIS,72,61.03,303.2,15.9,D,0
-3.5066,105.3531,345.7,1,1,2023-09-29,0656,Aqua,MODIS,92,61.03,305.2,41.4,D,0
-3.5079,105.3442,349.4,1,1,2023-09-29,0656,Aqua,MODIS,94,61.03,305.2,49.2,D,0
-3.5091,105.3353,324.2,1,1,2023-09-29,0656,Aqua,MODIS,46,61.03,303.3,9.9,D,0
-3.4963,105.3608,330.6,1,1,2023-09-29,0656,Aqua,MODIS,80,61.03,301,20.2,D,0
-3.4989,105.3429,336.5,1,1,2023-09-29,0656,Aqua,MODIS,86,61.03,305.4,27.2,D,0
-3.5002,105.334,344.5,1,1,2023-09-29,0656,Aqua,MODIS,91,61.03,302,40.3,D,0
-3.5633,104.8987,325.4,1,1,2023-09-29,0656,Aqua,MODIS,51,61.03,305.9,9,D,0
-3.5068,105.2259,331.1,1,1,2023-09-29,0656,Aqua,MODIS,65,61.03,306,17.5,D,0
-3.4598,105.4764,340.5,1,1,2023-09-29,0656,Aqua,MODIS,82,61.03,301.7,33.1,D,0
-3.4392,105.5557,318.8,1,1,2023-09-29,0656,Aqua,MODIS,28,61.03,299.5,7.7,D,0
-3.4908,105.1988,329.7,1,1,2023-09-29,0656,Aqua,MODIS,74,61.03,307,17,D,0
-3.5344,104.897,334.6,1,1,2023-09-29,0656,Aqua,MODIS,65,61.03,310.4,18.8,D,0
-3.5421,104.8438,324.4,1,1,2023-09-29,0656,Aqua,MODIS,60,61.03,306.7,10,D,0
-3.4832,105.1886,334.1,1,1,2023-09-29,0656,Aqua,MODIS,84,61.03,305,22.8,D,0
-3.4845,105.1797,329.6,1,1,2023-09-29,0656,Aqua,MODIS,79,61.03,303.4,17.4,D,0
-3.5294,104.8691,330.8,1,1,2023-09-29,0656,Aqua,MODIS,64,61.03,306.3,15.7,D,0
-3.5307,104.8603,333.7,1,1,2023-09-29,0656,Aqua,MODIS,79,61.03,306.9,20.2,D,0
-3.4123,105.5518,341.6,1,1,2023-09-29,0656,Aqua,MODIS,89,61.03,303.9,37,D,0
-3.4292,105.4354,333.1,1,1,2023-09-29,0656,Aqua,MODIS,66,61.03,300.3,18.6,D,0
-3.4034,105.5505,327.9,1,1,2023-09-29,0656,Aqua,MODIS,76,61.03,301.2,16.5,D,0
-3.4024,105.4315,340.7,1,1,2023-09-29,0656,Aqua,MODIS,89,61.03,302.5,31.2,D,0
-3.4037,105.4226,348.1,1,1,2023-09-29,0656,Aqua,MODIS,93,61.03,304.1,44.9,D,0
-3.3685,105.4118,332.2,1,1,2023-09-29,0656,Aqua,MODIS,59,61.03,305.7,17.6,D,0
-3.3595,105.4105,355,1,1,2023-09-29,0656,Aqua,MODIS,97,61.03,304.8,59.6,D,0
-3.3608,105.4016,328,1,1,2023-09-29,0656,Aqua,MODIS,44,61.03,303.7,13.6,D,0
-3.3814,105.2589,319.9,1,1,2023-09-29,0656,Aqua,MODIS,38,61.03,302.4,8.5,D,0
-3.3441,105.4539,327.7,1,1,2023-09-29,0656,Aqua,MODIS,37,61.03,305,12.3,D,0
-3.3454,105.4449,329.6,1,1,2023-09-29,0656,Aqua,MODIS,51,61.03,306.5,13.4,D,0
-3.3467,105.436,330,1,1,2023-09-29,0656,Aqua,MODIS,62,61.03,305.4,13.3,D,0
-3.3557,105.3735,324.8,1,1,2023-09-29,0656,Aqua,MODIS,49,61.03,301.4,12.9,D,0
-3.3674,105.2932,319.1,1,1,2023-09-29,0656,Aqua,MODIS,6,61.03,300,6.9,D,0
-3.4432,104.7059,346.7,1,1,2023-09-29,0656,Aqua,MODIS,93,61.03,306.1,40.4,D,0
-3.4444,104.697,341.6,1,1,2023-09-29,0656,Aqua,MODIS,89,61.03,307.8,30.9,D,0
-3.3301,105.4244,330.3,1,1,2023-09-29,0656,Aqua,MODIS,30,61.03,306.9,15.3,D,0
-3.4342,104.7046,326.7,1,1,2023-09-29,0656,Aqua,MODIS,61,61.03,307.2,9.6,D,0
-3.3766,105.0405,343.9,1,1,2023-09-29,0656,Aqua,MODIS,82,61.03,309.2,33.5,D,0
-3.3342,105.2702,337.8,1,1,2023-09-29,0656,Aqua,MODIS,87,61.03,302.8,28.1,D,0
-3.3381,105.2435,364.8,1,1,2023-09-29,0656,Aqua,MODIS,100,61.03,304.5,89.3,D,0
-3.3394,105.2346,345.4,1,1,2023-09-29,0656,Aqua,MODIS,92,61.03,300.1,43.3,D,0
-3.3639,105.0658,331.6,1,1,2023-09-29,0656,Aqua,MODIS,52,61.03,304.3,17.8,D,0
-3.3677,105.0392,385.4,1,1,2023-09-29,0656,Aqua,MODIS,100,61.03,317.5,157.1,D,0
-3.369,105.0303,394.1,1,1,2023-09-29,0656,Aqua,MODIS,100,61.03,318.2,200.5,D,0
-3.3703,105.0215,347.4,1,1,2023-09-29,0656,Aqua,MODIS,93,61.03,305.5,39.6,D,0
-3.4395,104.5419,326.2,1,1,2023-09-29,0656,Aqua,MODIS,33,61.03,303.8,12.9,D,0
-3.4408,104.533,342.8,1,1,2023-09-29,0656,Aqua,MODIS,90,61.03,304.7,37.2,D,0
-3.3266,105.26,352.4,1,1,2023-09-29,0656,Aqua,MODIS,96,61.03,303.7,56.1,D,0
-3.3279,105.2511,339,1,1,2023-09-29,0656,Aqua,MODIS,72,61.03,303.3,30.4,D,0
-3.3292,105.2422,335.7,1,1,2023-09-29,0656,Aqua,MODIS,73,61.03,301.1,26.2,D,0
-3.3305,105.2333,335.7,1,1,2023-09-29,0656,Aqua,MODIS,79,61.03,299.3,27.3,D,0
-3.4306,104.5406,326.7,1,1,2023-09-29,0656,Aqua,MODIS,74,61.03,301.2,14.1,D,0
-3.4318,104.5317,321.7,1,1,2023-09-29,0656,Aqua,MODIS,44,61.03,301.6,8.8,D,0
-3.3512,105.0277,348.3,1,1,2023-09-29,0656,Aqua,MODIS,82,61.03,313.7,38.7,D,0
-3.3525,105.0189,362.9,1,1,2023-09-29,0656,Aqua,MODIS,97,61.03,313.1,78,D,0
-3.3415,105.0197,354.8,1,1,2023-09-29,0656,Aqua,MODIS,86,61.03,314.2,56.8,D,0
-3.3301,105.0361,333.3,1,1,2023-09-29,0656,Aqua,MODIS,48,61.03,309.2,19,D,0
-3.3839,104.6635,364.6,1,1,2023-09-29,0656,Aqua,MODIS,100,61.03,308.7,83.2,D,0
-3.3263,104.9993,356,1,1,2023-09-29,0656,Aqua,MODIS,86,61.03,312.8,59.3,D,0
-3.375,104.6622,337.5,1,1,2023-09-29,0656,Aqua,MODIS,73,61.03,304.8,24.4,D,0
-3.3199,104.9803,331.4,1,1,2023-09-29,0656,Aqua,MODIS,68,61.03,304.7,17.4,D,0
-3.3212,104.9714,347.5,1,1,2023-09-29,0656,Aqua,MODIS,93,61.03,305.3,44.1,D,0
-3.3225,104.9626,377.9,1,1,2023-09-29,0656,Aqua,MODIS,100,61.03,311.2,133.9,D,0
-3.3238,104.9537,365.8,1,1,2023-09-29,0656,Aqua,MODIS,100,61.03,307.3,92.5,D,0
-3.3059,105.0145,337.8,1,1,2023-09-29,0656,Aqua,MODIS,78,61.03,306.8,19.7,D,0
-3.311,104.979,340.3,1,1,2023-09-29,0656,Aqua,MODIS,80,61.03,311.5,29.5,D,0
-3.3123,104.9701,332.2,1,1,2023-09-29,0656,Aqua,MODIS,59,61.03,308.9,17.3,D,0
-3.3136,104.9613,328.4,1,1,2023-09-29,0656,Aqua,MODIS,53,61.03,306.5,15.6,D,0
-3.297,105.0132,333.9,1,1,2023-09-29,0656,Aqua,MODIS,41,61.03,304.9,15.6,D,0
-3.3008,104.9866,345,1,1,2023-09-29,0656,Aqua,MODIS,69,61.03,309.9,34.3,D,0
-3.3021,104.9777,343.7,1,1,2023-09-29,0656,Aqua,MODIS,68,61.03,312.2,33.6,D,0
-3.3034,104.9688,336.5,1,1,2023-09-29,0656,Aqua,MODIS,86,61.03,310.1,24.6,D,0
-3.3047,104.96,328.4,1,1,2023-09-29,0656,Aqua,MODIS,69,61.03,305.6,15.6,D,0
-3.2456,105.3052,355.4,1,1,2023-09-29,0656,Aqua,MODIS,97,61.03,303.4,61.6,D,0
-3.2919,104.9853,337.4,1,1,2023-09-29,0656,Aqua,MODIS,86,61.03,305.5,26.5,D,0
-3.2932,104.9764,330.9,1,1,2023-09-29,0656,Aqua,MODIS,58,61.03,305,16.6,D,0
-3.2945,104.9675,325.9,1,1,2023-09-29,0656,Aqua,MODIS,69,61.03,305,12.3,D,0
-3.3022,104.9143,322.3,1,1,2023-09-29,0656,Aqua,MODIS,60,61.03,304.3,10.8,D,0
-3.2804,105.0017,336.1,1,1,2023-09-29,0656,Aqua,MODIS,81,61.03,307.9,22.4,D,0
-3.2817,104.9928,349.8,1,1,2023-09-29,0656,Aqua,MODIS,94,61.03,306.6,47.1,D,0
-3.2027,105.2841,323.1,1,1,2023-09-29,0656,Aqua,MODIS,60,61.03,303.8,9.5,D,0
-3.2451,104.9908,330.2,1,1,2023-09-29,0656,Aqua,MODIS,80,61.03,305.5,18.5,D,0
-3.2464,104.9819,327.5,1,1,2023-09-29,0656,Aqua,MODIS,77,61.03,303.3,14.7,D,0
-3.2259,105.0605,325.5,1,1,2023-09-29,0656,Aqua,MODIS,49,61.03,301.7,14.2,D,0
-3.1176,105.6192,327.7,1,1,2023-09-29,0656,Aqua,MODIS,73,61.03,297.9,18.3,D,0
-3.154,105.3681,329.2,1,1,2023-09-29,0656,Aqua,MODIS,68,61.03,301.7,17.8,D,0
-3.1349,105.3744,318.5,1,1,2023-09-29,0656,Aqua,MODIS,22,61.03,299.1,7.7,D,0
-3.1362,105.3655,324.3,1,1,2023-09-29,0656,Aqua,MODIS,56,61.03,302.9,13,D,0
-3.1426,105.3209,326.8,1,1,2023-09-29,0656,Aqua,MODIS,57,61.03,301.3,13.2,D,0
-3.1439,105.3119,325.7,1,1,2023-09-29,0656,Aqua,MODIS,41,61.03,300.2,11.6,D,0
-3.135,105.3106,335.6,1,1,2023-09-29,0656,Aqua,MODIS,85,61.03,301.1,23.4,D,0
-3.1466,105.2305,336.7,1,1,2023-09-29,0656,Aqua,MODIS,86,61.03,303.2,26.2,D,0
-3.1479,105.2216,333.5,1,1,2023-09-29,0656,Aqua,MODIS,83,61.03,304.3,22,D,0
-3.1351,105.247,333.2,1,1,2023-09-29,0656,Aqua,MODIS,35,61.03,305.3,19.6,D,0
-3.1364,105.2381,332.5,1,1,2023-09-29,0656,Aqua,MODIS,26,61.03,304.2,16.9,D,0
-3.0699,105.6241,317.9,1,1,2023-09-29,0656,Aqua,MODIS,45,61.03,298.5,7.6,D,0
-3.0712,105.6151,325,1,1,2023-09-29,0656,Aqua,MODIS,74,61.03,295.5,15.7,D,0
-3.1114,105.3371,319.3,1,1,2023-09-29,0656,Aqua,MODIS,21,61.03,300.5,8.3,D,0
-3.1435,105.1145,327.4,1,1,2023-09-29,0656,Aqua,MODIS,45,61.03,304.5,14.3,D,0
-3.1076,105.3001,330.6,1,1,2023-09-29,0656,Aqua,MODIS,60,61.03,298.6,18.2,D,0
-3.1153,105.2466,338.9,1,1,2023-09-29,0656,Aqua,MODIS,77,61.03,302,28.9,D,0
-3.1385,105.0866,323.8,1,1,2023-09-29,0656,Aqua,MODIS,42,61.03,301.5,10.3,D,0
-3.1436,105.0511,334.7,1,1,2023-09-29,0656,Aqua,MODIS,84,61.03,302.5,25.2,D,0
-3.1449,105.0422,324.8,1,1,2023-09-29,0656,Aqua,MODIS,74,61.03,302.2,12.3,D,0
-3.0961,105.3166,324.9,1,1,2023-09-29,0656,Aqua,MODIS,29,61.03,300,13.3,D,0
-3.0974,105.3077,341.8,1,1,2023-09-29,0656,Aqua,MODIS,90,61.03,301.8,36.9,D,0
-3.1103,105.2186,333.5,1,1,2023-09-29,0656,Aqua,MODIS,18,61.03,305.6,17.4,D,0
-3.195,104.6328,326.4,1,1,2023-09-29,0656,Aqua,MODIS,73,61.03,302,12.5,D,0
-2.9333,106.376,316,1.1,1,2023-09-29,0656,Aqua,MODIS,22,61.03,297,5.3,D,0
-3.1014,105.2173,350.7,1,1,2023-09-29,0656,Aqua,MODIS,95,61.03,307.2,50.1,D,0
-3.1078,105.1728,322.2,1,1,2023-09-29,0656,Aqua,MODIS,19,61.03,304,9.6,D,0
-3.0911,105.2249,329.8,1,1,2023-09-29,0656,Aqua,MODIS,65,61.03,296.2,17.3,D,0
-3.0924,105.216,346.6,1,1,2023-09-29,0656,Aqua,MODIS,93,61.03,301.8,44.2,D,0
-3.1092,105.1004,351.1,1,1,2023-09-29,0656,Aqua,MODIS,95,61.03,306.6,50.4,D,0
-3.0938,105.1436,333.8,1,1,2023-09-29,0656,Aqua,MODIS,71,61.03,305.2,22,D,0
-3.09,105.1067,330.4,1,1,2023-09-29,0656,Aqua,MODIS,71,61.03,296.8,15.4,D,0
-3.0913,105.0978,334.8,1,1,2023-09-29,0656,Aqua,MODIS,80,61.03,297.4,21.1,D,0
-3.0926,105.089,371,1,1,2023-09-29,0656,Aqua,MODIS,100,61.03,304.6,106.9,D,0
-3.0722,105.1041,322.3,1,1,2023-09-29,0656,Aqua,MODIS,24,61.03,302.3,11.1,D,0
-3.0983,104.7942,323.1,1,1,2023-09-29,0656,Aqua,MODIS,54,61.03,302.9,10.3,D,0
-3.0702,104.9259,320.7,1,1,2023-09-29,0656,Aqua,MODIS,47,61.03,303,7.3,D,0
-2.9868,105.3131,334.3,1,1,2023-09-29,0656,Aqua,MODIS,84,61.03,301.6,25.7,D,0
-2.9881,105.3042,322.6,1,1,2023-09-29,0656,Aqua,MODIS,69,61.03,302.4,10.9,D,0
-2.8536,106.1665,321.1,1.1,1,2023-09-29,0656,Aqua,MODIS,65,61.03,300.4,8.4,D,0
-2.855,106.1572,320.1,1.1,1,2023-09-29,0656,Aqua,MODIS,55,61.03,300.4,7.2,D,0
-2.9869,105.2494,323.2,1,1,2023-09-29,0656,Aqua,MODIS,67,61.03,299.3,11.6,D,0
-2.9882,105.2405,347.6,1,1,2023-09-29,0656,Aqua,MODIS,93,61.03,302,48.7,D,0
-3.014,105.0627,320.9,1,1,2023-09-29,0656,Aqua,MODIS,13,61.03,303.3,9.2,D,0
-2.9806,105.2303,325.2,1,1,2023-09-29,0656,Aqua,MODIS,67,61.03,300.2,14.3,D,0
-3.0602,104.68,331.3,1,1,2023-09-29,0656,Aqua,MODIS,53,61.03,305.7,17.2,D,0
-2.9302,105.2528,330.3,1,1,2023-09-29,0656,Aqua,MODIS,59,61.03,299.6,17,D,0
-2.9366,105.2082,320.3,1,1,2023-09-29,0656,Aqua,MODIS,45,61.03,299.9,8.4,D,0
-2.9213,105.1878,328.1,1,1,2023-09-29,0656,Aqua,MODIS,76,61.03,299.7,16.9,D,0
-2.9034,105.2489,331.7,1,1,2023-09-29,0656,Aqua,MODIS,72,61.03,301.8,18.2,D,0
-2.9111,105.1954,322.4,1,1,2023-09-29,0656,Aqua,MODIS,67,61.03,300.4,11,D,0
-2.9124,105.1865,317.1,1,1,2023-09-29,0656,Aqua,MODIS,34,61.03,299.7,6.2,D,0
-2.924,105.1065,324,1,1,2023-09-29,0656,Aqua,MODIS,22,61.03,301.8,11.5,D,0
-2.8945,105.2476,331.1,1,1,2023-09-29,0656,Aqua,MODIS,65,61.03,303.2,19,D,0
-2.9151,105.1052,324.2,1,1,2023-09-29,0656,Aqua,MODIS,43,61.03,301.4,12.1,D,0
-2.8855,105.2463,328.8,1,1,2023-09-29,0656,Aqua,MODIS,72,61.03,301.2,17.7,D,0
-2.7712,105.9681,317.8,1,1,2023-09-29,0656,Aqua,MODIS,19,61.03,299.8,7.6,D,0
-2.8844,105.1915,317.7,1,1,2023-09-29,0656,Aqua,MODIS,49,61.03,299.9,8.2,D,0
-2.6726,106.0801,332.8,1,1,2023-09-29,0656,Aqua,MODIS,83,61.03,299.5,24.1,D,0
-2.8482,104.7456,315.4,1,1,2023-09-29,0656,Aqua,MODIS,29,61.03,294.6,4.1,D,0
-2.5955,106.1003,329.5,1.1,1,2023-09-29,0656,Aqua,MODIS,79,61.03,298.2,21.6,D,0
-2.7353,104.8222,325.1,1,1,2023-09-29,0656,Aqua,MODIS,60,61.03,303.2,9.7,D,0
-2.7366,104.8134,325.6,1,1,2023-09-29,0656,Aqua,MODIS,71,61.03,306.2,10.9,D,0
-2.6794,106.3158,307.3,1.6,1.3,2023-09-29,1438,Terra,MODIS,71,61.03,291.3,13.3,N,0
-3.0976,105.2045,309.3,2,1.4,2023-09-29,1438,Terra,MODIS,59,61.03,293.1,19.9,N,0
-3.3473,105.015,339.7,2.1,1.4,2023-09-29,1438,Terra,MODIS,100,61.03,296.6,121.8,N,0
-3.3348,105.0133,316.5,2.1,1.4,2023-09-29,1438,Terra,MODIS,41,61.03,293.9,34.7,N,0
-3.2795,105.3369,302.7,2,1.4,2023-09-29,1438,Terra,MODIS,51,61.03,290.8,11.6,N,0
-3.3435,105.0277,327.7,2.1,1.4,2023-09-29,1438,Terra,MODIS,100,61.03,294.8,70.3,N,0
-3.3181,105.2341,304.5,2,1.4,2023-09-29,1438,Terra,MODIS,31,61.03,292.5,13.2,N,0
-3.3599,105.0167,312.1,2.1,1.4,2023-09-29,1438,Terra,MODIS,64,61.03,293.3,27.2,N,0
-3.3304,105.2357,338.4,2,1.4,2023-09-29,1438,Terra,MODIS,100,61.03,295.8,110.8,N,0
-3.328,105.2536,314.5,2,1.4,2023-09-29,1438,Terra,MODIS,89,61.03,294.3,30.9,N,0
-3.3256,105.2714,315.3,2,1.4,2023-09-29,1438,Terra,MODIS,91,61.03,293.9,33,N,0
-3.3724,105.0184,320.6,2.1,1.4,2023-09-29,1438,Terra,MODIS,100,61.03,293.7,49.4,N,0
-3.3699,105.037,341.9,2.1,1.4,2023-09-29,1438,Terra,MODIS,100,61.03,297.2,134.7,N,0
-3.3427,105.2374,324.7,2,1.4,2023-09-29,1438,Terra,MODIS,100,61.03,293.9,59.7,N,0
-3.3403,105.2553,306.6,2,1.4,2023-09-29,1438,Terra,MODIS,28,61.03,293.5,15.6,N,0
-3.4518,105.4729,305.8,2,1.4,2023-09-29,1438,Terra,MODIS,31,61.03,294.5,12.8,N,0
-3.3462,105.0091,325.4,2.1,1.4,2023-09-29,1438,Terra,MODIS,100,61.03,295.2,62.3,N,0
-3.3336,105.0074,313.5,2.1,1.4,2023-09-29,1438,Terra,MODIS,31,61.03,293.8,28.5,N,0
-3.3289,104.9496,310.9,2.1,1.4,2023-09-29,1438,Terra,MODIS,63,61.03,290.9,25.2,N,0
-3.3137,104.9667,315.9,2.1,1.4,2023-09-29,1438,Terra,MODIS,61,61.03,293.5,35,N,0
-3.2986,104.9836,315.9,2.1,1.4,2023-09-29,1438,Terra,MODIS,70,61.03,293.9,34.3,N,0
-3.2417,105.3082,305.9,2,1.4,2023-09-29,1438,Terra,MODIS,66,61.03,289.7,15.7,N,0
-3.2441,105.2905,304.7,2,1.4,2023-09-29,1438,Terra,MODIS,54,61.03,290,13.6,N,0
-3.2835,105.0006,313.6,2.1,1.4,2023-09-29,1438,Terra,MODIS,35,61.03,293.2,30.1,N,0
-3.286,104.9819,312.7,2.1,1.4,2023-09-29,1438,Terra,MODIS,20,61.03,293.3,27.5,N,0
-3.2294,105.3066,307.3,2,1.4,2023-09-29,1438,Terra,MODIS,58,61.03,291.5,17.3,N,0
-3.2318,105.2889,313.8,2,1.4,2023-09-29,1438,Terra,MODIS,88,61.03,292,30.2,N,0
-3.0951,105.2223,326.4,2,1.4,2023-09-29,1438,Terra,MODIS,100,61.03,295.1,63.5,N,0
-3.0829,105.2206,307.6,2,1.4,2023-09-29,1438,Terra,MODIS,44,61.03,292.4,16.9,N,0
-2.8975,106.5658,305.2,1.6,1.2,2023-09-29,1438,Terra,MODIS,63,61.03,292.3,9.6,N,0
-3.0811,105.2157,308.5,2.5,1.5,2023-09-29,1919,Aqua,MODIS,40,61.03,287.2,33.8,N,0
-3.0842,105.2374,308.2,2.5,1.5,2023-09-29,1919,Aqua,MODIS,59,61.03,284.5,34.1,N,0
-3.3388,105.2572,301,2.5,1.5,2023-09-29,1919,Aqua,MODIS,18,61.03,272.9,22,N,0
-3.3335,105.2526,310.4,2.5,1.5,2023-09-29,1919,Aqua,MODIS,61,61.03,274.1,42.7,N,0
-3.3438,105.0308,320.3,2.4,1.5,2023-09-29,1919,Aqua,MODIS,100,61.03,282.8,65.5,N,0
-3.3571,105.029,313,2.4,1.5,2023-09-29,1919,Aqua,MODIS,73,61.03,281.9,42.9,N,0
-3.3601,105.0502,312.6,2.4,1.5,2023-09-29,1919,Aqua,MODIS,75,61.03,280.8,42.6,N,0
-3.2839,104.9935,338.4,1,1,2023-09-30,0300,Terra,MODIS,79,61.03,295.5,32.1,D,0
-2.14,106.0108,321.3,1,1,2023-09-30,0300,Terra,MODIS,71,61.03,298.5,11.1,D,0
-2.3072,105.9563,315.9,1,1,2023-09-30,0300,Terra,MODIS,51,61.03,296.4,7.2,D,0
-2.4269,104.6204,321.5,1,1,2023-09-30,0300,Terra,MODIS,72,61.03,295.4,14,D,0
-2.7806,105.535,316.4,1,1,2023-09-30,0300,Terra,MODIS,24,61.03,296.2,8.3,D,0
-2.9345,105.704,314.4,1,1,2023-09-30,0300,Terra,MODIS,36,61.03,291.7,8.7,D,0
-2.9358,105.7131,309.8,1,1,2023-09-30,0300,Terra,MODIS,26,61.03,288.6,5.5,D,0
-3.0856,105.2209,357.1,1,1,2023-09-30,0300,Terra,MODIS,98,61.03,288.7,73.2,D,0
-3.0945,105.2197,336,1,1,2023-09-30,0300,Terra,MODIS,87,61.03,286.5,31.3,D,0
-3.1034,105.2184,319.6,1,1,2023-09-30,0300,Terra,MODIS,35,61.03,282.1,12.2,D,0
-3.2265,105.298,326.6,1,1,2023-09-30,0300,Terra,MODIS,34,61.03,295.5,17.3,D,0
-3.2368,105.3057,327.4,1,1,2023-09-30,0300,Terra,MODIS,55,61.03,298.2,17.8,D,0
-3.2457,105.3044,324,1,1,2023-09-30,0300,Terra,MODIS,67,61.03,296.6,13.7,D,0
-3.3288,105.2413,328.3,1,1,2023-09-30,0300,Terra,MODIS,56,61.03,297.7,17.4,D,0
-3.334,105.277,320.6,1,1,2023-09-30,0300,Terra,MODIS,34,61.03,297.5,10.2,D,0
-3.3092,104.9176,317.4,1,1,2023-09-30,0300,Terra,MODIS,46,61.03,293.9,9,D,0
-3.3411,105.0126,340.9,1,1,2023-09-30,0300,Terra,MODIS,88,61.03,285.8,36.1,D,0
-3.3424,105.0214,373.6,1,1,2023-09-30,0300,Terra,MODIS,100,61.03,298.8,120.4,D,0
-3.3513,105.0202,334.8,1,1,2023-09-30,0300,Terra,MODIS,70,61.03,289.9,26.9,D,0
-3.3615,105.0278,340.2,1,1,2023-09-30,0300,Terra,MODIS,90,61.03,292.8,34.7,D,0
-3.3628,105.0367,333.7,1,1,2023-09-30,0300,Terra,MODIS,86,61.03,288.5,23.8,D,0
-3.3641,105.0456,326.2,1,1,2023-09-30,0300,Terra,MODIS,63,61.03,286.5,15.1,D,0
-3.3721,105.0289,327.7,1,1,2023-09-30,0300,Terra,MODIS,58,61.03,286.4,18.1,D,0
-3.3734,105.0378,328,1,1,2023-09-30,0300,Terra,MODIS,55,61.03,285.9,18.6,D,0
-3.5017,105.4212,313.2,1,1,2023-09-30,0300,Terra,MODIS,33,61.03,289.8,7.4,D,0
-3.5263,104.8927,320.8,1,1,2023-09-30,0300,Terra,MODIS,40,61.03,296.7,10.7,D,0
-3.5275,104.9016,323.7,1,1,2023-09-30,0300,Terra,MODIS,66,61.03,298.6,13.2,D,0
-3.5852,104.9141,328.5,1,1,2023-09-30,0300,Terra,MODIS,83,61.03,298.8,19.5,D,0
-3.5073,105.3544,319.1,1.6,1.2,2023-09-30,1519,Terra,MODIS,98,61.03,294,31.6,N,0
-3.5094,105.3404,319.7,1.6,1.2,2023-09-30,1519,Terra,MODIS,99,61.03,293.8,32.9,N,0
-3.466,105.4791,307.4,1.6,1.3,2023-09-30,1519,Terra,MODIS,34,61.03,294,11.5,N,0
-3.466,105.4724,305.5,1.6,1.3,2023-09-30,1519,Terra,MODIS,39,61.03,293.9,9.5,N,0
-3.4548,105.4708,306,1.6,1.3,2023-09-30,1519,Terra,MODIS,26,61.03,294.1,9.7,N,0
-3.4332,105.5415,308.5,1.6,1.3,2023-09-30,1519,Terra,MODIS,75,61.03,293.4,15.8,N,0
-3.4034,105.4339,308.4,1.6,1.3,2023-09-30,1519,Terra,MODIS,74,61.03,292.9,14.8,N,0
-3.3394,105.4775,306.6,1.6,1.3,2023-09-30,1519,Terra,MODIS,68,61.03,291.5,13.6,N,0
-3.3282,105.4758,302.8,1.6,1.3,2023-09-30,1519,Terra,MODIS,49,61.03,291.4,9,N,0
-3.3387,105.404,309.5,1.6,1.3,2023-09-30,1519,Terra,MODIS,78,61.03,291.9,17,N,0
-3.3395,105.2458,312.7,1.6,1.2,2023-09-30,1519,Terra,MODIS,84,61.03,294.9,18.8,N,0
-3.3415,105.232,320.1,1.6,1.2,2023-09-30,1519,Terra,MODIS,100,61.03,294.5,32.1,N,0
-3.3698,105.0412,320.5,1.5,1.2,2023-09-30,1519,Terra,MODIS,100,61.03,296.4,30.6,N,0
-3.3718,105.0278,318.6,1.5,1.2,2023-09-30,1519,Terra,MODIS,97,61.03,295.3,27.1,N,0
-3.3244,105.272,304.7,1.6,1.2,2023-09-30,1519,Terra,MODIS,41,61.03,293.5,8.9,N,0
-3.3285,105.2442,312,1.6,1.2,2023-09-30,1519,Terra,MODIS,84,61.03,295,17.4,N,0
-3.3306,105.2303,320.9,1.6,1.2,2023-09-30,1519,Terra,MODIS,100,61.03,295.4,33,N,0
-3.361,105.0262,317.6,1.5,1.2,2023-09-30,1519,Terra,MODIS,95,61.03,295.4,25.2,N,0
-3.363,105.0128,309.3,1.5,1.2,2023-09-30,1519,Terra,MODIS,34,61.03,294.2,12.8,N,0
-3.3502,105.0246,313.9,1.5,1.2,2023-09-30,1519,Terra,MODIS,50,61.03,295.9,18.2,N,0
-3.327,105.2376,314.3,1.6,1.2,2023-09-30,1519,Terra,MODIS,86,61.03,295.2,20.7,N,0
-3.3579,105.0194,311.4,1.5,1.2,2023-09-30,1519,Terra,MODIS,28,61.03,295,14.7,N,0
-3.3471,105.0178,333.9,1.5,1.2,2023-09-30,1519,Terra,MODIS,100,61.03,298.6,58.5,N,0
-3.3364,105.0162,327.7,1.5,1.2,2023-09-30,1519,Terra,MODIS,100,61.03,295,44.5,N,0
-3.2779,105.345,319.1,1.6,1.2,2023-09-30,1519,Terra,MODIS,98,61.03,293.2,31.9,N,0
-3.2799,105.3309,305.2,1.6,1.2,2023-09-30,1519,Terra,MODIS,62,61.03,292.6,10.6,N,0
-3.2668,105.3433,304.1,1.6,1.2,2023-09-30,1519,Terra,MODIS,59,61.03,292.1,9.5,N,0
-3.3226,104.9597,309.4,1.5,1.2,2023-09-30,1519,Terra,MODIS,50,61.03,294.9,12.8,N,0
-3.2933,105.0098,308,1.5,1.2,2023-09-30,1519,Terra,MODIS,34,61.03,294.5,11.1,N,0
-3.2441,105.2681,302.6,1.6,1.2,2023-09-30,1519,Terra,MODIS,40,61.03,292.2,6.9,N,0
-3.2845,104.9949,324.9,1.5,1.2,2023-09-30,1519,Terra,MODIS,100,61.03,296.1,36.5,N,0
-3.2864,104.9816,327.3,1.5,1.2,2023-09-30,1519,Terra,MODIS,100,61.03,296.2,41.8,N,0
-3.2289,105.2945,303.6,1.6,1.2,2023-09-30,1519,Terra,MODIS,35,61.03,292.4,8,N,0
-3.125,105.3746,303.1,1.6,1.3,2023-09-30,1519,Terra,MODIS,53,61.03,291,9.2,N,0
-3.1271,105.3603,301.7,1.6,1.3,2023-09-30,1519,Terra,MODIS,43,61.03,290.7,7.7,N,0
-3.1248,105.368,307.9,1.6,1.3,2023-09-30,1519,Terra,MODIS,73,61.03,291,14.5,N,0
-3.1009,105.2202,314.4,1.6,1.2,2023-09-30,1519,Terra,MODIS,89,61.03,294.5,22.9,N,0
-3.0879,105.2325,326.4,1.6,1.2,2023-09-30,1519,Terra,MODIS,100,61.03,293.9,45.1,N,0
-3.0899,105.2186,358.6,1.6,1.2,2023-09-30,1519,Terra,MODIS,100,61.03,299.2,158.9,N,0
-3.0769,105.2309,326.6,1.6,1.2,2023-09-30,1519,Terra,MODIS,100,61.03,293,45.7,N,0
-3.0789,105.2169,358.5,1.6,1.2,2023-09-30,1519,Terra,MODIS,100,61.03,295.7,158.8,N,0
-2.9639,104.5274,305.4,1.4,1.2,2023-09-30,1519,Terra,MODIS,64,61.03,292.4,8.3,N,0
-2.9687,104.5222,305.2,1.4,1.2,2023-09-30,1519,Terra,MODIS,63,61.03,292.2,7.9,N,0
-3.0706,105.2326,311.8,2.6,1.6,2023-09-30,1822,Aqua,MODIS,83,61.03,287.9,45.4,N,0
-3.0808,105.2072,304.5,2.6,1.6,2023-09-30,1822,Aqua,MODIS,50,61.03,288.2,26.4,N,0
-3.0844,105.2304,345,2.6,1.6,2023-09-30,1822,Aqua,MODIS,100,61.03,290.8,216.4,N,0
-3.0982,105.2283,300.9,2.6,1.6,2023-09-30,1822,Aqua,MODIS,13,61.03,287.7,16.6,N,0
-3.0749,105.2244,335.5,2.6,1.6,2023-09-30,1822,Aqua,MODIS,100,61.03,289.9,150.7,N,0
-3.0786,105.2476,315.1,2.6,1.6,2023-09-30,1822,Aqua,MODIS,91,61.03,287.7,54.9,N,0
-3.0887,105.2223,312,2.6,1.6,2023-09-30,1822,Aqua,MODIS,84,61.03,288.9,46.5,N,0
-3.0924,105.2455,300.8,2.6,1.6,2023-09-30,1822,Aqua,MODIS,34,61.03,287.6,16.4,N,0
-3.2724,105.3529,301.8,2.5,1.5,2023-09-30,1822,Aqua,MODIS,45,61.03,289.6,18.3,N,0
-3.2777,105.3444,301.3,2.5,1.5,2023-09-30,1822,Aqua,MODIS,40,61.03,289.5,16.5,N,0
-3.2775,104.9869,305.2,2.7,1.6,2023-09-30,1822,Aqua,MODIS,61,61.03,290.2,26.8,N,0
-3.2813,105.0109,304,2.7,1.6,2023-09-30,1822,Aqua,MODIS,45,61.03,290.3,22.8,N,0
-3.3318,105.2431,313.1,2.6,1.5,2023-09-30,1822,Aqua,MODIS,86,61.03,291.2,47.3,N,0
-3.341,105.0262,318.5,2.7,1.6,2023-09-30,1822,Aqua,MODIS,97,61.03,291.8,64.3,N,0
-3.355,105.024,306.9,2.7,1.6,2023-09-30,1822,Aqua,MODIS,70,61.03,291,29.5,N,0
-3.3586,105.0478,306.9,2.7,1.6,2023-09-30,1822,Aqua,MODIS,70,61.03,291.5,30,N,0
-3.3329,105.0224,312.4,2.7,1.6,2023-09-30,1822,Aqua,MODIS,85,61.03,291.3,43.8,N,0
-3.3469,105.0203,306,2.7,1.6,2023-09-30,1822,Aqua,MODIS,66,61.03,291,27.2,N,0
-3.3608,105.0181,301.9,2.7,1.6,2023-09-30,1822,Aqua,MODIS,19,61.03,290.4,16.7,N,0
-3.3646,105.0419,310.6,2.7,1.6,2023-09-30,1822,Aqua,MODIS,80,61.03,291.6,40.6,N,0
-3.4972,105.3514,308.1,2.5,1.5,2023-09-30,1823,Aqua,MODIS,74,61.03,291.8,30.2,N,0
-3.5029,105.3429,303.5,2.5,1.5,2023-09-30,1823,Aqua,MODIS,55,61.03,291.4,20.9,N,0
-3.5064,105.3652,303.9,2.5,1.5,2023-09-30,1823,Aqua,MODIS,58,61.03,291.7,21.2,N,0
-3.5987,104.7819,324.8,1.4,1.2,2023-10-01,0641,Aqua,MODIS,77,61.03,299.5,23.6,D,0
-3.5119,105.3313,328.7,1.3,1.1,2023-10-01,0641,Aqua,MODIS,80,61.03,298.2,28.2,D,0
-3.5069,105.2277,323.3,1.3,1.1,2023-10-01,0641,Aqua,MODIS,53,61.03,302.4,16.8,D,0
-3.4967,105.2263,328.9,1.3,1.1,2023-10-01,0641,Aqua,MODIS,66,61.03,301.6,27,D,0
-3.4065,105.4985,313.1,1.3,1.1,2023-10-01,0641,Aqua,MODIS,45,61.03,286.9,9.3,D,0
-3.5074,104.6648,325.1,1.5,1.2,2023-10-01,0641,Aqua,MODIS,26,61.03,303.7,17.7,D,0
-3.3995,105.339,324.1,1.3,1.1,2023-10-01,0642,Aqua,MODIS,65,61.03,297.2,20,D,0
-3.4012,105.3273,353.1,1.3,1.1,2023-10-01,0642,Aqua,MODIS,96,61.03,298.9,90.2,D,0
-3.3911,105.3259,328,1.3,1.1,2023-10-01,0642,Aqua,MODIS,70,61.03,299.9,24.9,D,0
-3.4304,105.0516,323.1,1.4,1.2,2023-10-01,0642,Aqua,MODIS,75,61.03,299.2,19.6,D,0
-3.42,105.0501,325.9,1.4,1.2,2023-10-01,0642,Aqua,MODIS,71,61.03,299.6,23.3,D,0
-3.3378,105.4831,324.6,1.3,1.1,2023-10-01,0642,Aqua,MODIS,47,61.03,298.7,19.6,D,0
-3.3475,105.4143,333.8,1.3,1.1,2023-10-01,0642,Aqua,MODIS,85,61.03,299.2,31,D,0
-3.3492,105.4028,349.8,1.3,1.1,2023-10-01,0642,Aqua,MODIS,95,61.03,299.2,74.3,D,0
-3.3416,105.2349,337.8,1.3,1.1,2023-10-01,0642,Aqua,MODIS,88,61.03,301,47.1,D,0
-3.3683,105.0427,333.2,1.4,1.2,2023-10-01,0642,Aqua,MODIS,62,61.03,308.4,27.7,D,0
-3.3717,105.0183,334.3,1.4,1.2,2023-10-01,0642,Aqua,MODIS,84,61.03,304.8,30.9,D,0
-3.3421,105.2404,329,1.3,1.1,2023-10-01,0642,Aqua,MODIS,39,61.03,301.1,25.7,D,0
-3.3438,105.2286,327.5,1.3,1.1,2023-10-01,0642,Aqua,MODIS,39,61.03,298.2,23.8,D,0
-3.3717,105.0367,335.8,1.4,1.2,2023-10-01,0642,Aqua,MODIS,86,61.03,308.4,31.5,D,0
-3.3735,105.0245,329.8,1.4,1.2,2023-10-01,0642,Aqua,MODIS,22,61.03,306.8,18.3,D,0
-3.2357,105.6229,317.1,1.3,1.1,2023-10-01,0642,Aqua,MODIS,55,61.03,294.1,10.7,D,0
-3.2761,105.3386,324,1.3,1.1,2023-10-01,0642,Aqua,MODIS,67,61.03,298.2,19.4,D,0
-3.2837,104.9867,330,1.4,1.2,2023-10-01,0642,Aqua,MODIS,50,61.03,301.8,21.4,D,0
-3.1739,105.3421,331.7,1.3,1.1,2023-10-01,0642,Aqua,MODIS,57,61.03,296,35,D,0
-3.114,105.6226,321.4,1.3,1.1,2023-10-01,0642,Aqua,MODIS,71,61.03,295.6,17.5,D,0
-2.872,106.31,326.1,1.1,1.1,2023-10-01,0642,Aqua,MODIS,80,61.03,295.9,21.1,D,0
-2.9561,105.0764,313.5,1.3,1.2,2023-10-01,0642,Aqua,MODIS,56,61.03,285,9.3,D,0
-3.3641,105.0173,310.4,4.6,2,2023-10-01,1422,Terra,MODIS,71,61.03,287.8,79.4,N,0
-3.3468,105.0149,305.2,4.6,2,2023-10-01,1422,Terra,MODIS,24,61.03,287.9,48.4,N,0
-3.3627,105.0105,311.2,4.6,2,2023-10-01,1422,Terra,MODIS,74,61.03,287.8,84.6,N,0
-3.3453,105.0082,305.2,4.6,2,2023-10-01,1422,Terra,MODIS,23,61.03,287.8,48.4,N,0
-3.0805,105.2385,301.9,4.3,1.9,2023-10-01,1422,Terra,MODIS,42,61.03,277.3,44,N,0
-3.0856,105.2004,303.1,4.4,1.9,2023-10-01,1422,Terra,MODIS,42,61.03,280.7,47.4,N,0
-3.0682,105.2203,315.8,1.3,1.1,2023-10-01,1904,Aqua,MODIS,92,61.03,285.4,19.7,N,0
-3.0699,105.2318,343.1,1.3,1.1,2023-10-01,1904,Aqua,MODIS,100,61.03,287.7,70.8,N,0
-3.0783,105.2189,322.8,1.3,1.1,2023-10-01,1904,Aqua,MODIS,100,61.03,286.2,28.6,N,0
-3.0799,105.2303,345,1.3,1.1,2023-10-01,1904,Aqua,MODIS,100,61.03,289.7,75.1,N,0
-3.09,105.2289,306.3,1.3,1.1,2023-10-01,1904,Aqua,MODIS,47,61.03,285.9,9.8,N,0
-3.1117,105.0986,300.5,1.3,1.1,2023-10-01,1904,Aqua,MODIS,29,61.03,286.2,5.6,N,0
-3.1401,104.7311,312.5,1.2,1.1,2023-10-01,1904,Aqua,MODIS,85,61.03,285.3,15.6,N,0
-3.209,105.0609,301.6,1.3,1.1,2023-10-01,1904,Aqua,MODIS,43,61.03,291.1,4.8,N,0
-3.2699,105.3445,302,1.3,1.1,2023-10-01,1904,Aqua,MODIS,46,61.03,290.2,6,N,0
-3.333,105.4927,301.4,1.4,1.2,2023-10-01,1904,Aqua,MODIS,40,61.03,290.1,5.7,N,0
-3.2804,104.9939,324.5,1.3,1.1,2023-10-01,1904,Aqua,MODIS,100,61.03,293.7,28,N,0
-3.3272,105.2415,310,1.3,1.1,2023-10-01,1904,Aqua,MODIS,59,61.03,292.4,11.2,N,0
-3.3264,105.236,307.9,1.3,1.1,2023-10-01,1904,Aqua,MODIS,40,61.03,292,9,N,0
-3.3137,105.0749,302.3,1.3,1.1,2023-10-01,1904,Aqua,MODIS,48,61.03,291.2,5.2,N,0
-3.3364,105.2346,318.7,1.3,1.1,2023-10-01,1904,Aqua,MODIS,97,61.03,292.3,21.4,N,0
-3.3381,105.2462,311.7,1.3,1.1,2023-10-01,1904,Aqua,MODIS,46,61.03,292,12.7,N,0
-3.3258,104.9478,301.4,1.3,1.1,2023-10-01,1904,Aqua,MODIS,21,61.03,290.1,4.5,N,0
-3.3274,104.9589,300.9,1.3,1.1,2023-10-01,1904,Aqua,MODIS,17,61.03,289.1,4,N,0
-3.3355,105.0146,319.8,1.3,1.1,2023-10-01,1904,Aqua,MODIS,99,61.03,293.4,21.3,N,0
-3.3371,105.0257,326.4,1.3,1.1,2023-10-01,1904,Aqua,MODIS,100,61.03,295,30.8,N,0
-3.3454,105.0131,309,1.3,1.1,2023-10-01,1904,Aqua,MODIS,37,61.03,292.4,8.9,N,0
-3.3471,105.0243,320.8,1.3,1.1,2023-10-01,1904,Aqua,MODIS,100,61.03,293.8,22,N,0
-3.3554,105.0117,317.6,1.3,1.1,2023-10-01,1904,Aqua,MODIS,89,61.03,292.2,18.4,N,0
-3.357,105.0229,334.8,1.3,1.1,2023-10-01,1904,Aqua,MODIS,100,61.03,294.6,46.2,N,0
-3.4334,105.5467,303,1.4,1.2,2023-10-01,1904,Aqua,MODIS,53,61.03,290.6,7,N,0
-3.3702,105.044,306.5,1.3,1.1,2023-10-01,1904,Aqua,MODIS,30,61.03,292.3,7.4,N,0
-3.519,105.6528,300.9,1.4,1.2,2023-10-01,1904,Aqua,MODIS,27,61.03,290.7,6.1,N,0
-3.5044,105.335,309.9,1.3,1.1,2023-10-01,1904,Aqua,MODIS,79,61.03,290.8,13.4,N,0
-3.5061,105.3468,321,1.3,1.1,2023-10-01,1904,Aqua,MODIS,100,61.03,292.3,27.7,N,0
-3.5079,105.3586,311.5,1.3,1.1,2023-10-01,1904,Aqua,MODIS,83,61.03,291.2,14.7,N,0
-3.5201,104.6744,306.5,1.2,1.1,2023-10-01,1904,Aqua,MODIS,68,61.03,290.4,8.3,N,0
-3.5217,104.6851,304.4,1.2,1.1,2023-10-01,1904,Aqua,MODIS,47,61.03,290.3,6.2,N,0
-3.5226,104.6782,317.3,1.2,1.1,2023-10-01,1904,Aqua,MODIS,95,61.03,291,18.1,N,0
-3.5324,104.6769,316,1.2,1.1,2023-10-01,1904,Aqua,MODIS,92,61.03,290.4,16.7,N,0
-3.5986,104.7891,302.2,1.2,1.1,2023-10-01,1904,Aqua,MODIS,47,61.03,291.9,4.8,N,0
-2.8842,105.1878,315.9,1.4,1.2,2023-10-02,0244,Terra,MODIS,66,61.03,291.5,13.9,D,0
-3.0736,105.2221,332.2,1.4,1.2,2023-10-02,0244,Terra,MODIS,85,61.03,281.4,43.2,D,0
-3.0755,105.2341,324.2,1.4,1.2,2023-10-02,0244,Terra,MODIS,79,61.03,281.2,27.5,D,0
-3.0839,105.2206,328.7,1.4,1.2,2023-10-02,0244,Terra,MODIS,81,61.03,282.9,34.5,D,0
-3.0857,105.2326,318.2,1.4,1.2,2023-10-02,0244,Terra,MODIS,42,61.03,281.5,16.2,D,0
-3.1339,104.7214,324.4,1.5,1.2,2023-10-02,0244,Terra,MODIS,42,61.03,293.4,16.7,D,0
-3.1358,104.7344,339.9,1.5,1.2,2023-10-02,0244,Terra,MODIS,85,61.03,294.6,54.8,D,0
-3.1464,104.7328,331,1.5,1.2,2023-10-02,0244,Terra,MODIS,70,61.03,297.1,30.6,D,0
-3.2349,104.9988,316,1.4,1.2,2023-10-02,0244,Terra,MODIS,33,61.03,293.7,7.8,D,0
-3.2729,104.9679,322.9,1.4,1.2,2023-10-02,0244,Terra,MODIS,41,61.03,297.5,14.9,D,0
-3.287,104.9913,332.4,1.4,1.2,2023-10-02,0244,Terra,MODIS,85,61.03,296.6,30.5,D,0
-3.3099,105.0761,333.5,1.4,1.2,2023-10-02,0244,Terra,MODIS,74,61.03,294,38.7,D,0
-3.3062,105.0705,326.1,1.4,1.2,2023-10-02,0244,Terra,MODIS,79,61.03,295,24.2,D,0
-3.3081,105.0827,322.6,1.4,1.2,2023-10-02,0244,Terra,MODIS,75,61.03,293.1,19.9,D,0
-3.3402,105.0154,336.4,1.4,1.2,2023-10-02,0244,Terra,MODIS,87,61.03,298.3,38.8,D,0
-3.3421,105.0278,331.2,1.4,1.2,2023-10-02,0244,Terra,MODIS,61,61.03,299.9,26.5,D,0
-3.3628,105.0248,334.6,1.4,1.2,2023-10-02,0244,Terra,MODIS,83,61.03,300.3,32.8,D,0
-3.3646,105.0371,330.6,1.4,1.2,2023-10-02,0244,Terra,MODIS,78,61.03,300.9,24,D,0
-3.4075,105.0618,346.5,1.4,1.2,2023-10-02,0244,Terra,MODIS,93,61.03,294.2,76.3,D,0
-3.4146,104.7539,316.1,1.5,1.2,2023-10-02,0244,Terra,MODIS,61,61.03,295.1,9.6,D,0
-3.5117,105.3397,312.9,1.3,1.1,2023-10-02,0244,Terra,MODIS,40,61.03,274.9,12.6,D,0
-3.5868,104.6377,320.7,2.2,1.4,2023-10-02,0723,Aqua,MODIS,69,61.03,292.4,32.6,D,0
-3.5733,104.6508,368.2,2.2,1.5,2023-10-02,0723,Aqua,MODIS,100,61.03,294.3,329.1,D,0
-3.4631,104.8547,320,2.3,1.5,2023-10-02,0723,Aqua,MODIS,48,61.03,298.3,24.7,D,0
-2.9623,105.1029,316,2.5,1.5,2023-10-02,0723,Aqua,MODIS,37,61.03,293.4,26.6,D,0
-2.9526,105.1187,314.7,2.5,1.5,2023-10-02,0723,Aqua,MODIS,51,61.03,293.6,23.8,D,0
-2.9559,105.0965,316.1,2.5,1.5,2023-10-02,0723,Aqua,MODIS,60,61.03,293.2,27.9,D,0
-3.5702,104.6524,316.5,1,1,2023-10-02,1502,Terra,MODIS,93,61.03,271.4,15.7,N,0
-3.5613,104.6511,322.6,1,1,2023-10-02,1502,Terra,MODIS,100,61.03,270.8,21.2,N,0
-3.2383,106.0288,316.3,1,1,2023-10-02,1502,Terra,MODIS,93,61.03,287.9,14,N,0
-3.2396,106.0197,309.1,1,1,2023-10-02,1502,Terra,MODIS,76,61.03,286.8,8.1,N,0
-3.3622,105.0167,318.6,1,1,2023-10-02,1502,Terra,MODIS,97,61.03,272.3,17,N,0
-3.3634,105.0079,308.6,1,1,2023-10-02,1502,Terra,MODIS,29,61.03,270.5,8.9,N,0
-3.3173,105.2719,322.5,1,1,2023-10-02,1502,Terra,MODIS,92,61.03,268.6,0,N,0
-3.3444,105.0142,322.5,1,1,2023-10-02,1502,Terra,MODIS,88,61.03,271,19.9,N,0
-3.3265,104.9485,305.7,1,1,2023-10-02,1502,Terra,MODIS,65,61.03,269.7,8.1,N,0
-3.3277,104.9397,301.2,1,1,2023-10-02,1502,Terra,MODIS,39,61.03,269.6,5.5,N,0
-3.2966,104.568,303,1,1,2023-10-02,1502,Terra,MODIS,53,61.03,270.7,6.9,N,0
-3.195,104.7013,305,1,1,2023-10-02,1502,Terra,MODIS,57,61.03,268.3,7.4,N,0
-3.0006,104.5802,300.1,1,1,2023-10-02,1503,Terra,MODIS,15,61.03,275,4.5,N,0
-2.9644,104.5688,303.9,1,1,2023-10-02,1503,Terra,MODIS,58,61.03,273.3,6.6,N,0
-2.9429,105.1082,303.9,2.3,1.5,2023-10-03,0324,Terra,MODIS,0,61.03,269.7,17.1,D,0
-3.0783,105.2308,311.6,2.4,1.5,2023-10-03,0324,Terra,MODIS,69,61.03,276.3,32,D,0
-3.0872,105.294,317.6,2.4,1.5,2023-10-03,0324,Terra,MODIS,76,61.03,273.8,49.9,D,0
-3.0902,105.3152,315.3,2.4,1.5,2023-10-03,0324,Terra,MODIS,65,61.03,270.9,43.8,D,0
-3.075,105.2256,311.5,2.4,1.5,2023-10-03,0324,Terra,MODIS,53,61.03,276.3,30.1,D,0
-3.0862,105.3101,324.1,2.4,1.5,2023-10-03,0324,Terra,MODIS,62,61.03,271.9,68.6,D,0
-3.2504,105.1528,307.9,2.4,1.5,2023-10-03,0324,Terra,MODIS,21,61.03,279.2,17.8,D,0
-3.2773,105.3434,312.8,2.5,1.5,2023-10-03,0324,Terra,MODIS,70,61.03,277.2,31.8,D,0
-3.2727,105.3387,312.9,2.5,1.5,2023-10-03,0324,Terra,MODIS,48,61.03,277.1,29.2,D,0
-3.2605,105.1461,314.9,2.4,1.5,2023-10-03,0324,Terra,MODIS,69,61.03,278.9,34.8,D,0
-3.3603,105.2831,310.8,2.4,1.5,2023-10-03,0324,Terra,MODIS,43,61.03,278.4,22.7,D,0
-3.3633,105.3045,315.9,2.4,1.5,2023-10-03,0324,Terra,MODIS,74,61.03,277.9,38.7,D,0
-3.3209,104.9099,306.2,2.3,1.5,2023-10-03,0324,Terra,MODIS,35,61.03,276,11.5,D,0
-3.3587,105.2986,318.8,2.4,1.5,2023-10-03,0324,Terra,MODIS,77,61.03,278.1,44.6,D,0
-3.3194,104.9035,305.2,2.3,1.5,2023-10-03,0324,Terra,MODIS,35,61.03,276,9.6,D,0
-3.3487,105.0228,316.2,2.3,1.5,2023-10-03,0324,Terra,MODIS,52,61.03,282.1,27,D,0
-3.3784,104.8551,309.6,2.3,1.5,2023-10-03,0324,Terra,MODIS,32,61.03,282.3,14.4,D,0
-3.4981,105.2524,307.5,2.4,1.5,2023-10-03,0324,Terra,MODIS,34,61.03,275.6,16.4,D,0
-3.3128,105.698,308.8,2.3,1.5,2023-10-03,0627,Aqua,MODIS,28,61.03,283.4,16.9,D,0
-3.4873,105.2345,316.1,2.6,1.5,2023-10-03,0627,Aqua,MODIS,42,61.03,280,36.2,D,0
-3.5378,104.6793,310.2,2.9,1.6,2023-10-03,0627,Aqua,MODIS,29,61.03,277.9,23,D,0
-3.3035,105.6918,318,2.3,1.5,2023-10-03,0627,Aqua,MODIS,74,61.03,283.6,45.6,D,0
-3.4065,104.6563,316.9,2.9,1.6,2023-10-03,0627,Aqua,MODIS,74,61.03,283.1,39.3,D,0
-3.41,104.631,315.8,2.9,1.6,2023-10-03,0627,Aqua,MODIS,68,61.03,281.9,35.7,D,0
-3.2328,105.6179,307,2.4,1.5,2023-10-03,0627,Aqua,MODIS,37,61.03,283,15.7,D,0
-3.4036,104.6488,319.8,2.9,1.6,2023-10-03,0627,Aqua,MODIS,70,61.03,283,47.9,D,0
-3.2561,104.9772,313,2.7,1.6,2023-10-03,0627,Aqua,MODIS,48,61.03,278.9,24.6,D,0
-3.2389,104.9989,310.8,2.7,1.6,2023-10-03,0627,Aqua,MODIS,29,61.03,279.6,18.3,D,0
-3.2481,104.9955,317.6,2.7,1.6,2023-10-03,0627,Aqua,MODIS,64,61.03,280.4,42.8,D,0
-3.2516,104.9719,313.4,2.7,1.6,2023-10-03,0627,Aqua,MODIS,61,61.03,278.9,28.2,D,0
-3.0933,105.3002,331.2,2.5,1.5,2023-10-03,0627,Aqua,MODIS,86,61.03,281,103.9,D,0
-3.0991,105.294,310.2,2.5,1.5,2023-10-03,0627,Aqua,MODIS,58,61.03,280.7,25.2,D,0
-3.0855,105.2921,329.6,2.5,1.5,2023-10-03,0627,Aqua,MODIS,85,61.03,280.7,95.4,D,0
-2.8896,105.6521,309.1,2.3,1.5,2023-10-03,0627,Aqua,MODIS,41,61.03,284.7,23.5,D,0
-2.9402,105.0827,318.7,2.6,1.5,2023-10-03,0627,Aqua,MODIS,61,61.03,280.4,47.1,D,0
-2.9215,105.2572,307.8,2.5,1.5,2023-10-03,0627,Aqua,MODIS,29,61.03,279.3,16,D,0
-2.9442,105.0997,312.7,2.6,1.5,2023-10-03,0627,Aqua,MODIS,66,61.03,279.9,31,D,0
-2.9475,105.0768,316.2,2.6,1.5,2023-10-03,0627,Aqua,MODIS,72,61.03,280.6,42.5,D,0
-1.7259,106.0306,319.3,2.1,1.4,2023-10-03,0627,Aqua,MODIS,73,61.03,284.7,31.1,D,0
-1.7285,106.0123,312,2.1,1.4,2023-10-03,0627,Aqua,MODIS,53,61.03,284.5,14,D,0
-1.7365,106.0253,327.1,2.1,1.4,2023-10-03,0627,Aqua,MODIS,80,61.03,285.3,54.4,D,0
-2.4148,105.0998,301.3,4.8,2,2023-10-03,1543,Terra,MODIS,39,61.03,287.4,35.6,N,0
-3.5046,105.3265,305,1,1,2023-10-03,1849,Aqua,MODIS,63,61.03,290.5,6.3,N,0
-2.4103,105.1035,304.4,1,1,2023-10-03,1849,Aqua,MODIS,60,61.03,289.7,5.1,N,0
-3.0663,105.2308,308,1,1,2023-10-03,1849,Aqua,MODIS,68,61.03,290.4,7.3,N,0
-3.0769,105.3021,324.1,1,1,2023-10-03,1849,Aqua,MODIS,100,61.03,292.3,21.6,N,0
-3.0782,105.311,308.8,1,1,2023-10-03,1849,Aqua,MODIS,76,61.03,290.5,7.9,N,0
-3.0752,105.2295,320,1,1,2023-10-03,1849,Aqua,MODIS,99,61.03,292.6,16.7,N,0
-3.0858,105.3008,315.1,1,1,2023-10-03,1849,Aqua,MODIS,91,61.03,291,12.7,N,0
-3.2057,105.0517,318.2,1,1,2023-10-03,1849,Aqua,MODIS,96,61.03,288.8,16.6,N,0
-3.2071,105.0607,306.2,1,1,2023-10-03,1849,Aqua,MODIS,67,61.03,287,7.2,N,0
-3.2675,105.3438,301.3,1,1,2023-10-03,1849,Aqua,MODIS,40,61.03,289.8,4,N,0
-3.2689,105.3527,303.1,1,1,2023-10-03,1849,Aqua,MODIS,53,61.03,289.5,4.9,N,0
-3.2459,105.1374,311.3,1,1,2023-10-03,1849,Aqua,MODIS,82,61.03,289.6,10.1,N,0
-3.2473,105.1464,305.4,1,1,2023-10-03,1849,Aqua,MODIS,57,61.03,289.9,6,N,0
-3.2549,105.1361,304.6,1,1,2023-10-03,1849,Aqua,MODIS,61,61.03,289.3,5.7,N,0
-3.2562,105.1451,304.6,1,1,2023-10-03,1849,Aqua,MODIS,61,61.03,289.6,5.7,N,0
-3.2787,104.9884,308.2,1,1,2023-10-03,1849,Aqua,MODIS,74,61.03,287.6,9.5,N,0
-3.3202,105.2658,306.7,1,1,2023-10-03,1849,Aqua,MODIS,60,61.03,290.6,6,N,0
-3.3215,105.2747,306.5,1,1,2023-10-03,1849,Aqua,MODIS,68,61.03,291.1,6.2,N,0
-3.3251,105.2377,307.5,1,1,2023-10-03,1849,Aqua,MODIS,46,61.03,290.9,6.6,N,0
-3.334,105.2364,305.5,1,1,2023-10-03,1849,Aqua,MODIS,19,61.03,291,5.5,N,0
-3.3155,104.9279,301.1,1,1,2023-10-03,1849,Aqua,MODIS,37,61.03,289.5,4.4,N,0
-3.3289,104.9479,300.4,1,1,2023-10-03,1849,Aqua,MODIS,23,61.03,287.1,5.4,N,0
-3.3397,105.0198,317.6,1,1,2023-10-03,1849,Aqua,MODIS,66,61.03,290.8,14.6,N,0
-3.4285,105.5527,300.8,1,1,2023-10-03,1849,Aqua,MODIS,33,61.03,289.9,3.6,N,0
-3.3576,105.0172,309.3,1,1,2023-10-03,1849,Aqua,MODIS,47,61.03,289.6,8.9,N,0
-3.506,105.3354,312.8,1,1,2023-10-03,1849,Aqua,MODIS,86,61.03,291.6,11.7,N,0
-3.5186,104.6765,312.3,1,1,2023-10-03,1849,Aqua,MODIS,56,61.03,292.4,9.8,N,0
-3.5199,104.6856,315.2,1,1,2023-10-03,1849,Aqua,MODIS,49,61.03,292.3,11.7,N,0
-3.5317,104.7025,308.7,1,1,2023-10-03,1849,Aqua,MODIS,75,61.03,291.1,7.6,N,0
-3.5366,104.6739,324.3,1,1,2023-10-03,1849,Aqua,MODIS,100,61.03,293.7,20.4,N,0
-3.5607,104.6544,312.2,1,1,2023-10-03,1849,Aqua,MODIS,84,61.03,292.3,11.1,N,0
-3.5621,104.6635,302,1,1,2023-10-03,1849,Aqua,MODIS,46,61.03,290.9,4,N,0
-3.4705,105.2373,315.9,2.8,1.6,2023-10-04,0227,Terra,MODIS,66,61.03,293.2,33.9,D,0
-3.3331,104.9592,320.8,3,1.6,2023-10-04,0227,Terra,MODIS,48,61.03,295.1,45.1,D,0
-3.3345,104.9532,321.7,3,1.6,2023-10-04,0227,Terra,MODIS,68,61.03,294.9,51.8,D,0
-3.4636,105.2203,320.5,2.8,1.6,2023-10-04,0227,Terra,MODIS,74,61.03,293.6,53.4,D,0
-3.213,105.064,312.9,2.9,1.6,2023-10-04,0227,Terra,MODIS,37,61.03,293.9,24.1,D,0
-3.4667,105.2126,315.5,2.8,1.6,2023-10-04,0227,Terra,MODIS,66,61.03,293.6,33.2,D,0
-3.5408,105.6556,326,1.4,1.2,2023-10-04,0708,Aqua,MODIS,76,61.03,298.6,22.1,D,0
-3.5426,105.6433,320.4,1.4,1.2,2023-10-04,0708,Aqua,MODIS,32,61.03,299.3,12,D,0
-3.5983,104.7813,321,1.2,1.1,2023-10-04,0708,Aqua,MODIS,49,61.03,295.1,11.6,D,0
-3.3693,105.4305,328.6,1.4,1.2,2023-10-04,0708,Aqua,MODIS,35,61.03,303.2,17.9,D,0
-3.359,105.429,328,1.4,1.2,2023-10-04,0708,Aqua,MODIS,61,61.03,303,15.6,D,0
-3.2254,105.6274,324.2,1.4,1.2,2023-10-04,0708,Aqua,MODIS,67,61.03,298.8,20.1,D,0
-3.2273,105.6149,331.5,1.4,1.2,2023-10-04,0708,Aqua,MODIS,82,61.03,301,35,D,0
-3.231,105.6225,329.7,1.4,1.2,2023-10-04,0708,Aqua,MODIS,77,61.03,300.6,31.1,D,0
-3.2647,105.3902,318,1.4,1.2,2023-10-04,0708,Aqua,MODIS,51,61.03,299.2,10.2,D,0
-3.2602,105.1368,323.6,1.3,1.1,2023-10-04,0708,Aqua,MODIS,60,61.03,299.3,18.3,D,0
-3.2522,104.9838,323.5,1.3,1.1,2023-10-04,0708,Aqua,MODIS,43,61.03,299.3,15.5,D,0
-3.1377,105.267,322.6,1.3,1.1,2023-10-04,0708,Aqua,MODIS,30,61.03,299.5,13.5,D,0
-3.1156,105.2758,347.8,1.3,1.1,2023-10-04,0708,Aqua,MODIS,94,61.03,300.7,70.3,D,0
-3.1173,105.264,326.4,1.3,1.1,2023-10-04,0708,Aqua,MODIS,48,61.03,299.2,18.7,D,0
-3.0916,105.2965,330.9,1.3,1.1,2023-10-04,0708,Aqua,MODIS,44,61.03,300.8,29,D,0
-3.1773,104.6549,319.8,1.2,1.1,2023-10-04,0708,Aqua,MODIS,51,61.03,296.6,10,D,0
-3.1788,104.6441,319.7,1.2,1.1,2023-10-04,0708,Aqua,MODIS,60,61.03,295.4,10.2,D,0
-2.8203,105.1348,319.1,1.3,1.1,2023-10-04,0709,Aqua,MODIS,55,61.03,298.2,14.3,D,0
-3.359,105.0139,322,1.5,1.2,2023-10-04,1446,Terra,MODIS,100,61.03,294.8,32.4,N,0
-3.3609,105.0006,303.3,1.5,1.2,2023-10-04,1446,Terra,MODIS,13,61.03,293.3,6,N,0
-3.3483,105.0124,318.9,1.5,1.2,2023-10-04,1446,Terra,MODIS,98,61.03,295,26.4,N,0
-3.3251,104.9414,305.6,1.5,1.2,2023-10-04,1446,Terra,MODIS,53,61.03,293.7,8.4,N,0
-3.2929,105.0182,308.2,1.5,1.2,2023-10-04,1446,Terra,MODIS,73,61.03,293.8,10.9,N,0
-3.2894,105.012,304.5,1.5,1.2,2023-10-04,1446,Terra,MODIS,55,61.03,293.6,7.3,N,0
-3.2823,104.984,311.8,1.5,1.2,2023-10-04,1446,Terra,MODIS,83,61.03,294.2,16,N,0
-3.2498,105.1395,306.4,1.5,1.2,2023-10-04,1446,Terra,MODIS,66,61.03,294.2,9.6,N,0
-3.3084,104.5534,306.5,1.6,1.3,2023-10-04,1446,Terra,MODIS,68,61.03,293.5,10.6,N,0
-3.1816,104.6449,305.8,1.6,1.2,2023-10-04,1446,Terra,MODIS,66,61.03,293.7,9.3,N,0
-3.0814,105.2273,305.4,1.4,1.2,2023-10-04,1446,Terra,MODIS,41,61.03,295.2,7.1,N,0
-3.0762,105.2209,310.3,1.4,1.2,2023-10-04,1446,Terra,MODIS,79,61.03,295.3,13,N,0
-2.8829,106.2407,306.9,1.2,1.1,2023-10-04,1446,Terra,MODIS,67,61.03,293.9,8.1,N,0
-2.9129,105.114,304.4,1.5,1.2,2023-10-04,1446,Terra,MODIS,56,61.03,292.7,7.7,N,0
-2.6857,106.408,305.9,1.2,1.1,2023-10-04,1446,Terra,MODIS,62,61.03,294.4,6.1,N,0
-2.6987,106.1698,341.6,1.2,1.1,2023-10-04,1446,Terra,MODIS,100,61.03,295.2,60.4,N,0
-2.7002,106.1589,304.7,1.2,1.1,2023-10-04,1446,Terra,MODIS,56,61.03,294.2,5.4,N,0
-2.812,105.2617,314.7,1.4,1.2,2023-10-04,1446,Terra,MODIS,89,61.03,293.5,19.6,N,0
-2.8137,105.2493,309.1,1.4,1.2,2023-10-04,1446,Terra,MODIS,74,61.03,293.2,12.7,N,0
-2.4901,106.4219,304.5,1.2,1.1,2023-10-04,1446,Terra,MODIS,53,61.03,294.3,4.7,N,0
-1.7167,105.8087,310,1.3,1.1,2023-10-04,1446,Terra,MODIS,76,61.03,294,10,N,0
-1.7147,105.814,304.3,1.3,1.1,2023-10-04,1446,Terra,MODIS,48,61.03,293.9,4.7,N,0
-3.3376,105.0109,314.1,1.5,1.2,2023-10-04,1446,Terra,MODIS,88,61.03,294.1,19,N,0
-3.5008,105.6794,311.1,1.4,1.2,2023-10-04,1446,Terra,MODIS,81,61.03,294.4,13.7,N,0
-3.5024,105.6675,307.3,1.4,1.2,2023-10-04,1446,Terra,MODIS,70,61.03,293.8,9.5,N,0
-3.5088,105.3363,303.6,1.4,1.2,2023-10-04,1446,Terra,MODIS,56,61.03,293.3,7.2,N,0
-3.5105,105.3237,326.6,1.4,1.2,2023-10-04,1446,Terra,MODIS,100,61.03,294.2,40.5,N,0
-3.3284,105.2346,306.9,1.4,1.2,2023-10-04,1446,Terra,MODIS,51,61.03,294.1,9.5,N,0
-2.3009,106.1011,315.6,1.3,1.1,2023-10-05,0307,Terra,MODIS,23,61.03,296.9,7.2,D,0
-1.7179,105.8083,318.3,1.2,1.1,2023-10-05,0307,Terra,MODIS,69,61.03,299.6,9.7,D,0
-3.1762,104.6498,316.6,1.1,1.1,2023-10-05,0308,Terra,MODIS,58,61.03,297.5,6.6,D,0
-2.9181,105.1136,319.5,1.2,1.1,2023-10-05,0308,Terra,MODIS,40,61.03,298.1,10.3,D,0
-3.5089,105.6807,327.8,1.3,1.1,2023-10-05,0308,Terra,MODIS,79,61.03,298.6,25.9,D,0
-3.5261,104.5865,318.4,1.1,1.1,2023-10-05,0308,Terra,MODIS,58,61.03,298.8,7.4,D,0
-3.3682,105.0417,323.7,1.2,1.1,2023-10-05,0308,Terra,MODIS,36,61.03,302.3,12.1,D,0
-3.4973,105.6708,322,1.3,1.1,2023-10-05,0308,Terra,MODIS,65,61.03,298.7,16.3,D,0
-3.4989,105.682,327.4,1.3,1.1,2023-10-05,0308,Terra,MODIS,78,61.03,299,25.2,D,0
-3.5072,105.6694,319.3,1.3,1.1,2023-10-05,0308,Terra,MODIS,34,61.03,299.1,12.1,D,0
-3.5125,105.6702,314.5,4.7,2,2023-10-05,0612,Aqua,MODIS,61,61.03,293.9,69.9,D,0
-3.5124,105.6785,312.9,4.7,2,2023-10-05,0612,Aqua,MODIS,56,61.03,293.8,56.3,D,0
-2.7211,106.1615,311.8,4.2,1.9,2023-10-05,0612,Aqua,MODIS,51,61.03,292.3,35.8,D,0
-2.779,105.6142,313.2,4.6,2,2023-10-05,0612,Aqua,MODIS,35,61.03,295.5,52.9,D,0
-2.7783,105.6067,314,4.6,2,2023-10-05,0612,Aqua,MODIS,42,61.03,295.7,54.9,D,0
-2.7842,105.5656,313.9,4.7,2,2023-10-05,0612,Aqua,MODIS,38,61.03,295.7,60.2,D,0
-3.5,105.3263,307.3,2.2,1.5,2023-10-05,1526,Terra,MODIS,71,61.03,293,20.6,N,0
-3.503,105.3066,304.9,2.2,1.4,2023-10-05,1526,Terra,MODIS,62,61.03,292.6,15.9,N,0
-3.5012,105.3208,314.1,2.2,1.5,2023-10-05,1526,Terra,MODIS,88,61.03,293.2,35.1,N,0
-3.3313,105.228,310.7,2.2,1.4,2023-10-05,1526,Terra,MODIS,81,61.03,293.3,26.4,N,0
-3.3632,105.0173,308.8,2.1,1.4,2023-10-05,1526,Terra,MODIS,63,61.03,293.3,20.5,N,0
-3.3507,105.0154,308.8,2.1,1.4,2023-10-05,1526,Terra,MODIS,29,61.03,293.6,19.6,N,0
-3.3381,105.0135,316.5,2.1,1.4,2023-10-05,1526,Terra,MODIS,93,61.03,293.6,37,N,0
-3.3321,105.2225,305.7,2.2,1.4,2023-10-05,1526,Terra,MODIS,31,61.03,292.8,14.9,N,0
-3.3624,105.0115,310.9,2.1,1.4,2023-10-05,1526,Terra,MODIS,28,61.03,293.2,23.3,N,0
-3.3164,105.2402,304.1,2.2,1.4,2023-10-05,1526,Terra,MODIS,4,61.03,293.2,11.7,N,0
-3.3498,105.0096,308.3,2.1,1.4,2023-10-05,1526,Terra,MODIS,52,61.03,293.6,19.2,N,0
-3.3372,105.0077,313.9,2.1,1.4,2023-10-05,1526,Terra,MODIS,88,61.03,293.5,31.2,N,0
-3.3176,104.9664,308.2,2.1,1.4,2023-10-05,1526,Terra,MODIS,74,61.03,293.4,19.2,N,0
-3.1068,105.3236,303.1,2.3,1.5,2023-10-05,1526,Terra,MODIS,53,61.03,289.8,13,N,0
-3.0946,105.2347,310.5,2.2,1.5,2023-10-05,1526,Terra,MODIS,80,61.03,290.9,27.4,N,0
-3.18,104.6548,305.4,2,1.4,2023-10-05,1526,Terra,MODIS,41,61.03,293.1,12.2,N,0
-3.1704,104.6352,304.6,2,1.4,2023-10-05,1526,Terra,MODIS,61,61.03,291.1,10.5,N,0
-3.0967,105.2408,303.1,1.5,1.2,2023-10-05,1835,Aqua,MODIS,52,61.03,282.4,10.2,N,0
-3.089,105.2364,304.5,1.5,1.2,2023-10-05,1835,Aqua,MODIS,60,61.03,282.6,11.7,N,0
-3.1694,104.6502,304,1.7,1.3,2023-10-05,1835,Aqua,MODIS,58,61.03,291.3,10.5,N,0
-3.2787,104.9837,302.6,1.6,1.2,2023-10-05,1835,Aqua,MODIS,50,61.03,282.3,11.1,N,0
-3.3402,105.0174,320.1,1.6,1.2,2023-10-05,1835,Aqua,MODIS,100,61.03,282.9,34.6,N,0
-3.3402,105.0106,308.5,1.6,1.2,2023-10-05,1835,Aqua,MODIS,40,61.03,280.3,16.1,N,0
-3.3424,105.0246,310.9,1.6,1.2,2023-10-05,1835,Aqua,MODIS,33,61.03,283,18.6,N,0
-3.5045,105.3266,301.7,1.5,1.2,2023-10-05,1835,Aqua,MODIS,44,61.03,272.6,11.6,N,0
-3.5342,104.7063,302,1.6,1.3,2023-10-05,1835,Aqua,MODIS,5,61.03,289.4,7.4,N,0
-3.541,104.6753,305.9,1.7,1.3,2023-10-05,1835,Aqua,MODIS,37,61.03,291.8,11.7,N,0
-3.4614,105.1982,324.5,1,1,2023-10-06,0654,Aqua,MODIS,37,61.03,300.6,12.1,D,0
-3.3779,105.2615,322.2,1,1,2023-10-06,0654,Aqua,MODIS,47,61.03,299,10.4,D,0
-3.292,105.7928,316.5,1,1,2023-10-06,0654,Aqua,MODIS,54,61.03,299.6,7,D,0
-3.3959,105.0726,318.2,1,1,2023-10-06,0654,Aqua,MODIS,31,61.03,301.1,7.1,D,0
-3.3241,105.5077,328.8,1,1,2023-10-06,0654,Aqua,MODIS,79,61.03,302.7,18.1,D,0
-3.3254,105.4989,340.2,1,1,2023-10-06,0654,Aqua,MODIS,89,61.03,305.7,32.7,D,0
-3.3267,105.49,338.7,1,1,2023-10-06,0654,Aqua,MODIS,88,61.03,306.7,29.2,D,0
-3.3165,105.4976,357.3,1,1,2023-10-06,0654,Aqua,MODIS,98,61.03,302.5,68.7,D,0
-3.3358,105.3008,325.8,1,1,2023-10-06,0654,Aqua,MODIS,69,61.03,302.1,13.3,D,0
-3.337,105.2919,324.1,1,1,2023-10-06,0654,Aqua,MODIS,21,61.03,303.8,10.2,D,0
-3.3273,105.2302,336.4,1,1,2023-10-06,0654,Aqua,MODIS,86,61.03,305.4,26.5,D,0
-3.3171,105.2378,334,1,1,2023-10-06,0654,Aqua,MODIS,58,61.03,300.5,21.8,D,0
-3.374,104.8434,318.7,1,1,2023-10-06,0654,Aqua,MODIS,25,61.03,301.6,5,D,2
-3.3756,104.7049,328.5,1,1,2023-10-06,0654,Aqua,MODIS,36,61.03,306.9,13.9,D,0
-3.2864,105.2607,342.7,1,1,2023-10-06,0654,Aqua,MODIS,90,61.03,302.8,37.8,D,0
-3.2877,105.2518,337.5,1,1,2023-10-06,0654,Aqua,MODIS,87,61.03,302.4,29.6,D,0
-3.2775,105.2594,322.9,1,1,2023-10-06,0654,Aqua,MODIS,59,61.03,304.2,10.2,D,0
-3.2686,105.2581,320.5,1,1,2023-10-06,0654,Aqua,MODIS,17,61.03,302.8,6.7,D,0
-2.9154,107.5492,319.4,1.1,1.1,2023-10-06,0654,Aqua,MODIS,0,61.03,298.3,11.2,D,0
-3.3124,104.8253,321.3,1,1,2023-10-06,0654,Aqua,MODIS,39,61.03,304,6.6,D,0
-3.2567,105.1405,321,1,1,2023-10-06,0654,Aqua,MODIS,68,61.03,304,9.7,D,0
-3.2194,105.3351,320.8,1,1,2023-10-06,0654,Aqua,MODIS,40,61.03,305.1,7.8,D,0
-3.2529,105.1035,319.2,1,1,2023-10-06,0654,Aqua,MODIS,40,61.03,300.8,7.4,D,0
-3.2183,105.2169,319.7,1,1,2023-10-06,0654,Aqua,MODIS,41,61.03,300.3,7.3,D,0
-3.1122,105.6366,343.8,1,1,2023-10-06,0654,Aqua,MODIS,91,61.03,299.2,42.3,D,0
-3.1134,105.6277,358.3,1,1,2023-10-06,0654,Aqua,MODIS,99,61.03,303.5,74,D,0
-3.1583,105.3172,333.8,1,1,2023-10-06,0654,Aqua,MODIS,84,61.03,304,22,D,0
-3.1493,105.3159,331.6,1,1,2023-10-06,0654,Aqua,MODIS,82,61.03,304,18.9,D,0
-2.9395,106.5752,313.5,1,1,2023-10-06,0654,Aqua,MODIS,32,61.03,293.8,5.4,D,0
-3.1102,105.3318,336.8,1,1,2023-10-06,0654,Aqua,MODIS,86,61.03,304.5,28,D,0
-3.1115,105.3229,351.4,1,1,2023-10-06,0654,Aqua,MODIS,95,61.03,306.3,54.4,D,0
-3.1026,105.3216,334.2,1,1,2023-10-06,0654,Aqua,MODIS,81,61.03,302.3,24.1,D,0
-3.1116,105.1957,324.8,1,1,2023-10-06,0654,Aqua,MODIS,49,61.03,299.3,11.9,D,0
-3.1815,104.646,330.6,1,1,2023-10-06,0654,Aqua,MODIS,55,61.03,306,16.6,D,0
-3.1093,104.9582,322.1,1,1,2023-10-06,0654,Aqua,MODIS,50,61.03,303.3,8.9,D,0
-3.1105,104.9492,345.4,1,1,2023-10-06,0654,Aqua,MODIS,92,61.03,302.9,43.1,D,0
-2.8953,106.3028,321.5,1,1,2023-10-06,0654,Aqua,MODIS,66,61.03,299.6,10.2,D,0
-2.9872,105.3526,336.5,1,1,2023-10-06,0654,Aqua,MODIS,86,61.03,300.6,28.8,D,0
-2.9885,105.3438,321.6,1,1,2023-10-06,0654,Aqua,MODIS,57,61.03,299.1,10,D,0
-3.0282,105.0678,320.6,1,1,2023-10-06,0654,Aqua,MODIS,52,61.03,299.6,10,D,0
-3.0295,105.0589,330.1,1,1,2023-10-06,0654,Aqua,MODIS,80,61.03,299.8,20.7,D,0
-2.9783,105.3513,321.5,1,1,2023-10-06,0654,Aqua,MODIS,66,61.03,299.2,10,D,0
-2.9795,105.3425,318,1,1,2023-10-06,0654,Aqua,MODIS,33,61.03,300.4,6.4,D,0
-2.9949,105.2358,335.8,1,1,2023-10-06,0654,Aqua,MODIS,85,61.03,303.6,26.1,D,0
-2.9962,105.2269,350.7,1,1,2023-10-06,0654,Aqua,MODIS,95,61.03,304.4,54.5,D,0
-2.8325,106.2936,322.4,1,1,2023-10-06,0654,Aqua,MODIS,71,61.03,299.9,11,D,0
-3.0606,104.7146,330.8,1,1,2023-10-06,0654,Aqua,MODIS,81,61.03,304.5,17.5,D,0
-3.0619,104.7056,332,1,1,2023-10-06,0654,Aqua,MODIS,82,61.03,305.4,19.1,D,0
-3.0828,104.56,319.1,1,1,2023-10-06,0654,Aqua,MODIS,41,61.03,301,7.3,D,0
-2.9796,105.2154,328.3,1,1,2023-10-06,0654,Aqua,MODIS,54,61.03,303.5,16.1,D,0
-2.9809,105.2065,331.3,1,1,2023-10-06,0654,Aqua,MODIS,81,61.03,303.3,21.2,D,0
-2.9822,105.1976,331.3,1,1,2023-10-06,0654,Aqua,MODIS,81,61.03,303.2,22.8,D,0
-2.9988,105.0818,328.9,1,1,2023-10-06,0654,Aqua,MODIS,72,61.03,303.2,17.5,D,0
-3.0001,105.0728,324.8,1,1,2023-10-06,0654,Aqua,MODIS,46,61.03,304.4,12.1,D,0
-2.9698,105.2174,349.1,1,1,2023-10-06,0654,Aqua,MODIS,94,61.03,304.8,51.3,D,0
-2.971,105.2085,352.1,1,1,2023-10-06,0654,Aqua,MODIS,96,61.03,304.5,57.5,D,0
-2.9723,105.1996,348.6,1,1,2023-10-06,0654,Aqua,MODIS,94,61.03,302.8,50.9,D,0
-2.9736,105.1907,326.1,1,1,2023-10-06,0654,Aqua,MODIS,76,61.03,300.9,16.7,D,0
-2.9891,105.0838,320.9,1,1,2023-10-06,0654,Aqua,MODIS,46,61.03,302.4,8.4,D,0
-2.822,106.1764,323.8,1,1,2023-10-06,0654,Aqua,MODIS,73,61.03,304.6,9.4,D,0
-2.9608,105.2161,325,1,1,2023-10-06,0654,Aqua,MODIS,74,61.03,302.2,14.2,D,0
-2.9621,105.2072,359.3,1,1,2023-10-06,0654,Aqua,MODIS,99,61.03,303.2,76.6,D,0
-2.9686,105.099,331.9,1,1,2023-10-06,0654,Aqua,MODIS,67,61.03,303.8,19.5,D,0
-2.9699,105.0901,335.5,1,1,2023-10-06,0654,Aqua,MODIS,78,61.03,306,24.3,D,0
-2.9584,105.1067,333.8,1,1,2023-10-06,0654,Aqua,MODIS,80,61.03,304.2,22.5,D,0
-2.9597,105.0977,330.2,1,1,2023-10-06,0654,Aqua,MODIS,78,61.03,305.1,16.7,D,0
-2.9625,104.888,321,1,1,2023-10-06,0654,Aqua,MODIS,59,61.03,300.3,9.5,D,0
-2.9188,105.1282,326.5,1,1,2023-10-06,0654,Aqua,MODIS,61,61.03,302.2,14.7,D,0
-2.7606,106.1582,327.2,1,1,2023-10-06,0654,Aqua,MODIS,78,61.03,302.1,14.9,D,0
-2.758,105.9778,317.4,1,1,2023-10-06,0654,Aqua,MODIS,46,61.03,300.1,7.4,D,0
-2.7592,105.9689,322.3,1,1,2023-10-06,0654,Aqua,MODIS,71,61.03,300.7,12.1,D,0
-2.7503,105.9676,325.1,1,1,2023-10-06,0654,Aqua,MODIS,71,61.03,300.5,14.7,D,0
-2.8556,105.2397,325.2,1,1,2023-10-06,0654,Aqua,MODIS,63,61.03,305.1,14.9,D,0
-2.8519,105.1392,337.8,1,1,2023-10-06,0654,Aqua,MODIS,87,61.03,302.1,32.1,D,0
-2.7106,106.0529,324,1,1,2023-10-06,0654,Aqua,MODIS,73,61.03,301,12.7,D,0
-2.8378,105.1735,320.3,1,1,2023-10-06,0654,Aqua,MODIS,39,61.03,297.1,9.5,D,0
-2.8429,105.1379,333.6,1,1,2023-10-06,0654,Aqua,MODIS,84,61.03,300.2,25.5,D,0
-2.8123,105.2243,355.6,1,1,2023-10-06,0654,Aqua,MODIS,97,61.03,301.9,66.5,D,0
-2.8135,105.2154,337,1,1,2023-10-06,0654,Aqua,MODIS,87,61.03,302,30.2,D,0
-2.6332,106.0815,321.6,1,1,2023-10-06,0654,Aqua,MODIS,69,61.03,301.4,10,D,0
-2.6913,105.5542,318.3,1,1,2023-10-06,0654,Aqua,MODIS,61,61.03,301.9,7.6,D,0
-2.7119,105.2856,322.5,1,1,2023-10-06,0654,Aqua,MODIS,45,61.03,304.6,8.2,D,0
-2.703,105.2843,324.8,1,1,2023-10-06,0654,Aqua,MODIS,63,61.03,304.7,10.3,D,0
-2.4126,105.3772,332.3,1,1,2023-10-06,0654,Aqua,MODIS,64,61.03,304.5,20.4,D,0
-2.1549,106.0722,323.4,1,1,2023-10-06,0654,Aqua,MODIS,74,61.03,301.3,8.9,D,0
-2.1562,106.0632,327.7,1,1,2023-10-06,0654,Aqua,MODIS,81,61.03,301.4,14.6,D,0
-3.4933,105.2938,358.3,1,1,2023-10-06,0654,Aqua,MODIS,99,61.03,302.6,72.5,D,0
-3.4945,105.2849,335.2,1,1,2023-10-06,0654,Aqua,MODIS,85,61.03,301.3,26.6,D,0
-3.5632,104.8092,325.2,1,1,2023-10-06,0654,Aqua,MODIS,60,61.03,303,12.5,D,0
-3.4458,105.5592,326,1,1,2023-10-06,0654,Aqua,MODIS,75,61.03,302.6,15.4,D,0
-3.4921,105.1753,324.7,1,1,2023-10-06,0654,Aqua,MODIS,61,61.03,302.7,11.5,D,0
-3.4934,105.1664,320.5,1,1,2023-10-06,0654,Aqua,MODIS,35,61.03,300.6,7.8,D,0
-3.4383,105.4855,325,1,1,2023-10-06,0654,Aqua,MODIS,33,61.03,304.6,10.6,D,0
-3.4447,105.4411,327.8,1,1,2023-10-06,0654,Aqua,MODIS,46,61.03,305.7,10.9,D,0
-3.4459,105.4323,325.6,1,1,2023-10-06,0654,Aqua,MODIS,36,61.03,309.5,8.7,D,0
-3.5336,104.8234,327.7,1,1,2023-10-06,0654,Aqua,MODIS,77,61.03,303.8,15.3,D,0
-3.4229,105.5286,317.8,1,1,2023-10-06,0654,Aqua,MODIS,45,61.03,302.5,7,D,0
-3.492,105.3027,337.2,1,1,2023-10-06,0654,Aqua,MODIS,87,61.03,298.8,29.4,D,0
-3.5104,105.6829,350,1,1,2023-10-06,0654,Aqua,MODIS,95,61.03,305,52.9,D,0
-3.5117,105.6741,356.6,1,1,2023-10-06,0654,Aqua,MODIS,98,61.03,306,67.1,D,0
-3.5129,105.6652,325.8,1,1,2023-10-06,0654,Aqua,MODIS,75,61.03,302.2,13.5,D,0
-3.4697,105.6498,315.2,1,1,2023-10-06,0654,Aqua,MODIS,28,61.03,300.3,5.7,D,0
-3.5072,105.3231,335.8,1,1,2023-10-06,0654,Aqua,MODIS,85,61.03,304.5,26.2,D,0
-3.5085,105.3142,337.1,1,1,2023-10-06,0654,Aqua,MODIS,77,61.03,304.2,27.7,D,0
-3.5009,105.304,320.5,1,1,2023-10-06,0654,Aqua,MODIS,66,61.03,299.4,8.9,D,0
-3.5022,105.2951,323.2,1,1,2023-10-06,0654,Aqua,MODIS,71,61.03,299.6,11.6,D,0
-3.541,105.6602,325.1,1,1,2023-10-06,0654,Aqua,MODIS,60,61.03,303.5,12.2,D,0
-3.5422,105.6513,330.7,1,1,2023-10-06,0654,Aqua,MODIS,76,61.03,305.4,18.7,D,0
-3.518,105.6931,320.9,1,1,2023-10-06,0654,Aqua,MODIS,57,61.03,300.7,9.8,D,0
-3.5257,105.6399,321.6,1,1,2023-10-06,0654,Aqua,MODIS,57,61.03,303.5,9.6,D,0
-3.5091,105.6918,323.8,1,1,2023-10-06,0654,Aqua,MODIS,59,61.03,302.2,12.4,D,0
-3.5479,104.6501,323.1,3.4,1.7,2023-10-06,1429,Terra,MODIS,100,61.03,295.6,114.9,N,0
-3.3625,105.0047,310.9,3.2,1.7,2023-10-06,1429,Terra,MODIS,81,61.03,294.4,47.8,N,0
-3.3474,105.0027,309.5,3.2,1.7,2023-10-06,1429,Terra,MODIS,78,61.03,294.6,45.4,N,0
-3.3639,104.9996,307.2,3.2,1.7,2023-10-06,1429,Terra,MODIS,32,61.03,294,34.2,N,0
-3.1815,104.6436,302,3.4,1.7,2023-10-06,1429,Terra,MODIS,46,61.03,291.3,18.7,N,0
-3.0891,105.23,305.4,3,1.7,2023-10-06,1429,Terra,MODIS,64,61.03,287,29.8,N,0
-2.4602,106.0817,306.2,2.5,1.5,2023-10-06,1429,Terra,MODIS,67,61.03,294.3,21.1,N,0
-3.5436,104.6548,324,3.4,1.7,2023-10-06,1429,Terra,MODIS,100,61.03,295.8,117.9,N,0
-3.0892,105.244,308.7,2.2,1.4,2023-10-06,1916,Aqua,MODIS,75,61.03,295.4,28.6,N,0
-3.0901,105.2388,312,2.2,1.4,2023-10-06,1916,Aqua,MODIS,64,61.03,295.6,33.9,N,0
-3.3324,105.021,312.8,2.1,1.4,2023-10-06,1916,Aqua,MODIS,86,61.03,295.7,32.5,N,0
-3.3449,105.0192,314.9,2.1,1.4,2023-10-06,1916,Aqua,MODIS,67,61.03,296,34.3,N,0
-3.3574,105.0175,317.9,2.1,1.4,2023-10-06,1916,Aqua,MODIS,96,61.03,295.4,42.5,N,0
-3.3332,105.0136,314.3,2.1,1.4,2023-10-06,1916,Aqua,MODIS,26,61.03,295.7,31.9,N,0
-3.3582,105.0101,309.2,2.1,1.4,2023-10-06,1916,Aqua,MODIS,55,61.03,294.4,23.1,N,0
-3.3608,105.0286,308.5,2.1,1.4,2023-10-06,1916,Aqua,MODIS,54,61.03,295,22,N,0
-3.5427,104.6616,324.3,2,1.4,2023-10-06,1916,Aqua,MODIS,100,61.03,296.2,57.8,N,0
-2.0081,105.4517,317.4,1.1,1,2023-10-07,0251,Terra,MODIS,61,61.03,300.2,7.3,D,0
-1.6262,105.6174,319.6,1.1,1,2023-10-07,0251,Terra,MODIS,63,61.03,301.9,8.3,D,0
-2.4814,106.1667,318.4,1,1,2023-10-07,0251,Terra,MODIS,64,61.03,296.7,6.9,D,0
-2.7023,105.2836,320.2,1.1,1,2023-10-07,0251,Terra,MODIS,67,61.03,302.2,9.4,D,0
-2.9983,106.8596,321.2,1,1,2023-10-07,0251,Terra,MODIS,53,61.03,300.4,10.7,D,0
-3.1037,105.6303,315.3,1,1,2023-10-07,0251,Terra,MODIS,45,61.03,294.4,6.3,D,0
-3.0733,105.2349,325.5,1.1,1,2023-10-07,0251,Terra,MODIS,50,61.03,298.4,15,D,0
-3.0916,105.2323,341.1,1.1,1,2023-10-07,0251,Terra,MODIS,90,61.03,302.3,38.2,D,0
-3.1584,105.313,318.7,1.1,1,2023-10-07,0251,Terra,MODIS,52,61.03,298.7,7.2,D,0
-3.1717,104.652,323,1.1,1.1,2023-10-07,0251,Terra,MODIS,60,61.03,300.5,12.8,D,0
-3.2553,104.5932,337.1,1.1,1.1,2023-10-07,0251,Terra,MODIS,75,61.03,301,35.4,D,0
-3.3468,105.0215,331.9,1.1,1,2023-10-07,0251,Terra,MODIS,47,61.03,305.5,19.7,D,0
-3.3561,105.0202,334,1.1,1,2023-10-07,0251,Terra,MODIS,77,61.03,302.5,23.3,D,0
-3.2995,104.5663,324.4,1.1,1.1,2023-10-07,0251,Terra,MODIS,55,61.03,304.6,12.4,D,0
-3.5061,105.6696,318.4,1,1,2023-10-07,0251,Terra,MODIS,30,61.03,297.1,8.2,D,0
-3.5074,105.6787,324.2,1,1,2023-10-07,0251,Terra,MODIS,73,61.03,297.1,14.8,D,0
-3.4855,105.2762,317.1,1.1,1,2023-10-07,0251,Terra,MODIS,29,61.03,300.3,6.5,D,0
-3.5498,105.6541,322.1,1,1,2023-10-07,0251,Terra,MODIS,66,61.03,298.9,11.5,D,0
-3.5518,104.6642,324.4,1.1,1.1,2023-10-07,0251,Terra,MODIS,59,61.03,303,13.1,D,0
-3.5652,105.6504,313.6,4.6,2,2023-10-07,0735,Aqua,MODIS,49,61.03,296.2,52.8,D,0
-3.4812,105.2637,321.7,4.3,1.9,2023-10-07,0735,Aqua,MODIS,69,61.03,293.4,96.7,D,0
-3.48,105.2585,321.5,4.3,1.9,2023-10-07,0735,Aqua,MODIS,60,61.03,293.5,94,D,0
-3.1066,105.2182,316.8,4.4,1.9,2023-10-07,0735,Aqua,MODIS,39,61.03,297.4,52.2,D,0
-3.1055,105.2131,316.2,4.4,1.9,2023-10-07,0735,Aqua,MODIS,28,61.03,297.5,47.6,D,0
-3.5087,105.3144,304.5,1.1,1.1,2023-10-07,1510,Terra,MODIS,58,61.03,294,6.3,N,0
-3.568,104.8312,310.4,1.1,1,2023-10-07,1510,Terra,MODIS,79,61.03,296,8.9,N,0
-3.5464,104.9166,311.4,1.1,1,2023-10-07,1510,Terra,MODIS,82,61.03,293.2,11.7,N,0
-3.4368,105.5443,304.8,1.2,1.1,2023-10-07,1510,Terra,MODIS,60,61.03,294.7,6.4,N,0
-3.4767,105.2686,306.3,1.1,1.1,2023-10-07,1510,Terra,MODIS,66,61.03,293.5,7.4,N,0
-3.5798,104.5525,314.9,1.1,1,2023-10-07,1510,Terra,MODIS,90,61.03,295.4,12.3,N,0
-3.5707,104.5512,316.2,1.1,1,2023-10-07,1510,Terra,MODIS,92,61.03,295.3,13.5,N,0
-3.4655,105.2402,314.5,1.1,1.1,2023-10-07,1510,Terra,MODIS,89,61.03,293.9,15,N,0
-3.5474,104.6568,325.4,1.1,1,2023-10-07,1510,Terra,MODIS,100,61.03,299.1,22.8,N,0
-3.5329,104.6934,308.7,1.1,1,2023-10-07,1510,Terra,MODIS,33,61.03,297.4,6.8,N,0
-3.5382,104.6555,310.3,1.1,1,2023-10-07,1510,Terra,MODIS,30,61.03,297.4,7.7,N,0
-3.4719,105.0587,308,1.1,1.1,2023-10-07,1510,Terra,MODIS,73,61.03,295.3,8.2,N,0
-3.4612,105.0672,320.8,1.1,1.1,2023-10-07,1510,Terra,MODIS,100,61.03,295.8,19.9,N,0
-3.4626,105.0574,350.3,1.1,1.1,2023-10-07,1510,Terra,MODIS,100,61.03,299,72.1,N,0
-3.3844,105.2694,305.6,1.1,1.1,2023-10-07,1510,Terra,MODIS,64,61.03,294.7,7,N,0
-3.3574,105.0162,338.3,1.1,1.1,2023-10-07,1510,Terra,MODIS,100,61.03,299.1,45.5,N,0
-3.3588,105.0064,323.9,1.1,1.1,2023-10-07,1510,Terra,MODIS,100,61.03,295.8,23.2,N,0
-3.5686,105.6761,310.2,1.2,1.1,2023-10-07,1510,Terra,MODIS,79,61.03,292.6,11.2,N,0
-3.3168,105.2331,312,1.1,1.1,2023-10-07,1510,Terra,MODIS,63,61.03,296.1,10.5,N,0
-3.3481,105.0148,327.7,1.1,1.1,2023-10-07,1510,Terra,MODIS,100,61.03,298.3,28.2,N,0
-3.3495,105.005,308.4,1.1,1.1,2023-10-07,1510,Terra,MODIS,22,61.03,295.2,7.4,N,0
-3.3045,105.2519,308.9,1.1,1.1,2023-10-07,1510,Terra,MODIS,24,61.03,295.6,7.7,N,0
-3.3388,105.0135,338.9,1.1,1.1,2023-10-07,1510,Terra,MODIS,100,61.03,298.4,46.6,N,0
-3.3402,105.0037,322.8,1.1,1.1,2023-10-07,1510,Terra,MODIS,100,61.03,295.7,21.9,N,0
-3.3885,104.6665,306.7,1.1,1,2023-10-07,1510,Terra,MODIS,68,61.03,295,6.6,N,0
-3.3309,105.0023,305.7,1.1,1.1,2023-10-07,1510,Terra,MODIS,36,61.03,293.8,5.9,N,0
-3.3794,104.6652,315.5,1.1,1,2023-10-07,1510,Terra,MODIS,91,61.03,295.4,13.4,N,0
-3.3878,104.5413,324.7,1.1,1,2023-10-07,1510,Terra,MODIS,100,61.03,294.8,23.6,N,0
-3.3891,104.5319,304.3,1.1,1,2023-10-07,1510,Terra,MODIS,57,61.03,294.3,5.2,N,0
-3.2801,104.9787,308.9,1.1,1,2023-10-07,1510,Terra,MODIS,75,61.03,295,8.8,N,0
-3.0982,105.2343,313,1.1,1.1,2023-10-07,1510,Terra,MODIS,86,61.03,296.8,12.1,N,0
-3.0887,105.2329,320,1.1,1.1,2023-10-07,1510,Terra,MODIS,99,61.03,296.4,18.6,N,0
-3.0901,105.2228,322.6,1.1,1.1,2023-10-07,1510,Terra,MODIS,100,61.03,296.3,21.8,N,0
-3.0698,105.2302,307,1.1,1.1,2023-10-07,1510,Terra,MODIS,69,61.03,295.2,6.9,N,0
-2.7359,106.4874,304.5,1.4,1.2,2023-10-07,1510,Terra,MODIS,60,61.03,294.2,7.2,N,0
-2.6886,105.9695,304.9,1.3,1.1,2023-10-07,1510,Terra,MODIS,60,61.03,294,6.6,N,0
-2.6902,105.9583,305.2,1.3,1.1,2023-10-07,1510,Terra,MODIS,61,61.03,294,6.9,N,0
-2.7674,104.6312,314.3,1.1,1,2023-10-07,1510,Terra,MODIS,88,61.03,295.4,12.7,N,0
-1.7261,105.8378,312.7,1.3,1.1,2023-10-07,1510,Terra,MODIS,85,61.03,295.8,13.6,N,0
-1.7264,105.8316,307.1,1.3,1.1,2023-10-07,1510,Terra,MODIS,70,61.03,295.7,8.5,N,0
-3.3139,105.2532,311.4,1.1,1.1,2023-10-07,1510,Terra,MODIS,56,61.03,296.1,10,N,0
-3.5701,105.6656,315.1,1.2,1.1,2023-10-07,1510,Terra,MODIS,90,61.03,293,16.1,N,0
-3.5509,105.6627,303.5,1.2,1.1,2023-10-07,1510,Terra,MODIS,54,61.03,293.5,5.8,N,0
-3.5524,105.6522,304.2,1.2,1.1,2023-10-07,1510,Terra,MODIS,57,61.03,293.6,6.4,N,0
-3.5108,105.6676,305.1,1.2,1.1,2023-10-07,1510,Terra,MODIS,61,61.03,294.5,6.5,N,0
-3.3338,105.0052,303.9,3.1,1.7,2023-10-07,1820,Aqua,MODIS,56,61.03,292.7,27.4,N,0
-3.3382,105.0326,305.2,3.1,1.7,2023-10-07,1820,Aqua,MODIS,63,61.03,293.1,31.5,N,0
-3.353,105.0303,305.2,3.1,1.7,2023-10-07,1820,Aqua,MODIS,50,61.03,293,30.6,N,0
-3.466,105.0631,307.5,3.1,1.7,2023-10-07,1820,Aqua,MODIS,72,61.03,292.4,40.3,N,0
-3.5612,105.6747,325.8,2.7,1.6,2023-10-07,1820,Aqua,MODIS,100,61.03,292.7,101.2,N,0
-3.4644,105.0558,303.8,3.1,1.7,2023-10-07,1820,Aqua,MODIS,56,61.03,292.1,26.3,N,0
-3.5641,105.6668,318.1,2.7,1.6,2023-10-07,1820,Aqua,MODIS,96,61.03,292.4,67.3,N,0
-3.568,105.6908,311.6,2.7,1.6,2023-10-07,1820,Aqua,MODIS,83,61.03,292.3,43.6,N,0
-3.3513,105.5144,316.9,3.6,1.8,2023-10-08,0332,Terra,MODIS,58,61.03,292.9,56.4,D,0
-3.3556,105.5463,318.7,3.7,1.8,2023-10-08,0332,Terra,MODIS,72,61.03,293.7,69.8,D,0
-3.3462,105.0193,321.9,3.3,1.7,2023-10-08,0332,Terra,MODIS,48,61.03,294.9,73.9,D,0
-3.3432,105.0131,320.6,3.3,1.7,2023-10-08,0332,Terra,MODIS,66,61.03,294.7,69.7,D,0
-3.3584,105.0111,315,3.3,1.7,2023-10-08,0332,Terra,MODIS,26,61.03,292.7,37.7,D,0
-3.5545,105.6739,315.5,3.8,1.8,2023-10-08,0332,Terra,MODIS,21,61.03,293.6,49.3,D,0
-3.5706,105.6719,322.1,3.8,1.8,2023-10-08,0332,Terra,MODIS,76,61.03,293.7,94.2,D,0
-3.5751,105.705,311.9,3.8,1.8,2023-10-08,0332,Terra,MODIS,29,61.03,292.7,32.4,D,0
-3.5734,105.3143,341.3,1.5,1.2,2023-10-08,0639,Aqua,MODIS,91,61.03,299.5,66.9,D,0
-3.5753,105.301,322.1,1.5,1.2,2023-10-08,0639,Aqua,MODIS,75,61.03,299,20.3,D,0
-3.5806,105.3086,322.6,1.5,1.2,2023-10-08,0639,Aqua,MODIS,75,61.03,298.8,21.2,D,0
-3.5178,105.6668,312.8,1.4,1.2,2023-10-08,0639,Aqua,MODIS,37,61.03,284.6,12.2,D,0
-3.5679,105.3203,316,1.5,1.2,2023-10-08,0639,Aqua,MODIS,38,61.03,297.5,9.2,D,0
-3.5699,105.3071,329.7,1.5,1.2,2023-10-08,0639,Aqua,MODIS,82,61.03,299.6,35,D,0
-3.5142,105.3127,328.9,1.5,1.2,2023-10-08,0639,Aqua,MODIS,63,61.03,301.8,28.7,D,0
-3.5878,104.7873,320.2,1.6,1.3,2023-10-08,0639,Aqua,MODIS,72,61.03,298.5,19.4,D,0
-3.5898,104.7728,327.8,1.6,1.3,2023-10-08,0639,Aqua,MODIS,81,61.03,297.8,36.5,D,0
-3.498,105.3507,322.3,1.5,1.2,2023-10-08,0639,Aqua,MODIS,30,61.03,302.8,17.6,D,0
-3.4909,105.3228,341.5,1.5,1.2,2023-10-08,0639,Aqua,MODIS,91,61.03,300.3,60.9,D,0
-3.4946,105.2963,327.1,1.5,1.2,2023-10-08,0639,Aqua,MODIS,54,61.03,299.9,24.6,D,0
-3.4964,105.2831,327.9,1.5,1.2,2023-10-08,0639,Aqua,MODIS,14,61.03,299.4,25.2,D,0
-3.4838,105.2948,332.7,1.5,1.2,2023-10-08,0639,Aqua,MODIS,78,61.03,298.8,37.8,D,0
-3.5763,104.6209,321.9,1.7,1.3,2023-10-08,0639,Aqua,MODIS,44,61.03,299.8,22,D,0
-3.488,105.317,333.5,1.5,1.2,2023-10-08,0639,Aqua,MODIS,69,61.03,299.9,40.3,D,0
-3.4899,105.3038,328.6,1.5,1.2,2023-10-08,0639,Aqua,MODIS,36,61.03,299.3,27.6,D,0
-3.4919,105.2906,328,1.5,1.2,2023-10-08,0639,Aqua,MODIS,32,61.03,299.5,26.1,D,0
-3.4977,105.2508,324.1,1.5,1.2,2023-10-08,0639,Aqua,MODIS,24,61.03,299.2,17.4,D,0
-3.5784,104.616,318.8,1.7,1.3,2023-10-08,0639,Aqua,MODIS,20,61.03,300.2,16.5,D,0
-3.4634,105.2595,340.5,1.5,1.2,2023-10-08,0639,Aqua,MODIS,90,61.03,301.3,58.7,D,0
-3.4653,105.2462,357.9,1.5,1.2,2023-10-08,0639,Aqua,MODIS,99,61.03,302.7,125.6,D,0
-3.4545,105.2447,331.6,1.5,1.2,2023-10-08,0639,Aqua,MODIS,84,61.03,298.8,36.3,D,0
-3.4564,105.2313,336,1.5,1.2,2023-10-08,0639,Aqua,MODIS,87,61.03,299,50.4,D,0
-3.4087,105.4912,316.5,1.4,1.2,2023-10-08,0639,Aqua,MODIS,51,61.03,298,10.5,D,0
-3.3985,105.3312,323.8,1.5,1.2,2023-10-08,0639,Aqua,MODIS,70,61.03,301.4,23.3,D,0
-3.3628,105.5107,318.4,1.4,1.2,2023-10-08,0639,Aqua,MODIS,34,61.03,292,13.3,D,0
-3.3878,105.3297,344.1,1.5,1.2,2023-10-08,0639,Aqua,MODIS,92,61.03,301.6,73.2,D,0
-3.3926,105.337,334.1,1.5,1.2,2023-10-08,0639,Aqua,MODIS,86,61.03,300,44.7,D,0
-3.3945,105.3239,329.1,1.5,1.2,2023-10-08,0639,Aqua,MODIS,80,61.03,302.3,32.3,D,0
-3.4796,104.5801,323,1.7,1.3,2023-10-08,0639,Aqua,MODIS,26,61.03,303.2,20.5,D,0
-3.3346,105.513,325.4,1.4,1.2,2023-10-08,0639,Aqua,MODIS,48,61.03,296,23.4,D,0
-3.3365,105.5003,328.8,1.4,1.2,2023-10-08,0639,Aqua,MODIS,74,61.03,298.3,28.9,D,0
-3.3609,105.017,323.8,1.6,1.2,2023-10-08,0639,Aqua,MODIS,45,61.03,298.5,18.9,D,0
-3.318,105.2457,331.2,1.5,1.2,2023-10-08,0639,Aqua,MODIS,71,61.03,301.3,33.1,D,0
-3.3499,105.0155,336.3,1.6,1.2,2023-10-08,0639,Aqua,MODIS,87,61.03,302.3,48.6,D,0
-3.3072,105.2442,337,1.5,1.2,2023-10-08,0639,Aqua,MODIS,87,61.03,302,49.9,D,0
-3.339,105.0139,332.4,1.6,1.2,2023-10-08,0639,Aqua,MODIS,56,61.03,302.4,35.3,D,0
-3.3489,105.01,336.1,1.6,1.2,2023-10-08,0639,Aqua,MODIS,78,61.03,302,45.4,D,0
-3.2506,105.6113,314,1.4,1.2,2023-10-08,0639,Aqua,MODIS,43,61.03,294.6,10.2,D,0
-3.3027,105.2517,349.8,1.5,1.2,2023-10-08,0639,Aqua,MODIS,95,61.03,301.6,90.7,D,0
-3.2793,105.2619,320.9,1.5,1.2,2023-10-08,0639,Aqua,MODIS,72,61.03,301.7,16.2,D,0
-3.289,104.9591,332,1.6,1.2,2023-10-08,0639,Aqua,MODIS,83,61.03,298.6,42.6,D,0
-2.8295,106.4686,320.6,1.2,1.1,2023-10-08,0639,Aqua,MODIS,68,61.03,301.9,9.7,D,0
-3.0272,105.0157,325.6,1.5,1.2,2023-10-08,0639,Aqua,MODIS,48,61.03,299.8,21.5,D,0
-2.7638,106.5801,319.3,1.2,1.1,2023-10-08,0639,Aqua,MODIS,69,61.03,297.3,14,D,0
-2.7757,105.1054,315,1.5,1.2,2023-10-08,0639,Aqua,MODIS,46,61.03,296.3,11.8,D,0
-2.7123,105.0637,321.4,1.5,1.2,2023-10-08,0639,Aqua,MODIS,58,61.03,299.5,16.9,D,0
-2.7142,105.0503,320.5,1.5,1.2,2023-10-08,0639,Aqua,MODIS,46,61.03,300.3,15,D,0
-2.5714,105.4844,320.6,1.4,1.2,2023-10-08,0639,Aqua,MODIS,73,61.03,297.8,18.4,D,0
-3.1159,104.6714,308.7,1.1,1,2023-10-08,1901,Aqua,MODIS,75,61.03,292.3,9.1,N,0
-3.1281,104.5609,304,1.1,1,2023-10-08,1901,Aqua,MODIS,58,61.03,292.5,5.7,N,0
-3.1674,104.6573,306,1.1,1,2023-10-08,1901,Aqua,MODIS,64,61.03,293.5,7.2,N,0
-3.3405,105.0127,309,1.1,1.1,2023-10-08,1901,Aqua,MODIS,68,61.03,286.4,12.8,N,0
-3.5473,105.7368,309.5,1.3,1.1,2023-10-08,1901,Aqua,MODIS,40,61.03,290.2,13.1,N,0
-3.5556,105.7242,322.8,1.3,1.1,2023-10-08,1901,Aqua,MODIS,100,61.03,292.9,26.8,N,0
-3.5573,105.7354,348,1.3,1.1,2023-10-08,1901,Aqua,MODIS,100,61.03,293,81.4,N,0
-3.5607,105.6894,319.2,1.3,1.1,2023-10-08,1901,Aqua,MODIS,98,61.03,289.2,23.2,N,0
-3.5623,105.7005,328.1,1.3,1.1,2023-10-08,1901,Aqua,MODIS,100,61.03,290.1,35.3,N,0
-3.555,104.6573,308,1.1,1.1,2023-10-08,1901,Aqua,MODIS,71,61.03,291.9,9.1,N,0
-3.037,104.9833,312.6,2.1,1.4,2023-10-09,0235,Terra,MODIS,0,61.03,287.3,13.5,D,0
-3.0399,105.0017,314.1,2.1,1.4,2023-10-09,0235,Terra,MODIS,35,61.03,288.2,16,D,0
-3.3554,105.376,313.7,1.9,1.4,2023-10-09,0235,Terra,MODIS,34,61.03,287.9,13.2,D,0
-3.5679,105.6481,307.6,1.1,1,2023-10-09,1453,Terra,MODIS,72,61.03,287.4,7.4,N,0
-3.5587,105.6468,319.4,1.1,1,2023-10-09,1453,Terra,MODIS,98,61.03,287,17.8,N,0
-3.56,105.6373,305.2,1.1,1,2023-10-09,1453,Terra,MODIS,45,61.03,285.3,5.9,N,0
-3.5041,105.3093,313.5,1.1,1,2023-10-09,1453,Terra,MODIS,87,61.03,292.3,12.2,N,0
-3.584,104.6586,301.2,1.2,1.1,2023-10-09,1453,Terra,MODIS,31,61.03,287.4,4.1,N,0
-3.4747,105.3846,306.5,1.1,1,2023-10-09,1453,Terra,MODIS,68,61.03,291.6,6.3,N,0
-3.443,105.547,307.2,1.1,1,2023-10-09,1453,Terra,MODIS,71,61.03,291.9,6.9,N,0
-3.4338,105.5457,314.7,1.1,1,2023-10-09,1453,Terra,MODIS,90,61.03,291.4,12.9,N,0
-3.5551,104.6545,307.7,1.2,1.1,2023-10-09,1453,Terra,MODIS,72,61.03,289.5,7.9,N,0
-3.4559,105.2663,305.2,1.1,1.1,2023-10-09,1453,Terra,MODIS,28,61.03,292,4.8,N,0
-3.4074,105.5455,300.5,1.1,1,2023-10-09,1453,Terra,MODIS,20,61.03,285.7,3.5,N,0
-3.448,105.2552,308.2,1.1,1.1,2023-10-09,1453,Terra,MODIS,74,61.03,292.2,7.1,N,0
-3.4649,105.0654,312.3,1.1,1.1,2023-10-09,1453,Terra,MODIS,85,61.03,289,12,N,0
-3.4555,105.0641,302.1,1.1,1.1,2023-10-09,1453,Terra,MODIS,47,61.03,288.8,4.1,N,0
-3.4569,105.0541,305.2,1.1,1.1,2023-10-09,1453,Terra,MODIS,63,61.03,289.9,6.3,N,0
-3.3561,105.5091,311.7,1.1,1,2023-10-09,1453,Terra,MODIS,83,61.03,279,12.7,N,0
-3.3575,105.4995,301.1,1.1,1,2023-10-09,1453,Terra,MODIS,18,61.03,281.4,5.1,N,0
-3.3608,105.0142,315.5,1.1,1.1,2023-10-09,1453,Terra,MODIS,91,61.03,289.7,14.5,N,0
-3.3514,105.0129,321,1.1,1.1,2023-10-09,1453,Terra,MODIS,100,61.03,290.3,20.2,N,0
-3.3419,105.0116,326.3,1.1,1.1,2023-10-09,1453,Terra,MODIS,100,61.03,292.1,27.1,N,0
-3.3433,105.0015,306.9,1.1,1.1,2023-10-09,1453,Terra,MODIS,69,61.03,291.1,6.6,N,0
-3.3469,104.6607,303.8,1.2,1.1,2023-10-09,1453,Terra,MODIS,57,61.03,289.1,5.9,N,2
-3.0978,105.2615,308.9,1.1,1,2023-10-09,1453,Terra,MODIS,76,61.03,292.4,7.9,N,0
-3.0913,105.2407,310.8,1.1,1,2023-10-09,1453,Terra,MODIS,71,61.03,292,8.8,N,0
-3.0926,105.231,306.2,1.1,1,2023-10-09,1453,Terra,MODIS,67,61.03,292.2,5.7,N,0
-3.074,105.2284,305,1.1,1,2023-10-09,1453,Terra,MODIS,28,61.03,292.3,4.8,N,0
-3.0572,106.5991,317.3,2,1.4,2023-10-10,0315,Terra,MODIS,57,61.03,293.9,23.5,D,0
-3.0038,105.0618,316.9,1.5,1.2,2023-10-10,0315,Terra,MODIS,38,61.03,296.5,13.1,D,0
-3.0936,105.1274,319.1,1.6,1.2,2023-10-10,0315,Terra,MODIS,35,61.03,297.3,17.5,D,0
-3.3537,105.353,318.8,1.6,1.3,2023-10-10,0315,Terra,MODIS,22,61.03,297.1,16.3,D,0
-3.3557,105.3674,326.1,1.6,1.3,2023-10-10,0315,Terra,MODIS,78,61.03,299.3,32.4,D,0
-3.3578,105.382,321,1.6,1.3,2023-10-10,0315,Terra,MODIS,38,61.03,297.7,19.7,D,0
-3.3389,105.0116,316.4,1.5,1.2,2023-10-10,0315,Terra,MODIS,63,61.03,285,16.5,D,0
-3.3188,104.6838,323.7,1.5,1.2,2023-10-10,0315,Terra,MODIS,51,61.03,299.4,16.1,D,0
-3.4636,105.0664,318.4,1.6,1.2,2023-10-10,0315,Terra,MODIS,67,61.03,293.2,19.3,D,0
-3.4462,104.8611,321.4,1.5,1.2,2023-10-10,0315,Terra,MODIS,28,61.03,296.8,17.6,D,0
-3.5573,105.6625,319.7,1.7,1.3,2023-10-10,0315,Terra,MODIS,53,61.03,290,24.7,D,0
-3.5318,104.9062,314.4,3.2,1.7,2023-10-10,0624,Aqua,MODIS,10,61.03,288.1,40.6,D,0
-3.0158,106.854,314.6,2.2,1.4,2023-10-10,0624,Aqua,MODIS,0,61.03,293.6,15.7,D,0
-3.104,104.701,318.6,3.2,1.7,2023-10-10,0624,Aqua,MODIS,37,61.03,288.3,43.5,D,0
-3.1066,104.6966,318,3.2,1.7,2023-10-10,0624,Aqua,MODIS,37,61.03,289.3,43.7,D,0
-3.3486,105.515,311,1,1,2023-10-10,1847,Aqua,MODIS,81,61.03,293.9,9.5,N,0
-3.3469,105.0181,305.1,1.1,1,2023-10-10,1847,Aqua,MODIS,36,61.03,290.9,5.7,N,0
-3.3561,105.0167,307.5,1.1,1,2023-10-10,1847,Aqua,MODIS,58,61.03,292.3,7.5,N,0
-3.4559,105.0633,303.8,1.1,1,2023-10-10,1847,Aqua,MODIS,57,61.03,292.6,4.6,N,0
-3.4523,104.8518,312.3,1.1,1,2023-10-10,1847,Aqua,MODIS,85,61.03,291,12.4,N,0
-3.5584,105.7353,341.7,1.3,1.1,2023-10-11,0706,Aqua,MODIS,90,61.03,300.8,52.2,D,0
-3.5717,105.5793,322.9,1.2,1.1,2023-10-11,0706,Aqua,MODIS,45,61.03,302.5,13.2,D,0
-3.5231,105.6891,322.9,1.3,1.1,2023-10-11,0706,Aqua,MODIS,58,61.03,300.2,13.7,D,0
-3.5823,105.1507,323.7,1.2,1.1,2023-10-11,0706,Aqua,MODIS,71,61.03,298.5,12.2,D,0
-3.4625,105.2766,329.4,1.2,1.1,2023-10-11,0706,Aqua,MODIS,39,61.03,300.6,18.2,D,0
-3.4544,105.2646,339.4,1.2,1.1,2023-10-11,0706,Aqua,MODIS,88,61.03,303.6,33.7,D,0
-3.4447,105.2632,332.6,1.2,1.1,2023-10-11,0706,Aqua,MODIS,82,61.03,304.8,20.7,D,0
-3.4463,105.2527,352.6,1.2,1.1,2023-10-11,0706,Aqua,MODIS,96,61.03,304.7,68.2,D,0
-3.3432,105.8058,325.2,1.3,1.1,2023-10-11,0706,Aqua,MODIS,73,61.03,300,19.6,D,0
-3.3449,105.7945,333.2,1.3,1.1,2023-10-11,0706,Aqua,MODIS,83,61.03,300.2,34.2,D,0
-3.3434,105.799,333,1.3,1.1,2023-10-11,0706,Aqua,MODIS,83,61.03,300.5,32.9,D,0
-3.364,105.5181,330,1.2,1.1,2023-10-11,0706,Aqua,MODIS,63,61.03,302.5,21.6,D,0
-3.3656,105.5072,339.9,1.2,1.1,2023-10-11,0706,Aqua,MODIS,88,61.03,302.3,41.1,D,0
-3.3542,105.5166,334.9,1.2,1.1,2023-10-11,0706,Aqua,MODIS,76,61.03,304.8,29.9,D,0
-3.3558,105.5057,329.9,1.2,1.1,2023-10-11,0706,Aqua,MODIS,51,61.03,303.6,19.6,D,0
-3.0828,105.6274,322.7,1.3,1.1,2023-10-11,0706,Aqua,MODIS,41,61.03,303.6,10.6,D,0
-3.0844,105.6163,327.8,1.3,1.1,2023-10-11,0706,Aqua,MODIS,74,61.03,304.8,19.7,D,0
-3.0547,105.6118,321.2,1.3,1.1,2023-10-11,0706,Aqua,MODIS,24,61.03,303.2,11.3,D,0
-3.0448,105.6104,330.4,1.3,1.1,2023-10-11,0706,Aqua,MODIS,80,61.03,300.9,26.9,D,0
-3.0464,105.5992,337.2,1.3,1.1,2023-10-11,0706,Aqua,MODIS,86,61.03,300,41,D,0
-3.0915,105.2944,326.1,1.2,1.1,2023-10-11,0706,Aqua,MODIS,33,61.03,302.5,16,D,0
-2.8977,106.5269,332.9,1.4,1.2,2023-10-11,0706,Aqua,MODIS,83,61.03,304,33,D,0
-3.1758,104.6574,335.6,1.1,1.1,2023-10-11,0706,Aqua,MODIS,85,61.03,304.1,26.5,D,0
-2.8871,106.5253,324.4,1.4,1.2,2023-10-11,0706,Aqua,MODIS,52,61.03,303.1,16.1,D,0
-3.0719,105.2264,328.1,1.2,1.1,2023-10-11,0706,Aqua,MODIS,72,61.03,302.9,19.3,D,0
-3.0735,105.2158,323.7,1.2,1.1,2023-10-11,0706,Aqua,MODIS,42,61.03,301.9,13,D,0
-3.0756,105.0385,325.4,1.2,1.1,2023-10-11,0706,Aqua,MODIS,31,61.03,300,12.8,D,0
-3.0135,105.061,332.1,1.2,1.1,2023-10-11,0706,Aqua,MODIS,45,61.03,305.2,20.3,D,0
-3.015,105.0507,333.1,1.2,1.1,2023-10-11,0706,Aqua,MODIS,83,61.03,302.7,21.9,D,0
-3.0054,105.0493,335.4,1.2,1.1,2023-10-11,0706,Aqua,MODIS,85,61.03,302.4,26.8,D,0
-2.8062,106.119,320.3,1.4,1.2,2023-10-11,0706,Aqua,MODIS,52,61.03,298.8,13.7,D,0
-2.9303,104.8373,322.3,1.1,1.1,2023-10-11,0706,Aqua,MODIS,52,61.03,302.4,10.9,D,0
-2.8738,104.6953,323.4,1.1,1.1,2023-10-11,0706,Aqua,MODIS,23,61.03,302.5,9.2,D,0
-2.8316,104.6223,322.6,1.1,1.1,2023-10-11,0706,Aqua,MODIS,70,61.03,304.1,10.5,D,0
-2.7919,104.5659,342.4,1.1,1.1,2023-10-11,0706,Aqua,MODIS,90,61.03,301.5,41.4,D,0
-2.785,104.5683,341.3,1.1,1.1,2023-10-11,0706,Aqua,MODIS,89,61.03,301.7,40.1,D,0
-2.7864,104.5585,326.6,1.1,1.1,2023-10-11,0706,Aqua,MODIS,76,61.03,300.7,15.6,D,0
-1.549,105.9082,336.8,1.4,1.2,2023-10-11,0706,Aqua,MODIS,76,61.03,300.5,43.5,D,0
-1.5508,105.896,324.4,1.4,1.2,2023-10-11,0706,Aqua,MODIS,77,61.03,300.3,16.8,D,0
-3.5624,105.7046,312.1,2,1.4,2023-10-11,1436,Terra,MODIS,84,61.03,291.9,27.4,N,0
-3.5585,105.6975,310.3,2,1.4,2023-10-11,1436,Terra,MODIS,80,61.03,292.2,23.5,N,0
-3.4399,105.2497,302.4,2.2,1.4,2023-10-11,1437,Terra,MODIS,49,61.03,292.4,12,N,0
-3.299,105.4078,301.3,2.1,1.4,2023-10-11,1437,Terra,MODIS,40,61.03,290.2,10.7,N,0
-3.0961,105.2743,309.9,2.1,1.4,2023-10-11,1437,Terra,MODIS,79,61.03,290.4,25.5,N,0
-3.0987,105.2557,311.3,2.1,1.4,2023-10-11,1437,Terra,MODIS,82,61.03,289.7,29.2,N,0
-3.0886,105.2353,301.3,2.1,1.4,2023-10-11,1437,Terra,MODIS,8,61.03,286.7,10.3,N,0
-2.7264,106.3833,320,1.7,1.3,2023-10-11,1437,Terra,MODIS,99,61.03,292.8,35.4,N,0
-2.7285,106.3683,303.3,1.7,1.3,2023-10-11,1437,Terra,MODIS,54,61.03,292.6,7.9,N,0
-2.7281,106.3772,317.3,1.7,1.3,2023-10-11,1437,Terra,MODIS,95,61.03,292.8,29.7,N,0
-2.6319,106.3179,312.8,1.7,1.3,2023-10-11,1437,Terra,MODIS,86,61.03,293.7,20.8,N,0
-2.6316,106.3276,303.9,1.7,1.3,2023-10-11,1437,Terra,MODIS,58,61.03,293.5,8.4,N,0
-2.6337,106.3124,307.1,1.7,1.3,2023-10-11,1437,Terra,MODIS,70,61.03,293.6,12.8,N,0
-2.579,106.6198,307.1,1.6,1.3,2023-10-11,1437,Terra,MODIS,68,61.03,294.3,10.4,N,0
-2.581,106.6054,305.1,1.6,1.3,2023-10-11,1437,Terra,MODIS,60,61.03,294.2,8,N,0
-2.5757,106.3962,305.1,1.7,1.3,2023-10-11,1437,Terra,MODIS,63,61.03,293.5,9,N,0
-3.5604,105.7284,301.7,4.1,1.9,2023-10-11,1928,Aqua,MODIS,43,61.03,289,34.2,N,0
-3.5657,105.7234,302.2,4.1,1.9,2023-10-11,1928,Aqua,MODIS,47,61.03,288.9,36.2,N,0
-1.8419,105.397,326.3,1,1,2023-10-12,0258,Terra,MODIS,75,61.03,287.7,20.6,D,0
-2.5362,106.4959,316,1.1,1,2023-10-12,0258,Terra,MODIS,58,61.03,298.4,5.5,D,0
-2.4983,106.1061,322,1,1,2023-10-12,0258,Terra,MODIS,66,61.03,296.4,12.6,D,0
-2.4996,106.1152,323.5,1,1,2023-10-12,0258,Terra,MODIS,74,61.03,296.7,14.1,D,0
-2.5073,106.1049,318.7,1,1,2023-10-12,0258,Terra,MODIS,28,61.03,296.5,8.9,D,0
-2.5086,106.114,321.7,1,1,2023-10-12,0258,Terra,MODIS,55,61.03,297.6,11.9,D,0
-2.5517,105.4552,318.5,1,1,2023-10-12,0258,Terra,MODIS,24,61.03,296.9,7.6,D,0
-2.5606,105.4539,328.2,1,1,2023-10-12,0258,Terra,MODIS,80,61.03,297.7,18,D,0
-2.5619,105.4628,324.6,1,1,2023-10-12,0258,Terra,MODIS,75,61.03,295.4,13.7,D,0
-2.8856,105.6623,320.5,1,1,2023-10-12,0258,Terra,MODIS,25,61.03,301.7,10.3,D,0
-2.8918,105.4459,318.1,1,1,2023-10-12,0258,Terra,MODIS,50,61.03,301.1,9.1,D,0
-2.8475,104.7037,314.8,1,1,2023-10-12,0258,Terra,MODIS,41,61.03,298,4.8,D,0
-3.096,105.2691,322.3,1,1,2023-10-12,0259,Terra,MODIS,62,61.03,300.1,10.6,D,0
-3.0934,105.2514,323.6,1,1,2023-10-12,0259,Terra,MODIS,75,61.03,297.9,12.2,D,0
-3.0947,105.2603,331.9,1,1,2023-10-12,0259,Terra,MODIS,83,61.03,298.8,22.2,D,0
-3.0973,105.278,317.9,1,1,2023-10-12,0259,Terra,MODIS,58,61.03,298.7,6.7,D,0
-3.0984,105.1605,321.4,1,1,2023-10-12,0259,Terra,MODIS,36,61.03,301.3,9.8,D,0
-3.0949,104.9387,332.2,1,1,2023-10-12,0259,Terra,MODIS,84,61.03,298.8,23,D,0
-3.0755,104.7432,342.5,1,1,2023-10-12,0259,Terra,MODIS,91,61.03,301.5,36.6,D,0
-3.0768,104.7521,335.7,1,1,2023-10-12,0259,Terra,MODIS,75,61.03,300.2,25.1,D,0
-3.1736,104.6599,327.8,1,1,2023-10-12,0259,Terra,MODIS,79,61.03,301.9,15.2,D,0
-3.3007,105.409,326.8,1,1,2023-10-12,0259,Terra,MODIS,77,61.03,298.2,16.6,D,0
-3.2398,104.7407,322.4,1,1,2023-10-12,0259,Terra,MODIS,70,61.03,302.4,9.2,D,0
-3.3284,104.9024,320.2,1,1,2023-10-12,0259,Terra,MODIS,55,61.03,298.5,8.9,D,0
-3.4565,105.2751,324.7,1,1,2023-10-12,0259,Terra,MODIS,73,61.03,297.5,9.7,D,0
-3.5571,105.7172,327.2,1,1,2023-10-12,0259,Terra,MODIS,67,61.03,297.2,16.9,D,0
-3.5585,105.7262,318.7,1,1,2023-10-12,0259,Terra,MODIS,28,61.03,300.9,9.1,D,0
-3.5661,105.716,326.3,1,1,2023-10-12,0259,Terra,MODIS,44,61.03,294.8,15.2,D,0
-3.5736,105.6997,330.2,1,1,2023-10-12,0259,Terra,MODIS,76,61.03,293.8,21.7,D,0
-3.5109,104.506,348.6,1,1,2023-10-12,0259,Terra,MODIS,94,61.03,300.5,50.1,D,0
-3.5839,105.6893,304.8,1.6,1.2,2023-10-12,1517,Terra,MODIS,62,61.03,293.8,9.9,N,0
-3.5451,105.3278,313.6,1.5,1.2,2023-10-12,1517,Terra,MODIS,87,61.03,294.5,20.8,N,0
-3.5719,105.1449,304.4,1.5,1.2,2023-10-12,1517,Terra,MODIS,60,61.03,294,8.3,N,0
-3.4511,105.2675,305,1.5,1.2,2023-10-12,1517,Terra,MODIS,63,61.03,294.1,9.8,N,0
-3.4587,105.0699,304.3,1.4,1.2,2023-10-12,1517,Terra,MODIS,46,61.03,293.2,7.7,N,0
-3.4606,105.0572,306,1.4,1.2,2023-10-12,1517,Terra,MODIS,64,61.03,293.7,9.5,N,0
-3.5157,104.6867,311.6,1.4,1.2,2023-10-12,1517,Terra,MODIS,82,61.03,294.2,13.5,N,0
-3.5175,104.6748,304.5,1.4,1.2,2023-10-12,1517,Terra,MODIS,12,61.03,293.7,6.1,N,0
-3.4642,105.0644,309.7,1.4,1.2,2023-10-12,1517,Terra,MODIS,78,61.03,294.1,13.9,N,0
-3.5185,104.6809,312.8,1.4,1.2,2023-10-12,1517,Terra,MODIS,86,61.03,294.6,15.5,N,0
-3.3013,105.4109,304.7,1.5,1.2,2023-10-12,1517,Terra,MODIS,61,61.03,294.2,10.7,N,0
-3.2905,105.4092,316.8,1.5,1.2,2023-10-12,1517,Terra,MODIS,94,61.03,294.9,26.8,N,0
-3.2924,105.3957,318.6,1.5,1.2,2023-10-12,1517,Terra,MODIS,97,61.03,294.8,29.5,N,0
-3.2455,105.007,306.1,1.4,1.2,2023-10-12,1517,Terra,MODIS,67,61.03,292.5,10.7,N,0
-3.2474,104.9942,306.4,1.4,1.2,2023-10-12,1517,Terra,MODIS,68,61.03,292.6,10.8,N,0
-3.0933,105.2717,318,1.5,1.2,2023-10-12,1517,Terra,MODIS,96,61.03,295.4,27.4,N,0
-3.0952,105.2583,335.4,1.5,1.2,2023-10-12,1517,Terra,MODIS,100,61.03,297.4,64,N,0
-3.0972,105.245,329.8,1.5,1.2,2023-10-12,1517,Terra,MODIS,100,61.03,296.6,50.2,N,0
-3.0936,104.9334,305.7,1.4,1.2,2023-10-12,1517,Terra,MODIS,65,61.03,294.7,9.4,N,0
-3.0667,104.7513,305.9,1.4,1.2,2023-10-12,1517,Terra,MODIS,66,61.03,294.1,8.7,N,0
-2.6898,106.3021,305.9,1.8,1.3,2023-10-12,1517,Terra,MODIS,65,61.03,293.5,13,N,0
-3.084,105.2544,307.1,1.8,1.3,2023-10-12,1832,Aqua,MODIS,70,61.03,294.6,15.9,N,0
-3.0864,105.2698,310.8,1.7,1.3,2023-10-12,1832,Aqua,MODIS,81,61.03,294.4,22.1,N,0
-3.0888,105.2852,306.2,1.7,1.3,2023-10-12,1832,Aqua,MODIS,67,61.03,293.7,14.8,N,0
-3.0956,105.2526,315,1.8,1.3,2023-10-12,1832,Aqua,MODIS,90,61.03,293.7,28.8,N,0
-3.2903,105.3976,304.9,1.7,1.3,2023-10-12,1832,Aqua,MODIS,62,61.03,293.4,13.8,N,0
-3.2926,105.4125,320,1.7,1.3,2023-10-12,1832,Aqua,MODIS,99,61.03,295.7,38.9,N,0
-3.5775,105.6981,304.2,1.6,1.2,2023-10-12,1832,Aqua,MODIS,59,61.03,293.2,11,N,0
-3.5341,105.3328,302.9,1.7,1.3,2023-10-12,1832,Aqua,MODIS,52,61.03,292.8,10.7,N,0
-3.5772,105.6914,308.6,1.6,1.2,2023-10-12,1832,Aqua,MODIS,75,61.03,292.9,15.6,N,0
-3.5212,104.8991,313.8,4.6,2,2023-10-13,0339,Terra,MODIS,64,61.03,291.2,71.1,D,0
-3.522,104.8922,313.5,4.6,2,2023-10-13,0339,Terra,MODIS,60,61.03,291.6,70.7,D,0
-3.5825,105.6934,329.2,1,1,2023-10-13,0651,Aqua,MODIS,41,61.03,304.3,17.8,D,0
-3.5531,105.643,324.6,1,1,2023-10-13,0651,Aqua,MODIS,39,61.03,303.1,10.3,D,0
-3.57,105.525,334.1,1,1,2023-10-13,0651,Aqua,MODIS,84,61.03,304.5,25.9,D,0
-3.5609,105.5237,318.3,1,1,2023-10-13,0651,Aqua,MODIS,29,61.03,302.1,6.7,D,0
-3.5661,105.4873,316.8,1,1,2023-10-13,0651,Aqua,MODIS,57,61.03,299.1,7.7,D,0
-3.5249,105.6417,319,1,1,2023-10-13,0651,Aqua,MODIS,50,61.03,303.5,9.4,D,0
-3.5106,105.6765,317.9,1,1,2023-10-13,0651,Aqua,MODIS,33,61.03,300.4,7.7,D,0
-3.5784,105.1437,323.2,1.1,1,2023-10-13,0651,Aqua,MODIS,72,61.03,304.6,11.7,D,0
-3.5412,105.3369,324.4,1,1,2023-10-13,0651,Aqua,MODIS,74,61.03,303.8,13,D,0
-3.5426,105.3277,355.6,1,1,2023-10-13,0651,Aqua,MODIS,98,61.03,305.5,69.2,D,0
-3.5439,105.3185,331.1,1,1,2023-10-13,0651,Aqua,MODIS,77,61.03,300.5,21.8,D,0
-3.4986,105.3119,325.6,1,1,2023-10-13,0651,Aqua,MODIS,36,61.03,305.6,11,D,0
-3.5925,104.6505,325,1.1,1,2023-10-13,0651,Aqua,MODIS,70,61.03,300.6,13.7,D,0
-3.4375,105.5493,333,1,1,2023-10-13,0651,Aqua,MODIS,81,61.03,307.3,22.8,D,0
-3.4285,105.548,339.4,1,1,2023-10-13,0651,Aqua,MODIS,88,61.03,305.3,30.4,D,0
-3.4298,105.539,330.1,1,1,2023-10-13,0651,Aqua,MODIS,69,61.03,305.4,17.1,D,0
-3.4654,105.2921,339.4,1,1,2023-10-13,0651,Aqua,MODIS,87,61.03,300.6,30.6,D,0
-3.4577,105.2815,335,1,1,2023-10-13,0651,Aqua,MODIS,85,61.03,298.2,23.1,D,0
-3.471,105.1891,325.6,1,1,2023-10-13,0651,Aqua,MODIS,67,61.03,301.6,14.1,D,0
-3.4723,105.1798,335.6,1,1,2023-10-13,0651,Aqua,MODIS,85,61.03,303.2,28.2,D,0
-3.5367,104.6666,329,1.1,1,2023-10-13,0651,Aqua,MODIS,68,61.03,303.2,17.3,D,0
-3.4132,105.4622,320.6,1,1,2023-10-13,0651,Aqua,MODIS,20,61.03,303.4,8,D,0
-3.4145,105.4531,323.5,1,1,2023-10-13,0651,Aqua,MODIS,45,61.03,304.4,10,D,0
-3.4211,105.4075,331.9,1,1,2023-10-13,0651,Aqua,MODIS,63,61.03,306,19.8,D,0
-3.4224,105.3983,338.1,1,1,2023-10-13,0651,Aqua,MODIS,78,61.03,302.7,31.3,D,0
-3.5274,104.6653,323.2,1.1,1,2023-10-13,0651,Aqua,MODIS,30,61.03,303.4,11.5,D,0
-3.4058,105.321,334,1,1,2023-10-13,0651,Aqua,MODIS,84,61.03,303.4,26.2,D,0
-3.4071,105.3118,334.3,1,1,2023-10-13,0651,Aqua,MODIS,85,61.03,301.5,26.8,D,0
-3.381,105.4296,349.3,1,1,2023-10-13,0651,Aqua,MODIS,94,61.03,310.1,47.1,D,0
-3.3823,105.4205,329.7,1,1,2023-10-13,0651,Aqua,MODIS,69,61.03,306.5,11.9,D,0
-3.398,105.3105,330.6,1,1,2023-10-13,0651,Aqua,MODIS,81,61.03,299.8,20.5,D,0
-3.3555,105.4753,354.8,1,1,2023-10-13,0651,Aqua,MODIS,97,61.03,307.9,60.8,D,0
-3.3151,105.6912,332.5,1,1,2023-10-13,0651,Aqua,MODIS,83,61.03,303.4,23.6,D,0
-3.3164,105.6822,323.2,1,1,2023-10-13,0651,Aqua,MODIS,58,61.03,301.2,12,D,0
-3.3452,105.483,338.9,1,1,2023-10-13,0651,Aqua,MODIS,87,61.03,304.8,25.4,D,0
-3.3465,105.4739,347,1,1,2023-10-13,0651,Aqua,MODIS,93,61.03,306.4,42.2,D,0
-3.3769,105.2633,332.1,1,1,2023-10-13,0651,Aqua,MODIS,57,61.03,305.8,20.1,D,0
-3.335,105.4258,339.9,1,1,2023-10-13,0651,Aqua,MODIS,80,61.03,312.4,28.7,D,0
-3.3363,105.4166,355.9,1,1,2023-10-13,0651,Aqua,MODIS,98,61.03,311.3,63,D,0
-3.2925,105.401,324.9,1,1,2023-10-13,0651,Aqua,MODIS,66,61.03,303.9,12.7,D,0
-3.2971,105.2462,322,1,1,2023-10-13,0651,Aqua,MODIS,54,61.03,303.9,10.1,D,0
-3.2984,105.237,322.9,1,1,2023-10-13,0651,Aqua,MODIS,61,61.03,303.9,12,D,0
-3.2998,105.2277,334.8,1,1,2023-10-13,0651,Aqua,MODIS,85,61.03,303,28.3,D,0
-3.0236,106.6337,340.7,1,1,2023-10-13,0651,Aqua,MODIS,90,61.03,298.2,37.6,D,0
-3.0249,106.6249,342.5,1,1,2023-10-13,0651,Aqua,MODIS,91,61.03,297.5,40.9,D,0
-3.2549,105.022,335.1,1.1,1,2023-10-13,0651,Aqua,MODIS,64,61.03,302.5,23.7,D,0
-3.2562,105.0126,352.2,1.1,1,2023-10-13,0651,Aqua,MODIS,73,61.03,303.7,58,D,0
-3.2575,105.0033,359.5,1.1,1,2023-10-13,0651,Aqua,MODIS,86,61.03,304.1,77.8,D,0
-3.2473,105.0144,328.9,1.1,1,2023-10-13,0651,Aqua,MODIS,37,61.03,303.5,15.6,D,0
-3.0243,106.4913,315.9,1,1,2023-10-13,0651,Aqua,MODIS,50,61.03,297.6,4.9,D,0
-3.0877,105.6092,323.3,1,1,2023-10-13,0651,Aqua,MODIS,27,61.03,307.5,9.1,D,0
-3.089,105.6002,324.9,1,1,2023-10-13,0651,Aqua,MODIS,46,61.03,306.4,11.7,D,0
-3.0591,105.6177,334.7,1,1,2023-10-13,0651,Aqua,MODIS,84,61.03,307.6,25.6,D,0
-3.1184,105.208,324.5,1,1,2023-10-13,0651,Aqua,MODIS,40,61.03,303.6,11.1,D,0
-3.1251,105.1619,329.8,1,1,2023-10-13,0651,Aqua,MODIS,71,61.03,307.5,18.5,D,0
-3.0974,105.2894,326.5,1,1,2023-10-13,0651,Aqua,MODIS,56,61.03,300.5,15,D,0
-3.1,105.2711,341.5,1,1,2023-10-13,0651,Aqua,MODIS,90,61.03,305.1,37.5,D,0
-3.1133,105.1791,338.2,1,1,2023-10-13,0651,Aqua,MODIS,87,61.03,305.7,30.8,D,0
-3.1042,105.1777,363.3,1,1,2023-10-13,0651,Aqua,MODIS,100,61.03,307.2,90.1,D,0
-3.1056,105.1685,338,1,1,2023-10-13,0651,Aqua,MODIS,85,61.03,307.4,30.8,D,0
-2.9049,106.4954,324.6,1,1,2023-10-13,0651,Aqua,MODIS,61,61.03,305.3,10.2,D,0
-3.0348,105.5958,332.9,1,1,2023-10-13,0651,Aqua,MODIS,83,61.03,304.9,24.3,D,0
-3.1045,105.1117,343.6,1,1,2023-10-13,0651,Aqua,MODIS,89,61.03,309,34.1,D,0
-2.8908,106.5295,325.1,1,1,2023-10-13,0651,Aqua,MODIS,58,61.03,309.1,10.9,D,0
-3.0258,105.5945,319.5,1,1,2023-10-13,0651,Aqua,MODIS,62,61.03,301.7,9.6,D,0
-3.0967,105.1011,330.4,1,1,2023-10-13,0651,Aqua,MODIS,38,61.03,307.8,12.7,D,0
-3.0876,105.0997,341.4,1,1,2023-10-13,0651,Aqua,MODIS,83,61.03,307.9,31.2,D,0
-3.0889,105.0905,343.6,1,1,2023-10-13,0651,Aqua,MODIS,91,61.03,307.5,34.9,D,0
-3.0902,105.0812,343.6,1,1,2023-10-13,0651,Aqua,MODIS,91,61.03,308.6,35.1,D,0
-3.1116,104.9316,339.4,1.1,1,2023-10-13,0651,Aqua,MODIS,88,61.03,305.5,31.6,D,0
-2.8782,106.4915,322.8,1,1,2023-10-13,0651,Aqua,MODIS,37,61.03,305.9,7.9,D,0
-3.1011,104.9397,332,1.1,1,2023-10-13,0651,Aqua,MODIS,82,61.03,305.9,20.4,D,0
-3.1025,104.9303,347.4,1.1,1,2023-10-13,0651,Aqua,MODIS,93,61.03,308.1,48.9,D,0
-2.8782,106.4281,317.4,1,1,2023-10-13,0651,Aqua,MODIS,59,61.03,301,7.4,D,0
-2.8795,106.4192,315.5,1,1,2023-10-13,0651,Aqua,MODIS,45,61.03,300.5,6.2,D,0
-3.0645,105.0044,351.2,1.1,1,2023-10-13,0651,Aqua,MODIS,95,61.03,308.1,56.5,D,0
-2.8366,106.5151,324.5,1,1,2023-10-13,0651,Aqua,MODIS,36,61.03,301.8,10,D,0
-3.0978,104.7101,355.9,1.1,1,2023-10-13,0651,Aqua,MODIS,98,61.03,304.3,72.3,D,0
-3.0992,104.7005,329.1,1.1,1,2023-10-13,0651,Aqua,MODIS,71,61.03,301.7,19,D,0
-3.0886,104.7088,331.3,1.1,1,2023-10-13,0651,Aqua,MODIS,82,61.03,303.5,21.1,D,0
-2.8329,106.4149,327.7,1,1,2023-10-13,0651,Aqua,MODIS,78,61.03,303.5,16.4,D,0
-3.0122,105.0444,342.1,1,1,2023-10-13,0651,Aqua,MODIS,90,61.03,307.5,35.7,D,0
-3.0135,105.0351,328.2,1.1,1,2023-10-13,0651,Aqua,MODIS,63,61.03,305.8,14.5,D,0
-2.8205,106.1235,375.7,1,1,2023-10-13,0651,Aqua,MODIS,100,61.03,309.4,125.3,D,0
-2.8217,106.1146,355.9,1,1,2023-10-13,0651,Aqua,MODIS,98,61.03,306.1,64.9,D,0
-2.8106,106.1254,323.8,1,1,2023-10-13,0651,Aqua,MODIS,54,61.03,307.7,12,D,0
-2.8119,106.1165,327.7,1,1,2023-10-13,0651,Aqua,MODIS,59,61.03,307.2,17.5,D,0
-2.8221,106.0455,317.3,1,1,2023-10-13,0651,Aqua,MODIS,42,61.03,302.8,8.7,D,0
-2.8017,106.1241,378.9,1,1,2023-10-13,0651,Aqua,MODIS,100,61.03,306,139.1,D,0
-2.803,106.1152,381.6,1,1,2023-10-13,0651,Aqua,MODIS,100,61.03,307.6,151.2,D,0
-2.9296,105.112,328,1,1,2023-10-13,0651,Aqua,MODIS,41,61.03,308.8,13.6,D,0
-2.9191,105.1199,343.1,1,1,2023-10-13,0651,Aqua,MODIS,91,61.03,310,37.2,D,0
-2.9205,105.1107,340.8,1,1,2023-10-13,0651,Aqua,MODIS,88,61.03,310.7,33.1,D,0
-2.9513,104.8963,318.3,1.1,1,2023-10-13,0651,Aqua,MODIS,55,61.03,303.8,7.5,D,0
-2.6943,106.5521,323.6,1,1,2023-10-13,0651,Aqua,MODIS,72,61.03,302.8,12.1,D,0
-2.7315,106.2949,348.5,1,1,2023-10-13,0651,Aqua,MODIS,94,61.03,306.8,48.4,D,0
-2.7328,106.2861,322.5,1,1,2023-10-13,0651,Aqua,MODIS,70,61.03,304.5,9.2,D,0
-2.7738,106.0022,316.5,1,1,2023-10-13,0651,Aqua,MODIS,52,61.03,302.4,6.7,D,0
-2.9332,104.8264,325.3,1.1,1,2023-10-13,0651,Aqua,MODIS,72,61.03,303.5,13,D,0
-2.8512,105.1413,357.8,1,1,2023-10-13,0651,Aqua,MODIS,99,61.03,309.1,74.5,D,0
-2.8525,105.1321,328.6,1,1,2023-10-13,0651,Aqua,MODIS,72,61.03,307.6,18.2,D,0
-2.8227,105.1466,330.3,1,1,2023-10-13,0651,Aqua,MODIS,81,61.03,297.9,21.8,D,0
-2.8176,105.1176,322.7,1,1,2023-10-13,0651,Aqua,MODIS,68,61.03,299.2,12.9,D,0
-2.6404,106.2208,396.2,1,1,2023-10-13,0651,Aqua,MODIS,100,61.03,304.9,220.2,D,0
-2.6417,106.212,380.1,1,1,2023-10-13,0651,Aqua,MODIS,100,61.03,306.2,142.6,D,0
-2.6341,106.1385,324.8,1,1,2023-10-13,0651,Aqua,MODIS,72,61.03,302.7,13.3,D,0
-2.5399,106.4086,329.7,1,1,2023-10-13,0651,Aqua,MODIS,70,61.03,311.2,14.3,D,0
-2.5696,105.4975,323.5,1,1,2023-10-13,0651,Aqua,MODIS,66,61.03,305.5,10.8,D,0
-2.5619,105.4872,323.8,1,1,2023-10-13,0651,Aqua,MODIS,57,61.03,305,11.4,D,0
-2.5658,105.4601,331.7,1,1,2023-10-13,0651,Aqua,MODIS,70,61.03,308.5,18.7,D,0
-2.4275,106.1629,319.7,1,1,2023-10-13,0651,Aqua,MODIS,64,61.03,303.5,7.4,D,0
-2.4146,105.1008,341.2,1,1,2023-10-13,0651,Aqua,MODIS,0,61.03,301.3,39,D,0
-2.2195,106.1385,322.1,1,1,2023-10-13,0651,Aqua,MODIS,69,61.03,305,7.7,D,0
-2.1235,105.8464,320.6,1,1,2023-10-13,0651,Aqua,MODIS,41,61.03,299.3,9.8,D,0
-2.0765,106.0421,321.3,1,1,2023-10-13,0651,Aqua,MODIS,64,61.03,305.4,7.4,D,0
-2.0794,105.4449,334.2,1,1,2023-10-13,0651,Aqua,MODIS,64,61.03,303.8,24.7,D,0
-2.0807,105.4359,317.4,1,1,2023-10-13,0651,Aqua,MODIS,47,61.03,302.8,6.7,D,0
-2.0652,105.4795,326.5,1,1,2023-10-13,0651,Aqua,MODIS,67,61.03,302.6,15.2,D,0
-2.0665,105.4705,346.9,1,1,2023-10-13,0651,Aqua,MODIS,93,61.03,305.3,47.7,D,0
-2.0678,105.4615,324.7,1,1,2023-10-13,0651,Aqua,MODIS,75,61.03,304.3,13.1,D,0
-1.9689,105.322,317.7,1,1,2023-10-13,0651,Aqua,MODIS,63,61.03,302.9,7,D,0
-1.8078,105.4151,312.2,1,1,2023-10-13,0651,Aqua,MODIS,34,61.03,296.4,4.4,D,0
-1.5757,105.9383,322.8,1,1,2023-10-13,0651,Aqua,MODIS,76,61.03,307.3,10.2,D,0
-1.5668,105.937,341.2,1,1,2023-10-13,0651,Aqua,MODIS,85,61.03,306.3,34.2,D,0
-1.568,105.9281,333.1,1,1,2023-10-13,0651,Aqua,MODIS,85,61.03,306.3,21.8,D,0
-3.0976,104.9401,304.2,1.8,1.3,2023-10-13,1913,Aqua,MODIS,59,61.03,289.1,14.5,N,0
-3.088,105.2596,304.4,1.9,1.3,2023-10-13,1913,Aqua,MODIS,60,61.03,286.7,18.1,N,0
-3.2927,105.4072,305.1,1.9,1.4,2023-10-13,1913,Aqua,MODIS,63,61.03,291,18.8,N,0
-3.181,104.5533,308.1,1.7,1.3,2023-10-13,1913,Aqua,MODIS,74,61.03,286.4,19.1,N,0
-3.0856,105.2431,302.1,1.9,1.3,2023-10-13,1913,Aqua,MODIS,46,61.03,287.4,14.8,N,0
-3.2899,105.2191,300.6,1.9,1.3,2023-10-13,1913,Aqua,MODIS,22,61.03,284.5,10.9,N,0
-3.2923,105.2356,305.7,1.9,1.3,2023-10-13,1913,Aqua,MODIS,65,61.03,288.2,17.6,N,0
-3.2854,105.2294,307.9,1.9,1.3,2023-10-13,1913,Aqua,MODIS,71,61.03,286.6,20.8,N,0
-3.3522,105.0211,302.7,1.8,1.3,2023-10-13,1913,Aqua,MODIS,32,61.03,290.6,11.5,N,0
-3.3528,105.5052,321,1.4,1.2,2023-10-14,0242,Terra,MODIS,53,61.03,297.1,16,D,0
-3.5296,105.242,315.1,1.4,1.2,2023-10-14,0242,Terra,MODIS,0,61.03,285,12.2,D,0
-3.561,105.6641,316.2,4,1.9,2023-10-14,0732,Aqua,MODIS,61,61.03,293,54.9,D,0
-3.4726,105.428,321.6,3.9,1.8,2023-10-14,0732,Aqua,MODIS,73,61.03,295.7,81.2,D,0
-3.2988,104.9132,324.7,3.6,1.8,2023-10-14,0732,Aqua,MODIS,75,61.03,298.3,81.1,D,0
-3.3039,104.9065,325.1,3.6,1.8,2023-10-14,0732,Aqua,MODIS,70,61.03,297.9,79.6,D,0
-3.2579,104.9965,318.3,3.6,1.8,2023-10-14,0732,Aqua,MODIS,39,61.03,298.7,39.4,D,0
-3.0984,105.2346,316.6,3.8,1.8,2023-10-14,0732,Aqua,MODIS,25,61.03,294.9,43.6,D,0
-3.5272,105.2384,313.1,1,1,2023-10-14,1500,Terra,MODIS,85,61.03,297,9.8,N,0
-3.526,105.2472,342.9,1,1,2023-10-14,1500,Terra,MODIS,100,61.03,300.1,46.6,N,0
-3.5171,105.246,328.3,1,1,2023-10-14,1500,Terra,MODIS,100,61.03,297.5,25.1,N,0
-3.5573,105.6815,306.7,1,1,2023-10-14,1500,Terra,MODIS,66,61.03,296,5.9,N,0
-3.5497,105.6714,311.5,1,1,2023-10-14,1500,Terra,MODIS,81,61.03,295.9,9,N,0
-3.5436,105.328,308,1,1,2023-10-14,1500,Terra,MODIS,71,61.03,296.2,6.6,N,0
-3.5448,105.3192,309.6,1,1,2023-10-14,1500,Terra,MODIS,76,61.03,295.7,7.7,N,0
-3.5336,105.2573,319.3,1,1,2023-10-14,1500,Terra,MODIS,98,61.03,295.6,15.2,N,0
-3.5349,105.2485,332.4,1,1,2023-10-14,1500,Terra,MODIS,100,61.03,296.2,30,N,0
-3.5248,105.2561,351.8,1,1,2023-10-14,1500,Terra,MODIS,100,61.03,297.1,64.7,N,0
-3.3565,105.0128,330.4,1,1,2023-10-14,1501,Terra,MODIS,100,61.03,298.6,27.5,N,0
-3.3578,105.0039,307.9,1,1,2023-10-14,1501,Terra,MODIS,65,61.03,296.1,5.8,N,0
-3.292,105.4088,305.3,1,1,2023-10-14,1501,Terra,MODIS,60,61.03,294.3,5.1,N,0
-3.2932,105.3999,311.6,1,1,2023-10-14,1501,Terra,MODIS,82,61.03,295.5,9.2,N,0
-3.3167,105.2323,330,1,1,2023-10-14,1501,Terra,MODIS,100,61.03,297.8,26.3,N,0
-3.3477,105.0115,336.6,1,1,2023-10-14,1501,Terra,MODIS,100,61.03,298.9,35.8,N,0
-3.3388,105.0102,318.2,1,1,2023-10-14,1501,Terra,MODIS,96,61.03,296.7,13.8,N,0
-3.3312,105.0001,317.7,1,1,2023-10-14,1501,Terra,MODIS,95,61.03,296.6,13.6,N,0
-3.2902,105.2285,312.5,1,1,2023-10-14,1501,Terra,MODIS,84,61.03,296.5,9.2,N,0
-3.2914,105.2197,344.2,1,1,2023-10-14,1501,Terra,MODIS,100,61.03,299.9,48.4,N,0
-3.2926,105.2109,344.9,1,1,2023-10-14,1501,Terra,MODIS,100,61.03,299.1,50,N,0
-3.2939,105.202,305.4,1,1,2023-10-14,1501,Terra,MODIS,60,61.03,295.1,4.6,N,0
-3.3112,105.0784,312.7,1,1,2023-10-14,1501,Terra,MODIS,84,61.03,296,10.3,N,0
-3.2838,105.2096,316.5,1,1,2023-10-14,1501,Terra,MODIS,93,61.03,296.4,12.5,N,0
-3.285,105.2008,305.8,1,1,2023-10-14,1501,Terra,MODIS,62,61.03,295.5,4.8,N,0
-3.2912,105.0156,306.1,1,1,2023-10-14,1501,Terra,MODIS,64,61.03,296.1,5.5,N,0
-3.3049,104.9183,310.4,1,1,2023-10-14,1501,Terra,MODIS,79,61.03,295.1,8.8,N,0
-3.2597,105.0472,306.9,1,1,2023-10-14,1501,Terra,MODIS,67,61.03,294.4,6.1,N,0
-3.1234,105.6312,326.5,1,1,2023-10-14,1501,Terra,MODIS,100,61.03,296.2,23.2,N,0
-3.2057,104.6441,311,1,1,2023-10-14,1501,Terra,MODIS,81,61.03,295.1,7.6,N,0
-3.1956,104.6518,306.5,1,1,2023-10-14,1501,Terra,MODIS,36,61.03,295.1,4.3,N,0
-3.09,105.2777,307.1,1,1,2023-10-14,1501,Terra,MODIS,55,61.03,296.3,5.1,N,0
-3.0912,105.2689,319.2,1,1,2023-10-14,1501,Terra,MODIS,98,61.03,297.1,14.7,N,0
-3.0937,105.2513,315.1,1,1,2023-10-14,1501,Terra,MODIS,90,61.03,297.6,10.9,N,0
-3.0949,105.2425,325.7,1,1,2023-10-14,1501,Terra,MODIS,100,61.03,299.2,21.1,N,0
-3.1926,104.542,308.2,1,1,2023-10-14,1501,Terra,MODIS,73,61.03,294.9,6,N,0
-3.0861,105.2412,350.6,1,1,2023-10-14,1501,Terra,MODIS,100,61.03,299.2,60.8,N,0
-3.0873,105.2324,344.7,1,1,2023-10-14,1501,Terra,MODIS,100,61.03,299.2,49.3,N,0
-3.0995,104.9401,310.2,1,1,2023-10-14,1501,Terra,MODIS,79,61.03,297.2,7.5,N,0
-3.1007,104.9313,312.9,1,1,2023-10-14,1501,Terra,MODIS,85,61.03,297.4,9.5,N,0
-2.6883,105.9656,311.9,1,1,2023-10-14,1501,Terra,MODIS,84,61.03,289.6,10.5,N,0
-2.4302,106.1653,341.3,1,1,2023-10-14,1501,Terra,MODIS,100,61.03,282,48.5,N,0
-2.4315,106.1562,314.5,1,1,2023-10-14,1501,Terra,MODIS,89,61.03,281.7,13.6,N,0
-2.3026,106.0885,304,1,1,2023-10-14,1501,Terra,MODIS,56,61.03,292.5,4.9,N,0
-3.2045,104.653,308.4,1,1,2023-10-14,1501,Terra,MODIS,74,61.03,295.1,5.8,N,2
-3.4383,105.5499,311.7,1,1,2023-10-14,1501,Terra,MODIS,82,61.03,295.1,9.3,N,0
-3.5508,104.6809,306.8,1,1,2023-10-14,1501,Terra,MODIS,69,61.03,296.3,4.8,N,0
-3.552,104.672,313.1,1,1,2023-10-14,1501,Terra,MODIS,86,61.03,296.3,9.4,N,0
-3.4553,105.3002,307,1,1,2023-10-14,1501,Terra,MODIS,10,61.03,295,5.4,N,0
-3.4477,105.2901,308.4,1,1,2023-10-14,1501,Terra,MODIS,50,61.03,295.5,6.5,N,0
-3.4489,105.2813,309,1,1,2023-10-14,1501,Terra,MODIS,54,61.03,295.6,6.9,N,0
-3.4588,105.0697,312.9,1,1,2023-10-14,1501,Terra,MODIS,85,61.03,295.3,9.9,N,0
-3.4601,105.0608,325.7,1,1,2023-10-14,1501,Terra,MODIS,100,61.03,296.8,22.1,N,0
-3.3526,105.5048,307.4,1,1,2023-10-14,1501,Terra,MODIS,69,61.03,295.2,6.7,N,0
-3.3487,105.4682,311,1,1,2023-10-14,1501,Terra,MODIS,80,61.03,293.6,9.1,N,0
-3.3499,105.4594,309.6,1,1,2023-10-14,1501,Terra,MODIS,76,61.03,293.2,8.2,N,0
-3.3695,105.2551,305.5,1,1,2023-10-14,1501,Terra,MODIS,34,61.03,293.9,5,N,0
-3.3372,105.4216,303.6,1,1,2023-10-14,1501,Terra,MODIS,50,61.03,292.1,4.9,N,0
-3.3384,105.4127,303.2,1,1,2023-10-14,1501,Terra,MODIS,48,61.03,292,4.7,N,0
-3.3357,105.226,330.7,1,1,2023-10-14,1501,Terra,MODIS,100,61.03,296,27.6,N,0
-3.3369,105.2172,315.1,1,1,2023-10-14,1501,Terra,MODIS,90,61.03,294.2,11.4,N,0
-3.3009,105.41,309.8,1,1,2023-10-14,1501,Terra,MODIS,77,61.03,294.4,8.2,N,0
-3.3268,105.2247,309.4,1,1,2023-10-14,1501,Terra,MODIS,70,61.03,294.9,7,N,0
-3.0855,105.2434,304.3,3.5,1.8,2023-10-14,1817,Aqua,MODIS,59,61.03,283.9,43,N,0
-3.516,105.2702,300.4,3.4,1.7,2023-10-14,1817,Aqua,MODIS,26,61.03,285.3,25.1,N,0
-3.5255,105.2611,301.1,3.4,1.7,2023-10-14,1817,Aqua,MODIS,26,61.03,286.4,24.7,N,0
-2.7065,106.0616,313.7,2.6,1.5,2023-10-15,0322,Terra,MODIS,66,61.03,294.2,25.2,D,0
-3.0132,105.6019,327.6,2.4,1.5,2023-10-15,0322,Terra,MODIS,72,61.03,286.7,83.3,D,0
-3.0901,105.2263,312.7,2.2,1.5,2023-10-15,0322,Terra,MODIS,53,61.03,283.4,24,D,0
-3.0928,105.2461,321.3,2.3,1.5,2023-10-15,0322,Terra,MODIS,73,61.03,285.6,48.1,D,0
-3.2974,104.9244,313.5,2.1,1.4,2023-10-15,0323,Terra,MODIS,63,61.03,290.8,20.1,D,0
-3.5255,105.2588,310.9,2.3,1.5,2023-10-15,0323,Terra,MODIS,49,61.03,275.3,27.7,D,0
-3.352,105.459,342.1,1.7,1.3,2023-10-15,0636,Aqua,MODIS,86,61.03,279.1,90.7,D,0
-3.3542,105.4443,328.7,1.7,1.3,2023-10-15,0636,Aqua,MODIS,72,61.03,275.3,49.9,D,0
-3.3108,105.5865,323.7,1.6,1.3,2023-10-15,0636,Aqua,MODIS,59,61.03,274.5,42.1,D,0
-3.1991,104.6562,320.7,1.9,1.3,2023-10-15,0636,Aqua,MODIS,34,61.03,298.5,16.8,D,0
-3.2014,104.6393,324,1.9,1.3,2023-10-15,0636,Aqua,MODIS,68,61.03,299.9,25.2,D,0
-2.1785,105.8711,317.4,1.5,1.2,2023-10-15,0636,Aqua,MODIS,37,61.03,299.2,13.7,D,0
-1.9257,105.2396,340.8,1.6,1.3,2023-10-15,0636,Aqua,MODIS,90,61.03,298.6,71.8,D,0
-1.7459,106.0216,321.6,1.4,1.2,2023-10-15,0636,Aqua,MODIS,67,61.03,301.4,13.5,D,0
-3.3506,105.4639,328.9,1.7,1.3,2023-10-15,0636,Aqua,MODIS,83,61.03,279.4,48.9,D,0
-3.3526,105.4492,346.4,1.7,1.3,2023-10-15,0636,Aqua,MODIS,94,61.03,277.4,108.2,D,0
-3.5178,105.2483,304,4.5,1.9,2023-10-15,1541,Terra,MODIS,58,61.03,292.2,43.7,N,0
-3.4626,105.0421,302.9,4.3,1.9,2023-10-15,1541,Terra,MODIS,52,61.03,291.2,36.6,N,0
-3.4536,105.0725,303.1,4.3,1.9,2023-10-15,1541,Terra,MODIS,53,61.03,291.2,38.6,N,0
-3.2904,105.1999,304.1,4.5,1.9,2023-10-15,1541,Terra,MODIS,58,61.03,291.6,43.3,N,0
-3.2883,105.1925,301.8,4.5,1.9,2023-10-15,1541,Terra,MODIS,44,61.03,291.5,33.2,N,0
-3.0849,105.2363,314.2,4.5,2,2023-10-15,1541,Terra,MODIS,89,61.03,288.8,112.9,N,0
-3.0912,105.1966,302.5,4.5,2,2023-10-15,1541,Terra,MODIS,50,61.03,288,41.4,N,0
-3.0834,105.229,316.9,4.5,2,2023-10-15,1541,Terra,MODIS,94,61.03,288.4,134.2,N,0
-2.5462,105.1866,302.5,1.1,1,2023-10-15,1858,Aqua,MODIS,49,61.03,292,4.1,N,0
-2.9945,105.5967,318.7,1.1,1.1,2023-10-15,1858,Aqua,MODIS,97,61.03,293.8,18.6,N,0
-2.9959,105.6065,305.7,1.1,1.1,2023-10-15,1858,Aqua,MODIS,47,61.03,292.2,7,N,0
-3.0024,105.5855,324.3,1.1,1,2023-10-15,1858,Aqua,MODIS,100,61.03,295.3,24.3,N,0
-3.0038,105.5954,321.2,1.1,1.1,2023-10-15,1858,Aqua,MODIS,100,61.03,295.3,20.7,N,0
-3.0096,105.5889,304,1.1,1.1,2023-10-15,1858,Aqua,MODIS,58,61.03,293.7,5.8,N,0
-3.077,105.2275,358.3,1.1,1,2023-10-15,1858,Aqua,MODIS,100,61.03,299.1,89.9,N,0
-3.0784,105.237,357.1,1.1,1,2023-10-15,1858,Aqua,MODIS,100,61.03,302.1,86.5,N,0
-3.1379,105.6443,308,1.1,1.1,2023-10-15,1858,Aqua,MODIS,73,61.03,292.5,8.8,N,0
-3.0862,105.2262,332.4,1.1,1,2023-10-15,1858,Aqua,MODIS,100,61.03,295,34.7,N,0
-3.0876,105.2357,353.7,1.1,1,2023-10-15,1858,Aqua,MODIS,100,61.03,300.3,77.2,N,0
-3.089,105.2452,321.9,1.1,1,2023-10-15,1858,Aqua,MODIS,100,61.03,295.9,20.4,N,0
-3.0997,104.9404,308.1,1.1,1,2023-10-15,1858,Aqua,MODIS,74,61.03,294.9,7.8,N,0
-3.2862,105.2047,305.3,1.1,1,2023-10-15,1858,Aqua,MODIS,64,61.03,293.4,6.2,N,0
-3.2876,105.2142,337.7,1.1,1,2023-10-15,1858,Aqua,MODIS,100,61.03,297.5,43.1,N,0
-3.289,105.2237,318.9,1.1,1,2023-10-15,1858,Aqua,MODIS,98,61.03,296.1,17,N,0
-3.3089,105.2307,320.8,1.1,1,2023-10-15,1858,Aqua,MODIS,100,61.03,296.1,19.4,N,0
-3.3103,105.2402,315.1,1.1,1,2023-10-15,1858,Aqua,MODIS,91,61.03,295.7,13.7,N,0
-3.3044,105.0803,311.6,1.1,1,2023-10-15,1858,Aqua,MODIS,83,61.03,294.5,11.2,N,0
-3.3058,105.0897,308.5,1.1,1,2023-10-15,1858,Aqua,MODIS,75,61.03,294.6,9,N,0
-3.3251,105.2226,311.2,1.1,1,2023-10-15,1858,Aqua,MODIS,82,61.03,294.6,10.7,N,0
-3.3264,105.2322,317.1,1.1,1,2023-10-15,1858,Aqua,MODIS,94,61.03,295.7,15.9,N,0
-3.3343,105.2213,314,1.1,1,2023-10-15,1858,Aqua,MODIS,88,61.03,294.6,13.3,N,0
-3.3357,105.2309,314.7,1.1,1,2023-10-15,1858,Aqua,MODIS,90,61.03,295.7,13.9,N,0
-3.3314,105.0092,305.8,1.1,1,2023-10-15,1859,Aqua,MODIS,49,61.03,294.3,5.9,N,0
-3.3405,105.0079,326.7,1.1,1,2023-10-15,1859,Aqua,MODIS,100,61.03,295.4,24.8,N,0
-3.3419,105.0173,336.9,1.1,1,2023-10-15,1859,Aqua,MODIS,100,61.03,298.5,39.7,N,0
-3.3497,105.0066,307.6,1.1,1,2023-10-15,1859,Aqua,MODIS,7,61.03,293.6,6.6,N,0
-3.3511,105.016,337.3,1.1,1,2023-10-15,1859,Aqua,MODIS,100,61.03,298.6,41,N,0
-3.3602,105.0147,306.7,1.1,1,2023-10-15,1859,Aqua,MODIS,66,61.03,293.8,6.8,N,0
-3.4495,105.0625,322.3,1.1,1,2023-10-15,1859,Aqua,MODIS,100,61.03,296.2,21.1,N,0
-3.4509,105.0719,306.1,1.1,1,2023-10-15,1859,Aqua,MODIS,67,61.03,294.8,6.7,N,0
-3.4587,105.0612,317.9,1.1,1,2023-10-15,1859,Aqua,MODIS,96,61.03,295.2,16.1,N,0
-3.4601,105.0706,320.9,1.1,1,2023-10-15,1859,Aqua,MODIS,100,61.03,295.8,19.3,N,0
-3.549,105.6729,312.6,1.1,1.1,2023-10-15,1859,Aqua,MODIS,85,61.03,294.9,12.1,N,0
-3.5505,105.683,313.1,1.1,1.1,2023-10-15,1859,Aqua,MODIS,86,61.03,295.7,12.7,N,0
-3.5068,105.2584,307.6,1.1,1,2023-10-15,1859,Aqua,MODIS,47,61.03,295.3,7.8,N,0
-3.5134,105.2517,328,1.1,1,2023-10-15,1859,Aqua,MODIS,100,61.03,298.1,28,N,0
-3.5227,105.2504,313.6,1.1,1,2023-10-15,1859,Aqua,MODIS,74,61.03,296.7,12.1,N,0
-3.5319,105.2491,307,1.1,1,2023-10-15,1859,Aqua,MODIS,45,61.03,294.9,7.2,N,0
-3.356,105.0282,316.4,3.1,1.7,2023-10-16,0225,Terra,MODIS,65,61.03,294.4,34.6,D,0
-3.4904,105.3556,357.7,1.9,1.4,2023-10-16,0717,Aqua,MODIS,98,61.03,306.6,175.6,D,0
-3.5707,105.6295,332,2,1.4,2023-10-16,0717,Aqua,MODIS,66,61.03,305.7,52.5,D,0
-3.5556,105.6454,329.2,2,1.4,2023-10-16,0717,Aqua,MODIS,20,61.03,305.6,39,D,0
-3.5747,105.5219,324.8,2,1.4,2023-10-16,0717,Aqua,MODIS,71,61.03,305.2,31.8,D,0
-3.5078,105.3651,353.7,1.9,1.4,2023-10-16,0717,Aqua,MODIS,96,61.03,308.2,149.9,D,0
-3.5105,105.3481,370.1,1.9,1.4,2023-10-16,0717,Aqua,MODIS,100,61.03,312.9,265.9,D,0
-3.599,104.7697,323.8,1.7,1.3,2023-10-16,0717,Aqua,MODIS,69,61.03,303.2,22.3,D,0
-3.4958,105.3633,359.3,1.9,1.4,2023-10-16,0717,Aqua,MODIS,99,61.03,307.2,187.1,D,0
-3.4984,105.3463,370.1,1.9,1.4,2023-10-16,0717,Aqua,MODIS,100,61.03,309.7,268.3,D,0
-3.501,105.3294,344.3,1.9,1.3,2023-10-16,0717,Aqua,MODIS,91,61.03,305.6,94.9,D,0
-3.5036,105.3125,340.4,1.9,1.3,2023-10-16,0717,Aqua,MODIS,88,61.03,306.5,77.9,D,0
-3.5191,105.2124,333,1.9,1.3,2023-10-16,0717,Aqua,MODIS,58,61.03,304.6,42.5,D,0
-3.4864,105.3445,355.4,1.9,1.4,2023-10-16,0717,Aqua,MODIS,97,61.03,303.4,162.6,D,0
-3.4929,105.3386,346.3,1.9,1.4,2023-10-16,0717,Aqua,MODIS,92,61.03,306.1,108.1,D,0
-3.5004,105.288,327.3,1.9,1.3,2023-10-16,0717,Aqua,MODIS,10,61.03,305.5,27.6,D,0
-3.5029,105.2712,326.9,1.9,1.3,2023-10-16,0717,Aqua,MODIS,44,61.03,305,26,D,0
-3.482,105.1661,336.8,1.9,1.3,2023-10-16,0717,Aqua,MODIS,85,61.03,305.1,64.2,D,0
-3.4319,105.4167,334.7,1.9,1.4,2023-10-16,0717,Aqua,MODIS,80,61.03,305.8,59.3,D,0
-3.45,105.2974,321.2,1.9,1.3,2023-10-16,0717,Aqua,MODIS,31,61.03,302.5,19.7,D,0
-3.5436,104.6771,330.4,1.7,1.3,2023-10-16,0717,Aqua,MODIS,79,61.03,300.8,32,D,0
-3.5459,104.6621,325.6,1.7,1.3,2023-10-16,0717,Aqua,MODIS,43,61.03,302.8,20,D,0
-3.4456,105.2453,325.4,1.9,1.3,2023-10-16,0717,Aqua,MODIS,72,61.03,302.7,27.1,D,0
-3.4482,105.2287,337.5,1.9,1.3,2023-10-16,0717,Aqua,MODIS,86,61.03,302.8,68.9,D,0
-3.4507,105.2121,325.5,1.9,1.3,2023-10-16,0717,Aqua,MODIS,65,61.03,300.6,30.2,D,0
-3.4362,105.2269,327.7,1.9,1.3,2023-10-16,0717,Aqua,MODIS,76,61.03,302.3,35.2,D,0
-3.4388,105.2103,366.2,1.9,1.3,2023-10-16,0717,Aqua,MODIS,100,61.03,303.9,234.4,D,0
-3.4413,105.1937,348.9,1.9,1.3,2023-10-16,0717,Aqua,MODIS,94,61.03,300.8,125.4,D,0
-3.4613,105.063,328.2,1.8,1.3,2023-10-16,0717,Aqua,MODIS,70,61.03,300.6,38.9,D,0
-3.452,105.0452,325.2,1.8,1.3,2023-10-16,0717,Aqua,MODIS,61,61.03,299,33.2,D,0
-3.5094,104.6719,326.4,1.7,1.3,2023-10-16,0717,Aqua,MODIS,45,61.03,305,18.4,D,0
-3.3994,105.307,323.2,1.9,1.3,2023-10-16,0718,Aqua,MODIS,42,61.03,301.6,23.5,D,0
-3.3577,105.4942,343.6,2,1.4,2023-10-16,0718,Aqua,MODIS,90,61.03,307.8,94.7,D,0
-3.3926,105.2715,331.3,1.9,1.3,2023-10-16,0718,Aqua,MODIS,80,61.03,301.5,42.6,D,0
-3.4463,105.0387,325.6,1.8,1.3,2023-10-16,0718,Aqua,MODIS,72,61.03,300.5,35.1,D,0
-3.3904,105.3348,320.5,1.9,1.4,2023-10-16,0718,Aqua,MODIS,24,61.03,301.5,20.3,D,0
-3.3955,105.3009,328.4,1.9,1.3,2023-10-16,0718,Aqua,MODIS,67,61.03,301.3,36.5,D,0
-3.4005,105.2671,326.3,1.9,1.3,2023-10-16,0718,Aqua,MODIS,56,61.03,303.4,29.2,D,0
-3.3526,105.5058,333.7,2,1.4,2023-10-16,0718,Aqua,MODIS,43,61.03,308.6,52.8,D,0
-3.3552,105.4883,334.4,2,1.4,2023-10-16,0718,Aqua,MODIS,66,61.03,306.5,52,D,0
-3.3108,105.7007,317.9,2.1,1.4,2023-10-16,0718,Aqua,MODIS,39,61.03,300.1,19.7,D,0
-3.3135,105.6825,330.7,2.1,1.4,2023-10-16,0718,Aqua,MODIS,79,61.03,302.2,59.8,D,0
-3.379,105.2467,391.5,1.9,1.3,2023-10-16,0718,Aqua,MODIS,100,61.03,302.8,492.5,D,0
-3.3148,105.5906,328.2,2,1.4,2023-10-16,0718,Aqua,MODIS,76,61.03,302.3,50.3,D,0
-3.3645,105.2617,329.7,1.9,1.3,2023-10-16,0718,Aqua,MODIS,65,61.03,301.3,37,D,0
-3.3213,105.4652,338,2,1.4,2023-10-16,0718,Aqua,MODIS,73,61.03,306.4,71.2,D,0
-3.3239,105.4478,356.6,2,1.4,2023-10-16,0718,Aqua,MODIS,98,61.03,305.6,169.1,D,0
-3.3338,105.2227,338,1.9,1.3,2023-10-16,0718,Aqua,MODIS,81,61.03,304.3,70.3,D,0
-3.3665,105.0101,328.6,1.8,1.3,2023-10-16,0718,Aqua,MODIS,77,61.03,303.9,31,D,0
-3.3192,105.2376,333.4,1.9,1.3,2023-10-16,0718,Aqua,MODIS,82,61.03,303.4,51.8,D,0
-3.3548,105.0083,351.1,1.8,1.3,2023-10-16,0718,Aqua,MODIS,95,61.03,305.3,119.7,D,0
-3.343,105.0065,339.1,1.8,1.3,2023-10-16,0718,Aqua,MODIS,87,61.03,300.8,64.6,D,0
-3.3566,105.0181,332.1,1.8,1.3,2023-10-16,0718,Aqua,MODIS,78,61.03,305.2,41.7,D,0
-3.359,105.002,330.7,1.8,1.3,2023-10-16,0718,Aqua,MODIS,80,61.03,303.5,34.8,D,0
-3.3133,105.2297,328.1,1.9,1.3,2023-10-16,0718,Aqua,MODIS,42,61.03,302.5,34.4,D,0
-3.3449,105.0163,336,1.8,1.3,2023-10-16,0718,Aqua,MODIS,85,61.03,303.9,55.5,D,0
-3.3472,105.0002,336.3,1.8,1.3,2023-10-16,0718,Aqua,MODIS,85,61.03,301.4,54.2,D,0
-3.3117,105.0775,336.2,1.8,1.3,2023-10-16,0718,Aqua,MODIS,0,61.03,302.7,69.4,D,0
-3.3357,104.917,325,1.8,1.3,2023-10-16,0718,Aqua,MODIS,34,61.03,299,26.6,D,0
-3.2578,105.2729,352.4,1.9,1.3,2023-10-16,0718,Aqua,MODIS,96,61.03,302,143.1,D,0
-3.2604,105.256,326.1,1.9,1.3,2023-10-16,0718,Aqua,MODIS,74,61.03,301.1,32.2,D,0
-3.3124,104.9135,322.1,1.8,1.3,2023-10-16,0718,Aqua,MODIS,29,61.03,298.7,20.7,D,0
-3.2935,104.9594,326.6,1.8,1.3,2023-10-16,0718,Aqua,MODIS,43,61.03,301.2,24.2,D,0
-3.2793,104.9736,332.5,1.8,1.3,2023-10-16,0718,Aqua,MODIS,82,61.03,301.9,42.1,D,0
-3.2709,104.9831,325.4,1.8,1.3,2023-10-16,0718,Aqua,MODIS,12,61.03,302.7,22.5,D,0
-3.2733,104.9671,326.4,1.8,1.3,2023-10-16,0718,Aqua,MODIS,41,61.03,302.5,27.3,D,0
-3.2756,104.9511,326.6,1.8,1.3,2023-10-16,0718,Aqua,MODIS,45,61.03,301.2,28.9,D,0
-3.1236,105.641,326.8,2.1,1.4,2023-10-16,0718,Aqua,MODIS,52,61.03,301,39.7,D,0
-3.1112,105.6391,323.9,2.1,1.4,2023-10-16,0718,Aqua,MODIS,29,61.03,301.2,28.1,D,0
-3.1206,105.3336,351.3,1.9,1.4,2023-10-16,0718,Aqua,MODIS,95,61.03,304,138.4,D,0
-3.1285,105.2824,339.3,1.9,1.4,2023-10-16,0718,Aqua,MODIS,87,61.03,303.8,74.9,D,0
-3.1165,105.2806,338.5,1.9,1.4,2023-10-16,0718,Aqua,MODIS,87,61.03,304.5,69.6,D,0
-3.1191,105.2636,330.2,1.9,1.4,2023-10-16,0718,Aqua,MODIS,55,61.03,303.6,38.1,D,0
-3.127,105.2131,323.2,1.9,1.3,2023-10-16,0718,Aqua,MODIS,20,61.03,301.1,19.4,D,0
-3.1131,105.3429,333.6,1.9,1.4,2023-10-16,0718,Aqua,MODIS,60,61.03,301.6,61.4,D,0
-3.1156,105.3257,348.9,1.9,1.4,2023-10-16,0718,Aqua,MODIS,94,61.03,303.4,127.2,D,0
-3.1232,105.2745,339.6,1.9,1.4,2023-10-16,0718,Aqua,MODIS,84,61.03,304.3,72.1,D,0
-3.1086,105.2897,337.3,1.9,1.4,2023-10-16,0718,Aqua,MODIS,77,61.03,300.8,69.3,D,0
-3.1111,105.2726,344.9,1.9,1.4,2023-10-16,0718,Aqua,MODIS,91,61.03,302.6,99.9,D,0
-3.1187,105.2219,332.5,1.9,1.3,2023-10-16,0718,Aqua,MODIS,42,61.03,305.4,45.6,D,0
-3.1484,104.9411,373.9,1.8,1.3,2023-10-16,0718,Aqua,MODIS,100,61.03,302.9,277.7,D,0
-3.1508,104.9251,353.3,1.8,1.3,2023-10-16,0718,Aqua,MODIS,96,61.03,302.9,134.8,D,0
-3.0947,105.2183,332.1,1.9,1.3,2023-10-16,0718,Aqua,MODIS,46,61.03,301.9,49.5,D,0
-3.0244,105.6001,328.7,2,1.4,2023-10-16,0718,Aqua,MODIS,57,61.03,301,48,D,0
-3.1029,105.0834,350.1,1.9,1.3,2023-10-16,0718,Aqua,MODIS,94,61.03,305.5,114.6,D,0
-2.9996,105.5963,342.1,2,1.4,2023-10-16,0718,Aqua,MODIS,89,61.03,300.7,107.8,D,0
-2.9983,105.591,344.9,2,1.4,2023-10-16,0718,Aqua,MODIS,91,61.03,300.9,124.2,D,0
-3.0256,105.2371,324.9,1.9,1.4,2023-10-16,0718,Aqua,MODIS,61,61.03,305,29.5,D,0
-3.0085,105.2692,329.8,1.9,1.4,2023-10-16,0718,Aqua,MODIS,79,61.03,303.2,42.5,D,0
-3.011,105.2522,330.2,1.9,1.4,2023-10-16,0718,Aqua,MODIS,79,61.03,306.1,43.3,D,0
-3.0136,105.2352,334.1,1.9,1.4,2023-10-16,0718,Aqua,MODIS,81,61.03,304.8,57.1,D,0
-2.999,105.2504,327.6,1.9,1.4,2023-10-16,0718,Aqua,MODIS,66,61.03,303.9,35.8,D,0
-3.0015,105.2334,368.1,1.9,1.4,2023-10-16,0718,Aqua,MODIS,100,61.03,306.2,254.2,D,0
-3.0041,105.2165,385.9,1.9,1.3,2023-10-16,0718,Aqua,MODIS,100,61.03,306.4,437,D,0
-3.0975,104.5945,324.7,1.7,1.3,2023-10-16,0718,Aqua,MODIS,72,61.03,301.5,24.2,D,0
-3.0998,104.5795,341,1.7,1.3,2023-10-16,0718,Aqua,MODIS,89,61.03,302.8,72.3,D,0
-2.9869,105.2486,354.8,1.9,1.4,2023-10-16,0718,Aqua,MODIS,97,61.03,305.2,163.5,D,0
-2.9895,105.2316,369.5,1.9,1.4,2023-10-16,0718,Aqua,MODIS,100,61.03,305.4,270.1,D,0
-2.9921,105.2147,342.5,1.9,1.3,2023-10-16,0718,Aqua,MODIS,90,61.03,300.2,99.4,D,0
-3.0884,104.5778,329.2,1.7,1.3,2023-10-16,0718,Aqua,MODIS,78,61.03,301.4,34.4,D,0
-3.0906,104.5627,325.3,1.7,1.3,2023-10-16,0718,Aqua,MODIS,58,61.03,301.4,24,D,0
-3.0494,104.6806,323.8,1.7,1.3,2023-10-16,0718,Aqua,MODIS,33,61.03,299.7,20.7,D,0
-2.9533,105.0989,324.2,1.9,1.3,2023-10-16,0718,Aqua,MODIS,50,61.03,298.8,31.4,D,0
-2.9137,105.2826,346.3,1.9,1.4,2023-10-16,0718,Aqua,MODIS,92,61.03,301.6,111.9,D,0
-2.9264,105.1975,323.6,1.9,1.3,2023-10-16,0718,Aqua,MODIS,66,61.03,301.8,30.1,D,0
-2.9016,105.2808,321.9,1.9,1.4,2023-10-16,0718,Aqua,MODIS,37,61.03,301.7,20.2,D,0
-2.9126,105.1268,328.2,1.9,1.3,2023-10-16,0718,Aqua,MODIS,39,61.03,302,37.5,D,0
-2.9006,105.125,335,1.9,1.3,2023-10-16,0718,Aqua,MODIS,75,61.03,301.5,60.7,D,0
-2.9031,105.1083,332.9,1.9,1.3,2023-10-16,0718,Aqua,MODIS,58,61.03,301.6,53.2,D,0
-2.8912,105.1065,326.5,1.9,1.3,2023-10-16,0718,Aqua,MODIS,53,61.03,298.1,36.4,D,0
-2.7473,105.9632,321.4,2.2,1.4,2023-10-16,0718,Aqua,MODIS,63,61.03,298.6,35.2,D,0
-2.8187,105.2279,327,1.9,1.4,2023-10-16,0718,Aqua,MODIS,67,61.03,301.2,37.5,D,0
-2.8212,105.2109,328.1,1.9,1.4,2023-10-16,0718,Aqua,MODIS,76,61.03,300.6,42.9,D,0
-2.81,105.123,324.3,1.9,1.3,2023-10-16,0718,Aqua,MODIS,44,61.03,295.1,32.1,D,0
-3.5472,105.6669,303.8,1.4,1.2,2023-10-16,1444,Terra,MODIS,50,61.03,288.2,8.3,N,0
-3.4667,105.1468,310.1,1.6,1.2,2023-10-16,1444,Terra,MODIS,79,61.03,291.8,15.7,N,0
-3.4686,105.1331,327.8,1.6,1.2,2023-10-16,1444,Terra,MODIS,100,61.03,292.4,48,N,0
-3.4704,105.1193,314,1.6,1.2,2023-10-16,1444,Terra,MODIS,88,61.03,290.2,21.8,N,0
-3.4595,105.1177,304,1.6,1.2,2023-10-16,1444,Terra,MODIS,58,61.03,290.5,8.7,N,0
-3.4338,105.2257,303.3,1.5,1.2,2023-10-16,1444,Terra,MODIS,34,61.03,292.2,8.1,N,0
-3.4357,105.2121,306.7,1.5,1.2,2023-10-16,1444,Terra,MODIS,56,61.03,292.6,11.5,N,0
-3.4561,105.0607,333,1.6,1.2,2023-10-16,1444,Terra,MODIS,100,61.03,296.4,61.9,N,0
-3.4579,105.0467,324.6,1.6,1.2,2023-10-16,1444,Terra,MODIS,100,61.03,296,41.1,N,0
-3.4598,105.0327,354.6,1.6,1.2,2023-10-16,1444,Terra,MODIS,100,61.03,298.5,141.4,N,0
-3.4617,105.0187,306.5,1.6,1.2,2023-10-16,1444,Terra,MODIS,68,61.03,293.9,11.9,N,0
-3.3467,105.7924,303.6,1.4,1.2,2023-10-16,1444,Terra,MODIS,56,61.03,280.6,9.8,N,0
-3.4285,105.1834,303.9,1.6,1.2,2023-10-16,1444,Terra,MODIS,38,61.03,292.4,7.9,N,0
-3.3893,105.2818,304.6,1.5,1.2,2023-10-16,1444,Terra,MODIS,59,61.03,289.1,10.2,N,0
-3.3912,105.2684,309.5,1.5,1.2,2023-10-16,1444,Terra,MODIS,78,61.03,290.4,15.7,N,0
-3.3822,105.2535,316.8,1.5,1.2,2023-10-16,1444,Terra,MODIS,56,61.03,292.2,23.6,N,0
-3.3841,105.24,318.9,1.5,1.2,2023-10-16,1444,Terra,MODIS,92,61.03,291.6,27.6,N,0
-3.3714,105.252,374.5,1.5,1.2,2023-10-16,1444,Terra,MODIS,100,61.03,297.7,241.8,N,0
-3.3733,105.2385,400.1,1.5,1.2,2023-10-16,1444,Terra,MODIS,100,61.03,301.8,470.9,N,0
-3.3751,105.225,311.3,1.5,1.2,2023-10-16,1444,Terra,MODIS,81,61.03,290.6,16.5,N,0
-3.4099,104.8895,315.4,1.6,1.3,2023-10-16,1444,Terra,MODIS,91,61.03,292.4,27.2,N,0
-3.3264,105.341,309.3,1.5,1.2,2023-10-16,1444,Terra,MODIS,77,61.03,289.6,16.2,N,0
-3.3427,105.2205,325.2,1.5,1.2,2023-10-16,1444,Terra,MODIS,100,61.03,291.2,38.7,N,0
-3.3318,105.219,325,1.5,1.2,2023-10-16,1444,Terra,MODIS,97,61.03,291.3,37.8,N,0
-3.3595,105.0125,327.6,1.6,1.2,2023-10-16,1444,Terra,MODIS,100,61.03,296.1,49.5,N,0
-3.3614,104.9985,314,1.6,1.2,2023-10-16,1444,Terra,MODIS,88,61.03,293.9,22.7,N,0
-3.3192,105.231,309.4,1.5,1.2,2023-10-16,1444,Terra,MODIS,44,61.03,288.7,13.2,N,0
-3.3485,105.011,350.4,1.6,1.2,2023-10-16,1444,Terra,MODIS,100,61.03,299.3,122.2,N,0
-3.3504,104.9969,321.6,1.6,1.2,2023-10-16,1444,Terra,MODIS,100,61.03,295.7,35.4,N,0
-3.3272,105.2265,318.5,1.5,1.2,2023-10-16,1444,Terra,MODIS,97,61.03,289.5,27,N,0
-3.3562,105.0207,306.6,1.6,1.2,2023-10-16,1444,Terra,MODIS,63,61.03,293.8,11.4,N,0
-3.3582,105.0068,327.5,1.6,1.2,2023-10-16,1444,Terra,MODIS,100,61.03,296.7,48.4,N,0
-3.3145,105.2385,304.1,1.5,1.2,2023-10-16,1444,Terra,MODIS,30,61.03,287.6,8.6,N,0
-3.3164,105.2251,317.3,1.5,1.2,2023-10-16,1444,Terra,MODIS,95,61.03,290.2,25.9,N,0
-3.3452,105.0192,315.4,1.6,1.2,2023-10-16,1444,Terra,MODIS,91,61.03,294.4,23.3,N,0
-3.3472,105.0052,349.2,1.6,1.2,2023-10-16,1444,Terra,MODIS,100,61.03,299.2,116.7,N,0
-3.3362,105.0037,325.1,1.6,1.2,2023-10-16,1444,Terra,MODIS,100,61.03,295.2,42.8,N,0
-3.2947,105.2221,340.4,1.5,1.2,2023-10-16,1444,Terra,MODIS,100,61.03,292.8,79.7,N,0
-3.2966,105.2086,331.1,1.5,1.2,2023-10-16,1444,Terra,MODIS,100,61.03,292.9,53.9,N,0
-3.2858,105.2071,337.3,1.5,1.2,2023-10-16,1444,Terra,MODIS,100,61.03,292.8,71,N,0
-3.2877,105.1936,328.6,1.5,1.2,2023-10-16,1444,Terra,MODIS,100,61.03,291.2,48.4,N,0
-3.3027,105.0841,305.1,1.6,1.2,2023-10-16,1444,Terra,MODIS,63,61.03,290.9,11.1,N,0
-3.2768,105.1921,302.1,1.5,1.2,2023-10-16,1444,Terra,MODIS,29,61.03,288.8,6.8,N,0
-3.255,105.2713,304.6,1.5,1.2,2023-10-16,1444,Terra,MODIS,61,61.03,285.4,11.9,N,0
-3.2903,105.0117,302.4,1.6,1.2,2023-10-16,1444,Terra,MODIS,20,61.03,290.6,7.9,N,0
-3.1884,104.6635,317.6,1.7,1.3,2023-10-16,1444,Terra,MODIS,95,61.03,292.9,30.9,N,0
-3.096,105.2508,300.3,1.5,1.2,2023-10-16,1444,Terra,MODIS,21,61.03,282.1,7.4,N,0
-3.1414,104.9218,307.5,1.6,1.2,2023-10-16,1444,Terra,MODIS,72,61.03,290.1,14.9,N,0
-3.0871,105.2359,351.7,1.5,1.2,2023-10-16,1444,Terra,MODIS,100,61.03,290.8,120.7,N,0
-3.0889,105.2225,326.4,1.5,1.2,2023-10-16,1444,Terra,MODIS,100,61.03,288.7,44.2,N,0
-3.0763,105.2344,371.1,1.5,1.2,2023-10-16,1444,Terra,MODIS,100,61.03,293.5,220,N,0
-3.0782,105.221,339,1.5,1.2,2023-10-16,1444,Terra,MODIS,100,61.03,290.9,76.4,N,0
-3.0077,105.5816,308.6,1.4,1.2,2023-10-16,1444,Terra,MODIS,44,61.03,280.1,15.1,N,0
-2.9955,105.5928,306.4,1.4,1.2,2023-10-16,1444,Terra,MODIS,29,61.03,275.2,12.5,N,0
-2.9972,105.5802,315.8,1.4,1.2,2023-10-16,1444,Terra,MODIS,90,61.03,279.5,24,N,0
-3.0003,105.5872,316.6,1.4,1.2,2023-10-16,1444,Terra,MODIS,70,61.03,278.9,25.2,N,0
-2.9899,105.5858,320.3,1.4,1.2,2023-10-16,1444,Terra,MODIS,100,61.03,275.4,32.5,N,0
-3.0982,104.7342,313,1.7,1.3,2023-10-16,1444,Terra,MODIS,86,61.03,293.9,22.2,N,0
-3.1003,104.7197,315.2,1.7,1.3,2023-10-16,1444,Terra,MODIS,91,61.03,293.5,26,N,0
-3.0982,104.5688,308.1,1.7,1.3,2023-10-16,1444,Terra,MODIS,73,61.03,293.1,13.9,N,0
-3.0848,104.5822,305.7,1.7,1.3,2023-10-16,1444,Terra,MODIS,44,61.03,293.4,9.9,N,0
-2.8031,105.1374,302.4,1.5,1.2,2023-10-16,1444,Terra,MODIS,49,61.03,283.4,9,N,0
-2.7941,105.1225,303,1.5,1.2,2023-10-16,1444,Terra,MODIS,53,61.03,283.8,9.2,N,0
-2.0487,105.4514,329.9,1.1,1.1,2023-10-17,0306,Terra,MODIS,82,61.03,298.2,24.5,D,0
-2.922,105.1865,318.6,1.1,1.1,2023-10-17,0306,Terra,MODIS,55,61.03,298.8,9.9,D,0
-2.9235,105.1965,321.2,1.1,1.1,2023-10-17,0306,Terra,MODIS,73,61.03,299.7,13.3,D,0
-2.9249,105.2065,321,1.1,1.1,2023-10-17,0306,Terra,MODIS,73,61.03,300.1,12.9,D,0
-2.8903,104.5157,319.2,1.1,1,2023-10-17,0306,Terra,MODIS,68,61.03,300.1,9.7,D,0
-2.9974,105.2725,326.6,1.1,1.1,2023-10-17,0306,Terra,MODIS,42,61.03,299.3,15.4,D,0
-3.1077,105.6363,328.1,1.2,1.1,2023-10-17,0306,Terra,MODIS,77,61.03,300.3,21.2,D,0
-3.1092,105.6469,328.6,1.2,1.1,2023-10-17,0306,Terra,MODIS,75,61.03,298.8,22.4,D,0
-3.1189,105.6456,318.9,1.2,1.1,2023-10-17,0306,Terra,MODIS,41,61.03,298.3,10.2,D,0
-3.0853,105.2436,328.4,1.1,1.1,2023-10-17,0306,Terra,MODIS,16,61.03,299.3,19.8,D,0
-3.0991,105.2726,321.2,1.1,1.1,2023-10-17,0306,Terra,MODIS,46,61.03,300.2,13.6,D,0
-3.0931,104.5806,318.9,1.1,1,2023-10-17,0306,Terra,MODIS,63,61.03,297.6,9.4,D,0
-3.3158,105.2302,330.4,1.1,1.1,2023-10-17,0306,Terra,MODIS,66,61.03,301.1,23,D,0
-3.4002,105.5448,319,1.2,1.1,2023-10-17,0306,Terra,MODIS,47,61.03,301.2,10.1,D,0
-3.3486,105.0155,362,1.1,1.1,2023-10-17,0306,Terra,MODIS,100,61.03,307.3,92.8,D,0
-3.3827,105.2564,332.4,1.2,1.1,2023-10-17,0306,Terra,MODIS,77,61.03,298,25.4,D,0
-3.3579,105.0142,368.6,1.1,1.1,2023-10-17,0306,Terra,MODIS,100,61.03,307.4,116.4,D,0
-3.4443,105.4155,349.6,1.2,1.1,2023-10-17,0306,Terra,MODIS,95,61.03,303.3,63.9,D,0
-3.4562,105.1264,333.9,1.1,1.1,2023-10-17,0306,Terra,MODIS,85,61.03,298.9,30.5,D,0
-3.4529,105.0351,327.2,1.1,1.1,2023-10-17,0306,Terra,MODIS,79,61.03,300.2,20.7,D,0
-3.4557,105.0551,335,1.1,1.1,2023-10-17,0306,Terra,MODIS,86,61.03,301.8,32.9,D,0
-3.4571,105.065,331.4,1.1,1.1,2023-10-17,0306,Terra,MODIS,83,61.03,299.7,27.5,D,0
-3.4657,105.1251,343.3,1.1,1.1,2023-10-17,0306,Terra,MODIS,91,61.03,300.2,48.7,D,0
-3.5611,105.7282,323.7,1.2,1.1,2023-10-17,0306,Terra,MODIS,72,61.03,303.5,18.2,D,0
-3.518,105.2209,325.9,1.2,1.1,2023-10-17,0306,Terra,MODIS,18,61.03,301.2,16.2,D,0
-3.5817,104.6465,325.9,1.1,1,2023-10-17,0306,Terra,MODIS,77,61.03,300.1,17.2,D,0
-3.3675,104.9984,327.2,3.6,1.8,2023-10-17,0621,Aqua,MODIS,81,61.03,295.3,112.3,D,0
-3.5789,105.7776,320.3,3.1,1.7,2023-10-17,0621,Aqua,MODIS,49,61.03,294.4,57.9,D,0
-3.5797,105.7706,318,3.1,1.7,2023-10-17,0621,Aqua,MODIS,61,61.03,294.1,52,D,0
-3.5732,105.5971,324,3.2,1.7,2023-10-17,0621,Aqua,MODIS,58,61.03,298.7,74.7,D,0
-3.5104,105.283,320,3.4,1.7,2023-10-17,0621,Aqua,MODIS,43,61.03,291.2,55.9,D,0
-3.5229,105.1913,316,3.5,1.8,2023-10-17,0621,Aqua,MODIS,48,61.03,292.3,45.3,D,0
-3.4478,105.3965,321.1,3.4,1.7,2023-10-17,0621,Aqua,MODIS,45,61.03,294.6,57.1,D,0
-3.447,105.4194,317.9,3.3,1.7,2023-10-17,0621,Aqua,MODIS,43,61.03,297.2,43.5,D,0
-3.4512,105.3898,317.4,3.4,1.7,2023-10-17,0621,Aqua,MODIS,53,61.03,293.4,42,D,0
-3.4483,105.2981,324.9,3.4,1.7,2023-10-17,0621,Aqua,MODIS,77,61.03,295.9,85.2,D,0
-3.474,105.1142,325.5,3.5,1.8,2023-10-17,0621,Aqua,MODIS,64,61.03,291.4,98.1,D,0
-3.4714,105.0174,318.7,3.6,1.8,2023-10-17,0621,Aqua,MODIS,71,61.03,292.5,63,D,0
-3.3904,105.2592,323.5,3.4,1.7,2023-10-17,0621,Aqua,MODIS,48,61.03,293.5,68.8,D,0
-3.3945,105.2288,326.9,3.4,1.7,2023-10-17,0621,Aqua,MODIS,62,61.03,293.5,91.4,D,0
-3.3749,105.257,363.9,3.4,1.7,2023-10-17,0621,Aqua,MODIS,100,61.03,296.4,522.5,D,0
-3.379,105.2266,401.2,3.4,1.7,2023-10-17,0621,Aqua,MODIS,100,61.03,297.1,1516.4,D,0
-3.38,105.2532,369.2,3.4,1.7,2023-10-17,0621,Aqua,MODIS,100,61.03,296.7,622,D,0
-3.3645,105.251,349.1,3.4,1.7,2023-10-17,0621,Aqua,MODIS,95,61.03,295.5,296.3,D,0
-3.3687,105.2206,362.4,3.4,1.7,2023-10-17,0621,Aqua,MODIS,100,61.03,295.4,502.7,D,0
-3.321,105.3368,341.2,3.4,1.7,2023-10-17,0621,Aqua,MODIS,91,61.03,294.4,222.5,D,0
-3.3251,105.307,323.4,3.4,1.7,2023-10-17,0621,Aqua,MODIS,72,61.03,294.4,77.4,D,0
-3.3376,105.2163,323.8,3.4,1.7,2023-10-17,0621,Aqua,MODIS,47,61.03,295.8,80.7,D,0
-3.322,105.2141,326.6,3.4,1.7,2023-10-17,0621,Aqua,MODIS,55,61.03,295.5,98.3,D,0
-3.3517,104.9962,316,3.6,1.8,2023-10-17,0621,Aqua,MODIS,32,61.03,293,38.2,D,0
-3.3246,105.3301,333.8,3.4,1.7,2023-10-17,0621,Aqua,MODIS,86,61.03,294.7,149.1,D,0
-3.3579,104.9897,320.9,3.6,1.8,2023-10-17,0621,Aqua,MODIS,58,61.03,293.9,63.3,D,0
-3.2856,104.9753,316,3.6,1.8,2023-10-17,0621,Aqua,MODIS,31,61.03,293.2,39.9,D,0
-3.1261,105.6509,318,3.2,1.7,2023-10-17,0621,Aqua,MODIS,34,61.03,295.4,44,D,0
-3.13,105.6229,316.8,3.2,1.7,2023-10-17,0621,Aqua,MODIS,18,61.03,295.7,38.6,D,0
-3.1582,105.4228,384.1,3.3,1.7,2023-10-17,0621,Aqua,MODIS,100,61.03,298.8,921.7,D,0
-3.1623,105.3936,363.6,3.3,1.7,2023-10-17,0621,Aqua,MODIS,100,61.03,297.1,502.8,D,0
-3.1111,105.6488,317.8,3.2,1.7,2023-10-17,0621,Aqua,MODIS,25,61.03,295.7,40.9,D,0
-3.115,105.6208,318.1,3.2,1.7,2023-10-17,0621,Aqua,MODIS,24,61.03,296.4,42.5,D,0
-3.1429,105.4207,337.3,3.3,1.7,2023-10-17,0621,Aqua,MODIS,89,61.03,295.7,181.5,D,0
-3.147,105.3915,331,3.3,1.7,2023-10-17,0621,Aqua,MODIS,84,61.03,294.4,131.3,D,0
-3.1552,105.3326,331.7,3.4,1.7,2023-10-17,0621,Aqua,MODIS,85,61.03,296.8,136,D,0
-3.1398,105.3304,325.6,3.4,1.7,2023-10-17,0621,Aqua,MODIS,48,61.03,290.6,88.6,D,0
-3.1091,105.3261,324.3,3.4,1.7,2023-10-17,0621,Aqua,MODIS,56,61.03,291.8,95.9,D,0
-3.1432,105.3233,328.9,3.4,1.7,2023-10-17,0621,Aqua,MODIS,44,61.03,293,110.4,D,0
-2.9998,105.5686,318.4,3.2,1.7,2023-10-17,0621,Aqua,MODIS,57,61.03,295.7,53,D,0
-2.9809,105.5946,327,3.2,1.7,2023-10-17,0621,Aqua,MODIS,80,61.03,295,96.9,D,0
-2.9848,105.5664,326.4,3.2,1.7,2023-10-17,0621,Aqua,MODIS,77,61.03,294.9,95.4,D,0
-2.9979,105.5926,322.7,3.2,1.7,2023-10-17,0621,Aqua,MODIS,54,61.03,295.8,71.2,D,0
-2.9828,105.5905,334.7,3.2,1.7,2023-10-17,0621,Aqua,MODIS,86,61.03,295.2,152.5,D,0
-2.9869,105.5624,320.2,3.2,1.7,2023-10-17,0621,Aqua,MODIS,47,61.03,294.6,61.6,D,0
-2.7882,105.9957,313.7,2.9,1.6,2023-10-17,0621,Aqua,MODIS,55,61.03,293.7,30.5,D,0
-2.7919,105.9699,314.7,2.9,1.6,2023-10-17,0621,Aqua,MODIS,0,61.03,294.2,32.6,D,0
-2.4158,106.2516,336.9,2.8,1.6,2023-10-17,0621,Aqua,MODIS,83,61.03,294.3,141.5,D,0
-2.4017,106.2496,317.1,2.8,1.6,2023-10-17,0621,Aqua,MODIS,36,61.03,293.9,37.7,D,0
-2.3553,106.1686,314,2.8,1.6,2023-10-17,0621,Aqua,MODIS,60,61.03,294,23.1,D,0
-3.3667,105.2234,326.2,2.1,1.4,2023-10-17,1524,Terra,MODIS,100,61.03,290.8,66.4,N,0
-3.364,105.2417,336.6,2.1,1.4,2023-10-17,1524,Terra,MODIS,100,61.03,292.5,106.6,N,0
-3.3792,105.2252,315.8,2.1,1.4,2023-10-17,1524,Terra,MODIS,92,61.03,289.3,36.3,N,0
-3.3764,105.2435,343.2,2.1,1.4,2023-10-17,1524,Terra,MODIS,100,61.03,293.6,139.2,N,0
-3.3736,105.262,305.7,2.1,1.4,2023-10-17,1524,Terra,MODIS,22,61.03,290.7,14.5,N,0
-3.3985,105.2657,305.2,2.1,1.4,2023-10-17,1524,Terra,MODIS,11,61.03,289.7,14.5,N,0
-3.3958,105.2842,318.3,2.1,1.4,2023-10-17,1524,Terra,MODIS,97,61.03,291.9,45,N,0
-3.4604,105.0173,301.2,2,1.4,2023-10-17,1524,Terra,MODIS,10,61.03,282,12.3,N,0
-3.4578,105.0349,332.6,2,1.4,2023-10-17,1524,Terra,MODIS,100,61.03,285,89,N,0
-3.4552,105.0526,342.5,2,1.4,2023-10-17,1524,Terra,MODIS,100,61.03,284.1,131.6,N,0
-3.4526,105.0703,355.6,2,1.4,2023-10-17,1524,Terra,MODIS,100,61.03,282.8,209.3,N,0
-3.4649,105.0722,307.6,2,1.4,2023-10-17,1524,Terra,MODIS,72,61.03,280.1,23.7,N,0
-3.3973,105.5362,302.4,2.2,1.4,2023-10-17,1524,Terra,MODIS,43,61.03,286.3,16.3,N,0
-3.1321,105.6446,302.8,2.3,1.5,2023-10-17,1524,Terra,MODIS,45,61.03,282.2,18.5,N,0
-3.2681,105.1833,313,2.1,1.4,2023-10-17,1524,Terra,MODIS,67,61.03,282.7,31.4,N,0
-3.2901,105.2053,310.2,2.1,1.4,2023-10-17,1524,Terra,MODIS,65,61.03,288.5,25.6,N,0
-3.2998,105.2255,317.2,2.1,1.4,2023-10-17,1524,Terra,MODIS,56,61.03,290.3,38.3,N,0
-3.3469,104.9938,313.2,2,1.4,2023-10-17,1524,Terra,MODIS,87,61.03,283.2,33.5,N,0
-3.583,105.7842,303.2,2.3,1.5,2023-10-17,1524,Terra,MODIS,34,61.03,291.2,14.3,N,0
-3.3443,105.0114,325.5,2,1.4,2023-10-17,1524,Terra,MODIS,100,61.03,283.6,66,N,0
-3.315,105.209,312.6,2.1,1.4,2023-10-17,1524,Terra,MODIS,11,61.03,289.3,27.3,N,0
-3.3122,105.2274,326.7,2.1,1.4,2023-10-17,1524,Terra,MODIS,100,61.03,291.7,66.4,N,0
-3.3012,105.3014,328.4,2.1,1.4,2023-10-17,1524,Terra,MODIS,100,61.03,289.2,77.1,N,0
-3.2984,105.3201,330.8,2.1,1.4,2023-10-17,1524,Terra,MODIS,100,61.03,287.2,87.2,N,0
-3.2956,105.3388,316.7,2.1,1.4,2023-10-17,1524,Terra,MODIS,94,61.03,283.2,42.8,N,0
-3.3591,104.9956,308.4,2,1.4,2023-10-17,1524,Terra,MODIS,74,61.03,281.5,25.5,N,0
-3.3565,105.0132,317.9,2,1.4,2023-10-17,1524,Terra,MODIS,96,61.03,283.1,46.3,N,0
-3.3247,105.2293,308.5,2.1,1.4,2023-10-17,1524,Terra,MODIS,25,61.03,290.6,19.5,N,0
-3.311,105.322,324.9,2.1,1.4,2023-10-17,1524,Terra,MODIS,100,61.03,285.5,66.6,N,0
-3.3082,105.3407,314.7,2.1,1.4,2023-10-17,1524,Terra,MODIS,90,61.03,280.1,37.4,N,0
-3.3208,105.3426,304.9,2.1,1.4,2023-10-17,1524,Terra,MODIS,59,61.03,281.3,17.7,N,0
-3.362,105.2349,334.6,2.1,1.4,2023-10-17,1524,Terra,MODIS,100,61.03,292.1,96.8,N,0
-3.3744,105.2368,335,2.1,1.4,2023-10-17,1524,Terra,MODIS,100,61.03,293,98.2,N,0
-3.3718,105.2552,323.5,2.1,1.4,2023-10-17,1524,Terra,MODIS,100,61.03,292.3,56.1,N,0
-3.4058,104.8847,300.3,2,1.4,2023-10-17,1524,Terra,MODIS,25,61.03,278.5,12.9,N,0
-3.0948,105.6326,303.3,2.3,1.5,2023-10-17,1525,Terra,MODIS,54,61.03,283.3,19.3,N,0
-2.7983,105.1512,300,2.1,1.4,2023-10-17,1525,Terra,MODIS,3,61.03,284.4,10.5,N,0
-2.9703,105.5876,301.3,2.3,1.5,2023-10-17,1525,Terra,MODIS,19,61.03,275,17.1,N,0
-3.0748,105.2302,316.6,2.1,1.4,2023-10-17,1525,Terra,MODIS,94,61.03,286.4,43.2,N,0
-3.0873,105.2321,312.3,2.1,1.4,2023-10-17,1525,Terra,MODIS,84,61.03,286.7,31.9,N,0
-3.0792,105.2881,305.4,2.1,1.4,2023-10-17,1525,Terra,MODIS,64,61.03,286.9,18.5,N,0
-3.0791,105.2178,308.7,2.1,1.4,2023-10-17,1525,Terra,MODIS,75,61.03,286.5,23.4,N,0
-3.0763,105.2363,315.4,2.1,1.4,2023-10-17,1525,Terra,MODIS,91,61.03,286.4,37.8,N,0
-3.0888,105.2381,304.5,2.1,1.4,2023-10-17,1525,Terra,MODIS,33,61.03,285.4,14.9,N,0
-3.0803,105.2941,302.2,2.1,1.4,2023-10-17,1525,Terra,MODIS,44,61.03,286.9,12.2,N,0
-3.0998,105.3354,300.4,2.1,1.4,2023-10-17,1525,Terra,MODIS,6,61.03,286.3,10.8,N,0
-2.405,106.2525,306.6,2.6,1.6,2023-10-17,1525,Terra,MODIS,69,61.03,290.4,22.7,N,0
-2.4031,106.2599,305.8,1,1,2023-10-17,1843,Aqua,MODIS,37,61.03,277.3,8.2,N,0
-2.6739,106.5935,307.6,1,1,2023-10-17,1843,Aqua,MODIS,70,61.03,287.7,8.3,N,0
-2.9829,105.5847,319.9,1.1,1,2023-10-17,1844,Aqua,MODIS,99,61.03,291.8,19.3,N,0
-2.9657,105.583,304.6,1.1,1,2023-10-17,1844,Aqua,MODIS,61,61.03,289.7,6.2,N,0
-2.9671,105.5927,321.1,1.1,1,2023-10-17,1844,Aqua,MODIS,100,61.03,290.8,21,N,0
-2.9749,105.5817,313.1,1.1,1,2023-10-17,1844,Aqua,MODIS,86,61.03,290.8,12.4,N,0
-2.9764,105.5914,349.2,1.1,1,2023-10-17,1844,Aqua,MODIS,100,61.03,297.3,68.7,N,0
-2.9778,105.601,308.5,1.1,1,2023-10-17,1844,Aqua,MODIS,75,61.03,289.9,9.2,N,0
-2.9844,105.5944,323.6,1.1,1,2023-10-17,1844,Aqua,MODIS,100,61.03,293.6,23.3,N,0
-2.9922,105.5834,311.6,1.1,1,2023-10-17,1844,Aqua,MODIS,66,61.03,290.7,10.9,N,0
-2.9937,105.593,315.9,1.1,1,2023-10-17,1844,Aqua,MODIS,88,61.03,292.4,14.7,N,0
-3.0015,105.582,307,1.1,1,2023-10-17,1844,Aqua,MODIS,25,61.03,289.4,7.2,N,0
-3.0029,105.5917,319.1,1.1,1,2023-10-17,1844,Aqua,MODIS,98,61.03,292.3,18.2,N,0
-3.0925,105.6407,303.7,1.1,1,2023-10-17,1844,Aqua,MODIS,46,61.03,288.9,5.5,N,0
-3.094,105.6503,308.3,1.1,1,2023-10-17,1844,Aqua,MODIS,74,61.03,289.9,8.6,N,0
-3.1217,105.6463,309.9,1.1,1,2023-10-17,1844,Aqua,MODIS,79,61.03,288.2,9.6,N,0
-3.1232,105.6559,310.2,1.1,1,2023-10-17,1844,Aqua,MODIS,79,61.03,287.6,9.7,N,0
-3.069,105.2333,309,1.1,1.1,2023-10-17,1844,Aqua,MODIS,76,61.03,291.6,9.8,N,0
-3.0765,105.2833,303.8,1.1,1.1,2023-10-17,1844,Aqua,MODIS,57,61.03,286.3,6.5,N,0
-3.078,105.2932,324.9,1.1,1.1,2023-10-17,1844,Aqua,MODIS,100,61.03,288.4,27.4,N,0
-3.1324,105.6545,310.2,1.1,1,2023-10-17,1844,Aqua,MODIS,79,61.03,287.3,9.9,N,0
-3.0784,105.2319,338.8,1.1,1.1,2023-10-17,1844,Aqua,MODIS,100,61.03,298,48.4,N,0
-3.0799,105.2419,321.1,1.1,1.1,2023-10-17,1844,Aqua,MODIS,100,61.03,293.8,20.9,N,0
-3.0879,105.2305,305.8,1.1,1.1,2023-10-17,1844,Aqua,MODIS,34,61.03,290.8,6.9,N,0
-3.1407,105.4096,301.4,1.1,1.1,2023-10-17,1844,Aqua,MODIS,28,61.03,286.1,4.7,N,0
-3.1422,105.4194,315.3,1.1,1,2023-10-17,1844,Aqua,MODIS,91,61.03,287.3,15.8,N,0
-3.1515,105.4181,313.4,1.1,1,2023-10-17,1844,Aqua,MODIS,87,61.03,286.8,14.2,N,0
-3.153,105.4279,303.8,1.1,1,2023-10-17,1844,Aqua,MODIS,57,61.03,286.9,6.5,N,0
-3.1566,104.9165,314.4,1.2,1.1,2023-10-17,1844,Aqua,MODIS,89,61.03,293.3,15.4,N,0
-3.1582,104.9269,305.6,1.2,1.1,2023-10-17,1844,Aqua,MODIS,65,61.03,293.1,7.6,N,0
-3.2665,105.1919,306.7,1.1,1.1,2023-10-17,1844,Aqua,MODIS,22,61.03,286.9,7,N,0
-3.2937,105.3099,318.5,1.1,1.1,2023-10-17,1844,Aqua,MODIS,97,61.03,292.1,17,N,0
-3.2952,105.3198,316,1.1,1.1,2023-10-17,1844,Aqua,MODIS,70,61.03,290.2,13.7,N,0
-3.2981,105.3395,328.6,1.1,1.1,2023-10-17,1844,Aqua,MODIS,100,61.03,286.1,29.7,N,0
-3.2898,105.2191,310.2,1.1,1.1,2023-10-17,1844,Aqua,MODIS,40,61.03,288.8,9.2,N,0
-3.3031,105.3085,337.3,1.1,1.1,2023-10-17,1844,Aqua,MODIS,100,61.03,293.6,44,N,0
-3.3046,105.3184,334.2,1.1,1.1,2023-10-17,1844,Aqua,MODIS,100,61.03,293.6,37.4,N,0
-3.306,105.3283,324.1,1.1,1.1,2023-10-17,1844,Aqua,MODIS,100,61.03,290.5,22.8,N,0
-3.3075,105.3382,309.1,1.1,1.1,2023-10-17,1844,Aqua,MODIS,42,61.03,284.5,7.9,N,0
-3.2965,105.2225,321.1,1.1,1.1,2023-10-17,1844,Aqua,MODIS,93,61.03,290.9,20.8,N,0
-3.3117,105.3216,316.3,1.1,1.1,2023-10-17,1844,Aqua,MODIS,85,61.03,288.7,15.8,N,0
-3.3132,105.3315,312.1,1.1,1.1,2023-10-17,1844,Aqua,MODIS,53,61.03,286.7,11.5,N,0
-3.3147,105.3413,315.3,1.1,1.1,2023-10-17,1844,Aqua,MODIS,83,61.03,287.3,15.4,N,0
-3.2704,104.9887,304.6,1.2,1.1,2023-10-17,1844,Aqua,MODIS,61,61.03,292.4,6.3,N,0
-3.3169,105.2297,320.4,1.1,1.1,2023-10-17,1844,Aqua,MODIS,98,61.03,290.2,18.7,N,0
-3.3049,105.0877,301.1,1.1,1.1,2023-10-17,1844,Aqua,MODIS,33,61.03,288.6,4.9,N,0
-3.3322,105.011,312.5,1.2,1.1,2023-10-17,1844,Aqua,MODIS,81,61.03,291.3,12.3,N,0
-3.3417,105.0096,359.4,1.2,1.1,2023-10-17,1844,Aqua,MODIS,100,61.03,301.5,102,N,0
-3.3432,105.0198,315.2,1.2,1.1,2023-10-17,1844,Aqua,MODIS,52,61.03,291.5,13.6,N,0
-3.3512,105.0082,343.1,1.2,1.1,2023-10-17,1844,Aqua,MODIS,100,61.03,299.2,57.4,N,0
-3.3528,105.0184,333,1.2,1.1,2023-10-17,1844,Aqua,MODIS,100,61.03,296.3,37.5,N,0
-3.3541,105.0011,309.2,1.2,1.1,2023-10-17,1844,Aqua,MODIS,76,61.03,293.7,9.4,N,0
-3.3556,105.0113,339.1,1.2,1.1,2023-10-17,1844,Aqua,MODIS,100,61.03,299.8,51,N,0
-3.3572,105.0215,307.7,1.2,1.1,2023-10-17,1844,Aqua,MODIS,42,61.03,293.6,7.9,N,0
-3.4053,104.8885,313.6,1.2,1.1,2023-10-17,1844,Aqua,MODIS,87,61.03,293.8,14.8,N,0
-3.4068,104.8989,304.5,1.2,1.1,2023-10-17,1844,Aqua,MODIS,60,61.03,293.7,6.7,N,0
-3.4514,105.1317,304.3,1.1,1.1,2023-10-17,1844,Aqua,MODIS,29,61.03,293.9,5.5,N,0
-3.4529,105.1417,306.7,1.1,1.1,2023-10-17,1844,Aqua,MODIS,32,61.03,293.9,7.1,N,0
-3.4473,105.0394,307.3,1.1,1.1,2023-10-17,1844,Aqua,MODIS,71,61.03,295.2,7.7,N,0
-3.4503,105.0596,367.4,1.1,1.1,2023-10-17,1844,Aqua,MODIS,100,61.03,301,128.8,N,0
-3.4518,105.0698,411.1,1.1,1.1,2023-10-17,1844,Aqua,MODIS,100,61.03,312.3,395,N,0
-3.4533,105.0799,331.8,1.1,1.1,2023-10-17,1844,Aqua,MODIS,100,61.03,295.8,36.1,N,0
-3.4608,105.1303,312,1.1,1.1,2023-10-17,1844,Aqua,MODIS,84,61.03,294.4,11.3,N,0
-3.5422,105.6768,306.3,1.1,1,2023-10-17,1844,Aqua,MODIS,67,61.03,294.9,6.6,N,0
-3.4519,105.0329,328.5,1.1,1.1,2023-10-17,1844,Aqua,MODIS,100,61.03,296.5,32.4,N,0
-3.4535,105.043,329.4,1.1,1.1,2023-10-17,1844,Aqua,MODIS,100,61.03,298.7,33.5,N,0
-3.455,105.0532,311,1.1,1.1,2023-10-17,1844,Aqua,MODIS,81,61.03,293.9,11.4,N,0
-3.4566,105.0633,355,1.1,1.1,2023-10-17,1844,Aqua,MODIS,100,61.03,300.7,88.3,N,0
-3.4581,105.0734,365.5,1.1,1.1,2023-10-17,1844,Aqua,MODIS,100,61.03,304.3,122.9,N,0
-3.4614,105.0315,325.3,1.1,1.1,2023-10-17,1844,Aqua,MODIS,100,61.03,293.9,28,N,0
-3.463,105.0416,351.7,1.1,1.1,2023-10-17,1844,Aqua,MODIS,100,61.03,298,80,N,0
-3.5027,105.3013,307.6,1.1,1.1,2023-10-17,1844,Aqua,MODIS,72,61.03,292.2,9,N,0
-3.5759,105.7821,319.3,1.1,1,2023-10-17,1844,Aqua,MODIS,98,61.03,295,18.1,N,0
-3.5773,105.7915,305.8,1.1,1,2023-10-17,1844,Aqua,MODIS,66,61.03,294.3,6.4,N,0
-3.497,105.2009,306.1,1.1,1.1,2023-10-17,1844,Aqua,MODIS,67,61.03,293.1,7.3,N,0
-3.4985,105.2108,304.6,1.1,1.1,2023-10-17,1844,Aqua,MODIS,61,61.03,292.9,6.2,N,0
-3.5064,105.1995,303.4,1.1,1.1,2023-10-17,1844,Aqua,MODIS,17,61.03,292.8,4.9,N,0
-3.5079,105.2094,311.7,1.1,1.1,2023-10-17,1844,Aqua,MODIS,83,61.03,293.8,11.5,N,0
-3.5139,105.2491,313.7,1.1,1.1,2023-10-17,1844,Aqua,MODIS,88,61.03,295.6,13,N,0
-3.5327,105.2464,303.9,1.1,1.1,2023-10-17,1844,Aqua,MODIS,34,61.03,293.5,5.5,N,0
-3.4612,105.1371,324.1,1.1,1,2023-10-18,0703,Aqua,MODIS,29,61.03,292.7,14.6,D,0
-3.5799,105.7767,342.2,1.1,1.1,2023-10-18,0703,Aqua,MODIS,90,61.03,293.2,48.3,D,0
-3.5814,105.7666,346.4,1.1,1.1,2023-10-18,0703,Aqua,MODIS,93,61.03,292.9,57.7,D,0
-3.5704,105.7753,316.7,1.1,1.1,2023-10-18,0703,Aqua,MODIS,35,61.03,291,9.3,D,0
-3.5719,105.7652,325.6,1.1,1.1,2023-10-18,0703,Aqua,MODIS,75,61.03,290.6,20.2,D,0
-3.3243,105.3169,358.2,1.1,1,2023-10-18,0703,Aqua,MODIS,99,61.03,287.3,81.1,D,0
-3.3152,105.3287,329.2,1.1,1,2023-10-18,0703,Aqua,MODIS,42,61.03,279.8,22.8,D,0
-3.3166,105.319,356.4,1.1,1,2023-10-18,0703,Aqua,MODIS,90,61.03,288.5,76.4,D,0
-3.318,105.3094,389.2,1.1,1,2023-10-18,0703,Aqua,MODIS,100,61.03,293.8,209.9,D,0
-3.3194,105.2997,385.8,1.1,1,2023-10-18,0703,Aqua,MODIS,100,61.03,295.4,191.5,D,0
-3.3208,105.29,328.9,1.1,1,2023-10-18,0703,Aqua,MODIS,29,61.03,288.5,20.5,D,0
-3.3305,105.2225,336.8,1.1,1,2023-10-18,0703,Aqua,MODIS,80,61.03,282.1,34.5,D,0
-3.3608,105.0132,341.8,1.1,1,2023-10-18,0703,Aqua,MODIS,86,61.03,293.2,39.2,D,0
-3.3621,105.0038,356.7,1.1,1,2023-10-18,0703,Aqua,MODIS,93,61.03,295,73.5,D,0
-3.3087,105.308,360.4,1.1,1,2023-10-18,0703,Aqua,MODIS,100,61.03,292.8,88.1,D,0
-3.3101,105.2983,359.6,1.1,1,2023-10-18,0703,Aqua,MODIS,99,61.03,291.9,87,D,0
-3.3516,105.0118,353,1.1,1,2023-10-18,0703,Aqua,MODIS,96,61.03,294.9,64.1,D,0
-3.3424,105.0105,339.6,1.1,1,2023-10-18,0703,Aqua,MODIS,89,61.03,292.1,36.6,D,0
-3.2873,105.3246,328.8,1.1,1,2023-10-18,0703,Aqua,MODIS,81,61.03,281,24.1,D,0
-3.2887,105.3149,324.5,1.1,1,2023-10-18,0703,Aqua,MODIS,46,61.03,284.5,18,D,0
-3.5107,105.3666,372.1,1.1,1,2023-10-18,0703,Aqua,MODIS,100,61.03,297.6,128.2,D,0
-3.5121,105.3569,337.2,1.1,1,2023-10-18,0703,Aqua,MODIS,76,61.03,298.9,30.7,D,0
-3.5835,104.8736,347,1,1,2023-10-18,0703,Aqua,MODIS,93,61.03,304.9,47.9,D,0
-3.5849,104.8643,344.3,1,1,2023-10-18,0703,Aqua,MODIS,92,61.03,303.6,43.1,D,0
-3.5174,105.2038,354.1,1.1,1,2023-10-18,0703,Aqua,MODIS,91,61.03,292.1,65.9,D,0
-3.483,105.3759,323.9,1.1,1,2023-10-18,0703,Aqua,MODIS,70,61.03,291.6,16.1,D,0
-3.4844,105.3661,340.7,1.1,1,2023-10-18,0703,Aqua,MODIS,84,61.03,293.6,41.6,D,0
-3.4883,105.2093,338,1.1,1,2023-10-18,0703,Aqua,MODIS,76,61.03,288.2,31.3,D,0
-3.5459,104.8142,325.4,1,1,2023-10-18,0703,Aqua,MODIS,76,61.03,301.1,12.4,D,0
-3.4847,105.1697,334.4,1.1,1,2023-10-18,0703,Aqua,MODIS,80,61.03,291.2,29.1,D,0
-3.4544,105.3123,323.6,1.1,1,2023-10-18,0703,Aqua,MODIS,39,61.03,289.6,14.6,D,0
-3.4465,105.3012,357.7,1.1,1,2023-10-18,0703,Aqua,MODIS,86,61.03,290.5,79.3,D,0
-3.4479,105.2916,349.2,1.1,1,2023-10-18,0703,Aqua,MODIS,94,61.03,291.6,56.6,D,0
-3.4626,105.1276,330.7,1.1,1,2023-10-18,0703,Aqua,MODIS,82,61.03,292.6,23.3,D,0
-3.4393,105.2216,342,1.1,1,2023-10-18,0703,Aqua,MODIS,90,61.03,284.4,42.2,D,0
-3.4618,105.0694,380.5,1.1,1,2023-10-18,0703,Aqua,MODIS,100,61.03,302.2,159.9,D,0
-3.4632,105.06,362.3,1.1,1,2023-10-18,0703,Aqua,MODIS,100,61.03,303.2,88.3,D,0
-3.466,105.0411,353.6,1.1,1,2023-10-18,0703,Aqua,MODIS,97,61.03,300.2,63,D,0
-3.4674,105.0317,365,1.1,1,2023-10-18,0703,Aqua,MODIS,100,61.03,304,97.4,D,0
-3.4301,105.2203,327.6,1.1,1,2023-10-18,0703,Aqua,MODIS,56,61.03,285,18,D,0
-3.4358,105.182,334.5,1.1,1,2023-10-18,0703,Aqua,MODIS,85,61.03,285.8,30.4,D,0
-3.4527,105.0681,392.8,1.1,1,2023-10-18,0703,Aqua,MODIS,100,61.03,301.3,223.2,D,0
-3.4541,105.0586,421.4,1.1,1,2023-10-18,0703,Aqua,MODIS,100,61.03,309.2,433.5,D,0
-3.4555,105.0492,331.1,1.1,1,2023-10-18,0703,Aqua,MODIS,60,61.03,293.9,18.2,D,0
-3.4569,105.0398,332.2,1.1,1,2023-10-18,0703,Aqua,MODIS,43,61.03,296.3,20.3,D,0
-3.4582,105.0303,346.5,1.1,1,2023-10-18,0703,Aqua,MODIS,88,61.03,298.3,47.7,D,0
-3.4121,105.3002,336.6,1.1,1,2023-10-18,0703,Aqua,MODIS,70,61.03,289,26.1,D,0
-3.4135,105.2905,337.3,1.1,1,2023-10-18,0703,Aqua,MODIS,74,61.03,291.6,27.9,D,0
-3.4493,105.0424,322.8,1.1,1,2023-10-18,0703,Aqua,MODIS,55,61.03,293.1,14.2,D,0
-3.4507,105.033,319.7,1.1,1,2023-10-18,0703,Aqua,MODIS,13,61.03,293.2,11,D,0
-3.4042,105.2891,340.8,1.1,1,2023-10-18,0703,Aqua,MODIS,78,61.03,289.5,33,D,0
-3.4056,105.2795,415.5,1.1,1,2023-10-18,0703,Aqua,MODIS,87,61.03,296.1,389.1,D,0
-3.407,105.2699,404.7,1.1,1,2023-10-18,0703,Aqua,MODIS,94,61.03,295.2,304.5,D,0
-3.4153,105.2122,330.9,1.1,1,2023-10-18,0703,Aqua,MODIS,72,61.03,287.4,22.7,D,0
-3.4167,105.2027,341.9,1.1,1,2023-10-18,0703,Aqua,MODIS,90,61.03,285.8,41.9,D,0
-3.4401,105.0411,328,1.1,1,2023-10-18,0703,Aqua,MODIS,72,61.03,291.5,20.5,D,0
-3.3808,105.3847,344.7,1.1,1,2023-10-18,0703,Aqua,MODIS,92,61.03,279.6,49.7,D,0
-3.3665,105.3528,333.9,1.1,1,2023-10-18,0703,Aqua,MODIS,81,61.03,278.8,30.5,D,0
-3.3806,105.2561,340.2,1.1,1,2023-10-18,0703,Aqua,MODIS,78,61.03,284.1,34.9,D,0
-3.3572,105.3514,332.3,1.1,1,2023-10-18,0703,Aqua,MODIS,83,61.03,277.9,28.6,D,0
-3.3586,105.3417,313.6,1.1,1,2023-10-18,0703,Aqua,MODIS,17,61.03,275.7,6.6,D,0
-3.3714,105.2548,327.4,1.1,1,2023-10-18,0703,Aqua,MODIS,66,61.03,284.2,13.9,D,0
-3.3728,105.2452,360.5,1.1,1,2023-10-18,0703,Aqua,MODIS,94,61.03,288.9,84.2,D,0
-3.3742,105.2355,374.4,1.1,1,2023-10-18,0703,Aqua,MODIS,87,61.03,293.4,136.3,D,0
-3.3635,105.2438,365.5,1.1,1,2023-10-18,0703,Aqua,MODIS,100,61.03,287.9,100.4,D,0
-3.3649,105.2342,383.4,1.1,1,2023-10-18,0703,Aqua,MODIS,100,61.03,293.4,175.5,D,0
-3.3663,105.2246,343.7,1.1,1,2023-10-18,0703,Aqua,MODIS,80,61.03,289.7,44.9,D,0
-3.3321,105.3279,324,1.1,1,2023-10-18,0703,Aqua,MODIS,30,61.03,277.1,15.7,D,0
-3.3478,105.2219,343.2,1.1,1,2023-10-18,0703,Aqua,MODIS,84,61.03,286.8,44.8,D,0
-3.3229,105.3265,346.3,1.1,1,2023-10-18,0703,Aqua,MODIS,76,61.03,281.9,50.2,D,0
-3.4552,105.0559,328.3,3.4,1.7,2023-10-18,1427,Terra,MODIS,100,61.03,279.3,162.9,N,0
-3.4511,105.0857,305,3.4,1.7,2023-10-18,1427,Terra,MODIS,7,61.03,270.5,38.1,N,0
-3.4515,105.0619,334.3,3.4,1.7,2023-10-18,1427,Terra,MODIS,100,61.03,278,208.2,N,0
-3.3904,105.243,368.5,3.2,1.7,2023-10-18,1925,Aqua,MODIS,100,61.03,283.3,600.5,N,0
-3.3942,105.2716,338.9,3.2,1.7,2023-10-18,1925,Aqua,MODIS,100,61.03,284.7,224.5,N,0
-3.3974,105.2788,316.5,3.2,1.7,2023-10-18,1925,Aqua,MODIS,34,61.03,285.7,72.6,N,0
-3.3752,105.2451,352.6,3.2,1.7,2023-10-18,1925,Aqua,MODIS,100,61.03,279.5,359.9,N,0
-3.3791,105.2737,328.2,3.2,1.7,2023-10-18,1925,Aqua,MODIS,100,61.03,285.2,136,N,0
-3.3741,105.2239,311.7,3.2,1.7,2023-10-18,1925,Aqua,MODIS,60,61.03,271.4,50.3,N,0
-3.3782,105.2523,388.8,3.2,1.7,2023-10-18,1925,Aqua,MODIS,100,61.03,283.9,1049.9,N,0
-3.3822,105.2809,319.1,3.2,1.7,2023-10-18,1925,Aqua,MODIS,54,61.03,286.1,84.9,N,0
-3.3933,105.2502,339.5,3.2,1.7,2023-10-18,1925,Aqua,MODIS,100,61.03,282.8,226.8,N,0
-3.4591,105.0387,308.6,1.1,1,2023-10-19,1508,Terra,MODIS,47,61.03,286.4,9.5,N,0
-3.3619,105.0086,324,1.1,1,2023-10-19,1508,Terra,MODIS,94,61.03,288.1,25.2,N,0
-3.3632,104.9991,312.3,1.1,1,2023-10-19,1508,Terra,MODIS,46,61.03,283.8,13.2,N,0
-3.3527,105.0073,338,1.1,1,2023-10-19,1508,Terra,MODIS,100,61.03,289.5,46.5,N,0
-3.3541,104.9978,304.1,1.1,1,2023-10-19,1508,Terra,MODIS,28,61.03,279.5,7.7,N,0
-3.3444,105.0099,314.4,1.1,1,2023-10-19,1508,Terra,MODIS,89,61.03,280.3,16.8,N,0
-3.3457,105.0004,312.8,1.1,1,2023-10-19,1508,Terra,MODIS,86,61.03,280.4,15.7,N,0
-2.4036,106.2526,308.5,1.3,1.1,2023-10-19,1508,Terra,MODIS,75,61.03,288.5,10.6,N,0
-3.453,105.0804,309.4,2.1,1.4,2023-10-19,1829,Aqua,MODIS,56,61.03,285.4,27.4,N,0
-2.9761,105.5933,302,1.9,1.4,2023-10-19,1829,Aqua,MODIS,46,61.03,282.7,12.5,N,0
-3.5335,104.9146,311.4,3.1,1.7,2023-10-20,0330,Terra,MODIS,42,61.03,284.8,29,D,0
-3.5619,105.7305,322.7,1.1,1,2023-10-20,0648,Aqua,MODIS,65,61.03,302.8,13.2,D,0
-3.5633,105.721,325.6,1.1,1,2023-10-20,0648,Aqua,MODIS,78,61.03,304.8,16.2,D,0
-3.4278,105.831,331.7,1.1,1,2023-10-20,0648,Aqua,MODIS,84,61.03,292.6,25,D,0
-3.4291,105.8216,325.7,1.1,1,2023-10-20,0648,Aqua,MODIS,78,61.03,294.5,16.2,D,0
-3.4406,105.6098,320.2,1.1,1,2023-10-20,0648,Aqua,MODIS,75,61.03,289.3,13,D,0
-3.4314,105.6085,325.5,1.1,1,2023-10-20,0648,Aqua,MODIS,80,61.03,290.1,18.6,D,0
-3.4154,105.2713,318.8,1.1,1.1,2023-10-20,0648,Aqua,MODIS,66,61.03,288.2,17.3,D,0
-3.3625,105.0017,337.5,1.1,1.1,2023-10-20,0648,Aqua,MODIS,82,61.03,298.7,28.6,D,0
-2.6746,105.3695,312,2.1,1.4,2023-10-21,0232,Terra,MODIS,51,61.03,286.2,18.5,D,0
-3.0097,105.5985,309,2,1.4,2023-10-21,0232,Terra,MODIS,26,61.03,282.6,13.3,D,0
-3.3911,105.251,322.7,2.1,1.4,2023-10-21,0233,Terra,MODIS,52,61.03,293.2,31.3,D,0
-3.4036,105.2491,322.9,2.1,1.4,2023-10-21,0233,Terra,MODIS,60,61.03,292.7,29.8,D,0
-3.5193,104.8869,316,2.2,1.4,2023-10-21,0233,Terra,MODIS,61,61.03,290.8,21,D,0
-3.339,105.3166,313.7,3.3,1.7,2023-10-21,0729,Aqua,MODIS,10,61.03,284.6,30.6,D,0
-3.3204,105.3182,311.3,1.1,1.1,2023-10-21,1451,Terra,MODIS,74,61.03,283.8,11.4,N,0
-3.3217,105.3081,307.9,1.1,1.1,2023-10-21,1451,Terra,MODIS,48,61.03,283.1,8.7,N,0
-3.086,105.2262,311.7,1.2,1.1,2023-10-21,1451,Terra,MODIS,83,61.03,293.4,11.3,N,0
-1.8674,106.0413,317,1,1,2023-10-21,1452,Terra,MODIS,94,61.03,290.1,14.6,N,0
-2.5941,106.4146,312.5,1.8,1.3,2023-10-22,0313,Terra,MODIS,63,61.03,292.4,15.3,D,0
-2.6855,105.9249,311,1.7,1.3,2023-10-22,0313,Terra,MODIS,27,61.03,280.7,15.3,D,0
-2.6968,105.9234,315.4,1.7,1.3,2023-10-22,0313,Terra,MODIS,0,61.03,278.8,24.1,D,0
-2.968,106.7657,332.3,1.9,1.4,2023-10-22,0313,Terra,MODIS,81,61.03,292.2,67.9,D,0
-2.9724,106.7585,325.4,1.9,1.4,2023-10-22,0313,Terra,MODIS,0,61.03,289.8,48,D,0
-2.9748,106.7757,322.9,2,1.4,2023-10-22,0313,Terra,MODIS,66,61.03,293.5,40,D,0
-3.3953,105.2465,319.1,1.5,1.2,2023-10-22,0313,Terra,MODIS,51,61.03,280.7,19,D,0
-3.5013,105.3493,315.6,1.5,1.2,2023-10-22,0313,Terra,MODIS,33,61.03,290.8,13.6,D,0
-3.5698,105.6836,318.8,1.6,1.3,2023-10-22,0313,Terra,MODIS,30,61.03,290.3,24.4,D,0
-2.7936,106.4677,316.6,1.6,1.2,2023-10-22,0633,Aqua,MODIS,62,61.03,284.7,20.9,D,0
-3.5738,105.7198,330.4,1.9,1.3,2023-10-22,0633,Aqua,MODIS,80,61.03,300.4,52.8,D,0
-3.5761,105.7033,333,1.9,1.3,2023-10-22,0633,Aqua,MODIS,81,61.03,299.9,60.3,D,0
-3.33,105.3214,320.5,2,1.4,2023-10-22,0633,Aqua,MODIS,25,61.03,293.6,29.1,D,0
-3.3263,105.314,323.7,2,1.4,2023-10-22,0633,Aqua,MODIS,60,61.03,293.7,39.8,D,0
-3.2199,105.6291,312.1,1.9,1.3,2023-10-22,0633,Aqua,MODIS,48,61.03,291.6,16,D,0
-2.7151,106.4498,324,1.6,1.2,2023-10-22,0633,Aqua,MODIS,77,61.03,293.1,34.7,D,0
-2.7147,106.4445,325.2,1.6,1.2,2023-10-22,0633,Aqua,MODIS,48,61.03,292.9,33.4,D,0
-2.3397,106.1032,313.8,1.7,1.3,2023-10-22,0633,Aqua,MODIS,50,61.03,294.4,12.2,D,0
-3.4063,105.2401,319,3,1.6,2023-10-22,1532,Terra,MODIS,77,61.03,285.3,76.1,N,0
-3.3918,105.2379,320.2,3,1.6,2023-10-22,1532,Terra,MODIS,100,61.03,286.9,82.9,N,0
-3.4046,105.2341,325.5,3,1.6,2023-10-22,1532,Terra,MODIS,100,61.03,286.9,108.9,N,0
-3.3863,105.2579,313.4,3,1.6,2023-10-22,1532,Terra,MODIS,73,61.03,286.7,58.1,N,0
-3.3901,105.2318,314.9,3,1.6,2023-10-22,1532,Terra,MODIS,90,61.03,287.3,62.4,N,0
-3.0785,105.233,314.8,1,1,2023-10-22,1855,Aqua,MODIS,90,61.03,296.2,13,N,0
-3.3195,105.3055,308,1,1,2023-10-22,1855,Aqua,MODIS,23,61.03,294.2,6.5,N,0
-3.3209,105.3146,317.8,1,1,2023-10-22,1855,Aqua,MODIS,85,61.03,296.6,13.7,N,0
-3.3222,105.3236,320.2,1,1,2023-10-22,1855,Aqua,MODIS,93,61.03,296.4,15.5,N,0
-3.4043,105.5011,335.2,1,1,2023-10-22,1855,Aqua,MODIS,100,61.03,295.6,37.1,N,0
-3.4057,105.5102,326.3,1,1,2023-10-22,1855,Aqua,MODIS,100,61.03,295.6,24.8,N,0
-3.3772,105.2545,308.5,1,1,2023-10-22,1855,Aqua,MODIS,25,61.03,292.9,6.5,N,0
-3.4296,105.6099,307.5,1,1,2023-10-22,1855,Aqua,MODIS,72,61.03,293.6,7.5,N,0
-3.431,105.6191,303.7,1,1,2023-10-22,1855,Aqua,MODIS,57,61.03,293.3,5,N,0
-3.3503,105.0108,304.6,1,1,2023-10-22,1855,Aqua,MODIS,21,61.03,293.3,5.1,N,0
-3.3862,105.2532,332.5,1,1,2023-10-22,1855,Aqua,MODIS,100,61.03,295.6,30.4,N,0
-3.3875,105.2622,328.8,1,1,2023-10-22,1855,Aqua,MODIS,100,61.03,295.7,25.9,N,0
-3.3592,105.0096,305.7,1,1,2023-10-22,1855,Aqua,MODIS,48,61.03,292.6,5.9,N,0
-3.3925,105.2339,332.2,1,1,2023-10-22,1855,Aqua,MODIS,100,61.03,296.9,29.4,N,0
-3.3938,105.2429,333.7,1,1,2023-10-22,1855,Aqua,MODIS,100,61.03,297.5,31.1,N,0
-3.4396,105.5522,309.8,1,1,2023-10-22,1855,Aqua,MODIS,78,61.03,293.5,9.6,N,0
-3.4015,105.2326,371.7,1,1,2023-10-22,1855,Aqua,MODIS,100,61.03,299.4,122.2,N,0
-3.4028,105.2416,355.9,1,1,2023-10-22,1855,Aqua,MODIS,100,61.03,298.2,74.7,N,0
-3.4095,105.2868,304.6,1,1,2023-10-22,1855,Aqua,MODIS,31,61.03,293,4.6,N,0
-3.4104,105.2313,308.5,1,1,2023-10-22,1855,Aqua,MODIS,39,61.03,293.6,6.3,N,0
-3.4118,105.2403,308.7,1,1,2023-10-22,1855,Aqua,MODIS,22,61.03,293.2,6.2,N,0
-3.4171,105.2764,322.1,1,1,2023-10-22,1855,Aqua,MODIS,100,61.03,294.8,19.2,N,0
-3.4185,105.2855,310.5,1,1,2023-10-22,1855,Aqua,MODIS,67,61.03,293.6,8.5,N,0
-3.4194,105.23,325.2,1,1,2023-10-22,1855,Aqua,MODIS,100,61.03,295.3,21.1,N,0
-3.4208,105.239,331.1,1,1,2023-10-22,1855,Aqua,MODIS,100,61.03,295.8,28.6,N,0
-3.4274,105.2223,303,1,1,2023-10-22,1855,Aqua,MODIS,53,61.03,292.9,4.6,N,0
-3.4287,105.2313,304.4,1,1,2023-10-22,1855,Aqua,MODIS,60,61.03,293,5.6,N,0
-3.4943,104.9229,308.1,1,1,2023-10-22,1855,Aqua,MODIS,74,61.03,292.4,7.6,N,0
-3.4956,104.9319,304.1,1,1,2023-10-22,1855,Aqua,MODIS,58,61.03,292.7,4.9,N,0
-3.5045,104.9306,311.4,1,1,2023-10-22,1855,Aqua,MODIS,82,61.03,292.8,9.5,N,0
-3.5635,105.7318,334.2,1.8,1.3,2023-10-23,0714,Aqua,MODIS,83,61.03,299,59.2,D,0
-3.5661,105.7252,327.6,1.8,1.3,2023-10-23,0714,Aqua,MODIS,77,61.03,298.8,37.5,D,0
-3.5154,105.67,319.2,1.7,1.3,2023-10-23,0714,Aqua,MODIS,46,61.03,298.2,17.5,D,0
-3.4742,105.6324,322.6,1.7,1.3,2023-10-23,0714,Aqua,MODIS,65,61.03,297,23.8,D,0
-3.4766,105.6171,321.5,1.7,1.3,2023-10-23,0714,Aqua,MODIS,56,61.03,296.7,21.8,D,0
-3.4778,105.6274,323.1,1.7,1.3,2023-10-23,0714,Aqua,MODIS,70,61.03,296.9,27.3,D,0
-3.5212,105.2559,323.8,1.6,1.3,2023-10-23,0714,Aqua,MODIS,34,61.03,299.6,19.5,D,0
-3.3959,105.2448,325.2,1.6,1.3,2023-10-23,0714,Aqua,MODIS,41,61.03,297.3,24.8,D,0
-3.2356,105.6253,322.8,1.7,1.3,2023-10-23,0714,Aqua,MODIS,71,61.03,293.2,29,D,0
-3.3371,104.7041,322.1,1.5,1.2,2023-10-23,0714,Aqua,MODIS,49,61.03,300.7,13.6,D,0
-2.9692,105.106,350.8,1.6,1.2,2023-10-23,0715,Aqua,MODIS,95,61.03,300,105,D,0
-2.9714,105.0917,345.3,1.6,1.2,2023-10-23,0715,Aqua,MODIS,92,61.03,301.1,81,D,0
-2.4146,106.2838,324.1,1,1,2023-10-24,0256,Terra,MODIS,63,61.03,297.8,13.4,D,0
-2.4577,105.0618,320,1,1,2023-10-24,0256,Terra,MODIS,50,61.03,296.7,7.3,D,0
-2.737,106.6006,316.6,1,1,2023-10-24,0256,Terra,MODIS,52,61.03,297.8,7.2,D,0
-3.0369,106.6342,316,1,1,2023-10-24,0256,Terra,MODIS,57,61.03,298,7.4,D,0
-2.8495,105.1472,314.5,1,1,2023-10-24,0256,Terra,MODIS,31,61.03,296.1,6.5,D,0
-2.8508,105.156,314,1,1,2023-10-24,0256,Terra,MODIS,32,61.03,295.3,6.1,D,0
-3.0553,105.6167,321,1,1,2023-10-24,0256,Terra,MODIS,43,61.03,302.4,9.7,D,0
-3.082,105.2282,323.6,1,1,2023-10-24,0256,Terra,MODIS,33,61.03,302.1,10.5,D,0
-3.2803,105.3861,321.7,1,1,2023-10-24,0256,Terra,MODIS,38,61.03,303.6,10.4,D,0
-3.3259,105.3256,324.7,1,1,2023-10-24,0256,Terra,MODIS,20,61.03,302.5,11.2,D,0
-3.3367,105.3267,321.8,1,1,2023-10-24,0256,Terra,MODIS,67,61.03,303.7,9.8,D,0
-3.4542,105.6988,325.2,1,1,2023-10-24,0256,Terra,MODIS,75,61.03,300.1,16.5,D,0
-3.4425,105.5556,320.2,1,1,2023-10-24,0256,Terra,MODIS,52,61.03,298.9,9.5,D,0
-3.513,105.2714,325.7,1,1,2023-10-24,0257,Terra,MODIS,43,61.03,299.9,12.6,D,0
-3.5143,105.2802,320.7,1,1,2023-10-24,0257,Terra,MODIS,51,61.03,298.7,9.1,D,0
-3.572,105.6788,320.6,1,1,2023-10-24,0257,Terra,MODIS,41,61.03,303.3,10.7,D,0
-3.4983,104.9216,327.9,1,1,2023-10-24,0257,Terra,MODIS,79,61.03,300.6,16.8,D,0
-3.4996,104.9304,322.2,1,1,2023-10-24,0257,Terra,MODIS,71,61.03,299.8,10,D,0
-3.5573,105.202,321.9,1,1,2023-10-24,0257,Terra,MODIS,54,61.03,300.2,9.2,D,0
-3.4845,105.7067,316.7,3.7,1.8,2023-10-24,0618,Aqua,MODIS,62,61.03,294.4,55.6,D,0
-3.4874,105.733,340.2,3.7,1.8,2023-10-24,0618,Aqua,MODIS,90,61.03,295.6,242.5,D,0
-3.4714,105.7308,317.3,3.7,1.8,2023-10-24,0618,Aqua,MODIS,33,61.03,294.7,54.2,D,0
-3.5234,105.2498,310.8,4.1,1.9,2023-10-24,0618,Aqua,MODIS,0,61.03,289.8,45,D,0
-2.9572,106.889,320.5,2.9,1.6,2023-10-24,0618,Aqua,MODIS,0,61.03,295,56.3,D,0
-2.9434,106.4383,318.7,3.2,1.7,2023-10-24,0618,Aqua,MODIS,64,61.03,292.3,64.4,D,0
-2.9182,105.5515,311.2,3.8,1.8,2023-10-24,0618,Aqua,MODIS,27,61.03,292.5,45.8,D,0
-2.923,105.5183,310.3,3.8,1.8,2023-10-24,0618,Aqua,MODIS,13,61.03,292.1,40.8,D,0
-2.5466,106.6664,314.3,3,1.7,2023-10-24,0618,Aqua,MODIS,0,61.03,293.6,27.3,D,0
-2.42,106.2718,314.2,3.2,1.7,2023-10-24,0618,Aqua,MODIS,40,61.03,291.7,32.3,D,0
-3.5696,105.6845,314.4,3.8,1.8,2023-10-24,0618,Aqua,MODIS,15,61.03,296.7,40.8,D,0
-3.496,105.7416,313.8,3.7,1.8,2023-10-24,0618,Aqua,MODIS,27,61.03,294.5,36.6,D,0
-3.48,105.7393,350.7,3.7,1.8,2023-10-24,0618,Aqua,MODIS,95,61.03,295.6,381.6,D,0
-3.4947,105.7846,314.6,1.5,1.2,2023-10-24,1515,Terra,MODIS,90,61.03,289.9,21.7,N,0
-3.4967,105.7712,304.6,1.5,1.2,2023-10-24,1515,Terra,MODIS,61,61.03,287.8,8.8,N,0
-3.559,105.2057,310.6,1.4,1.2,2023-10-24,1515,Terra,MODIS,81,61.03,290,14.1,N,0
-3.5608,105.1935,307.3,1.4,1.2,2023-10-24,1515,Terra,MODIS,71,61.03,287.2,10.8,N,0
-3.5626,105.2003,312.1,1.4,1.2,2023-10-24,1515,Terra,MODIS,84,61.03,288.4,15.3,N,0
-3.5523,105.1988,304,1.4,1.2,2023-10-24,1515,Terra,MODIS,37,61.03,287.6,7.1,N,0
-3.4603,105.6917,315.3,1.5,1.2,2023-10-24,1515,Terra,MODIS,91,61.03,292.3,23.1,N,0
-3.4622,105.6784,302.3,1.5,1.2,2023-10-24,1515,Terra,MODIS,48,61.03,290,6.5,N,0
-3.406,105.5039,306.4,1.5,1.2,2023-10-24,1515,Terra,MODIS,68,61.03,292.7,11.2,N,0
-3.3884,105.2562,300.5,1.4,1.2,2023-10-24,1515,Terra,MODIS,14,61.03,285.8,5.8,N,0
-3.4057,105.501,303.6,1.2,1.1,2023-10-24,1841,Aqua,MODIS,56,61.03,290.6,6.6,N,0
-3.4535,105.6883,306.1,1.2,1.1,2023-10-24,1841,Aqua,MODIS,67,61.03,292.7,7.7,N,0
-3.4551,105.6987,311.9,1.2,1.1,2023-10-24,1841,Aqua,MODIS,84,61.03,293.1,12.9,N,0
-3.4628,105.7506,327.7,1.2,1.1,2023-10-24,1841,Aqua,MODIS,100,61.03,292.4,32,N,0
-3.4644,105.7609,306.4,1.2,1.1,2023-10-24,1841,Aqua,MODIS,68,61.03,292.1,8,N,0
-3.4922,105.7923,304.5,1.2,1.1,2023-10-24,1841,Aqua,MODIS,60,61.03,292.5,5.8,N,0
-3.5546,105.1993,301.8,1.3,1.1,2023-10-24,1841,Aqua,MODIS,44,61.03,288,6.6,N,0
-3.5563,105.2104,301.7,1.3,1.1,2023-10-24,1841,Aqua,MODIS,44,61.03,288.2,6.2,N,0
-3.5965,105.8005,337.7,1.1,1,2023-10-25,0659,Aqua,MODIS,82,61.03,304.3,29.3,D,0
-3.5979,105.7912,329.7,1.1,1,2023-10-25,0659,Aqua,MODIS,70,61.03,302.5,16.5,D,0
-3.5874,105.7992,331.6,1.1,1,2023-10-25,0659,Aqua,MODIS,82,61.03,302,20.5,D,0
-3.5824,105.7699,319.6,1,1,2023-10-25,0659,Aqua,MODIS,51,61.03,301.9,8.8,D,0
-3.5694,105.7329,324.8,1,1,2023-10-25,0659,Aqua,MODIS,53,61.03,302.9,13.3,D,0
-3.5495,105.806,323.4,1.1,1,2023-10-25,0659,Aqua,MODIS,62,61.03,300.8,11.4,D,0
-3.5509,105.7966,339.2,1.1,1,2023-10-25,0659,Aqua,MODIS,88,61.03,304.2,34.6,D,0
-3.5418,105.7953,330.2,1.1,1,2023-10-25,0659,Aqua,MODIS,80,61.03,301.1,20.4,D,0
-3.528,105.6983,338.9,1,1,2023-10-25,0659,Aqua,MODIS,88,61.03,302.8,33.6,D,0
-3.5053,105.7899,338,1.1,1,2023-10-25,0659,Aqua,MODIS,87,61.03,302.8,34.3,D,0
-3.5067,105.7806,352.8,1.1,1,2023-10-25,0659,Aqua,MODIS,96,61.03,304.2,65.2,D,0
-3.508,105.7713,325.7,1.1,1,2023-10-25,0659,Aqua,MODIS,75,61.03,300.8,17.1,D,0
-3.5176,105.7063,324.6,1,1,2023-10-25,0659,Aqua,MODIS,50,61.03,301.3,13.4,D,0
-3.5189,105.697,336,1,1,2023-10-25,0659,Aqua,MODIS,86,61.03,302.3,28.5,D,0
-3.4976,105.7793,337,1.1,1,2023-10-25,0659,Aqua,MODIS,86,61.03,303.2,33.4,D,0
-3.4989,105.77,352.2,1.1,1,2023-10-25,0659,Aqua,MODIS,96,61.03,303,63.7,D,0
-3.5044,105.7328,323.4,1,1,2023-10-25,0659,Aqua,MODIS,71,61.03,301.9,13.3,D,0
-3.4753,105.7512,325.1,1,1,2023-10-25,0659,Aqua,MODIS,39,61.03,298.7,14.7,D,0
-3.4767,105.7419,328.3,1,1,2023-10-25,0659,Aqua,MODIS,62,61.03,302.1,19,D,0
-3.4581,105.8058,360.4,1.1,1,2023-10-25,0659,Aqua,MODIS,100,61.03,305.7,80.8,D,0
-3.4662,105.7498,318.8,1,1,2023-10-25,0659,Aqua,MODIS,35,61.03,298.8,9.2,D,0
-3.4676,105.7405,344.7,1,1,2023-10-25,0659,Aqua,MODIS,92,61.03,302.3,46.9,D,0
-3.4689,105.7312,343.1,1,1,2023-10-25,0659,Aqua,MODIS,91,61.03,303.3,42.2,D,0
-3.5444,105.2102,324.6,1,1,2023-10-25,0659,Aqua,MODIS,52,61.03,303.7,9.3,D,0
-3.4585,105.7392,319.9,1,1,2023-10-25,0659,Aqua,MODIS,44,61.03,298.6,10.9,D,0
-3.4598,105.7299,334.8,1,1,2023-10-25,0659,Aqua,MODIS,85,61.03,300.3,30,D,0
-3.4639,105.702,316.4,1,1,2023-10-25,0659,Aqua,MODIS,28,61.03,299.6,7.4,D,0
-3.4652,105.6928,318.6,1,1,2023-10-25,0659,Aqua,MODIS,61,61.03,301.1,9.8,D,0
-3.538,105.1908,334.2,1,1,2023-10-25,0659,Aqua,MODIS,84,61.03,302.1,23.1,D,0
-3.5393,105.1818,366.1,1,1,2023-10-25,0659,Aqua,MODIS,100,61.03,302.8,95.5,D,0
-3.5406,105.1728,333.4,1,1,2023-10-25,0659,Aqua,MODIS,81,61.03,299.4,25.6,D,0
-3.5173,105.2707,329.8,1,1,2023-10-25,0659,Aqua,MODIS,51,61.03,301.5,17.2,D,0
-3.3335,105.7048,318.3,1,1,2023-10-25,0700,Aqua,MODIS,63,61.03,299.1,8.9,D,0
-3.3349,105.6955,327.6,1,1,2023-10-25,0700,Aqua,MODIS,78,61.03,299.7,19.7,D,0
-3.3901,105.2548,331.5,1,1,2023-10-25,0700,Aqua,MODIS,52,61.03,302.3,16.7,D,0
-3.305,105.5909,338.3,1,1,2023-10-25,0700,Aqua,MODIS,88,61.03,302.8,34.3,D,0
-3.3064,105.5816,356.3,1,1,2023-10-25,0700,Aqua,MODIS,98,61.03,303.1,72.4,D,0
-3.3183,105.4989,345.9,1,1,2023-10-25,0700,Aqua,MODIS,93,61.03,302.8,46.9,D,0
-3.2892,105.6357,385.3,1,1,2023-10-25,0700,Aqua,MODIS,100,61.03,302.1,179.4,D,0
-3.2906,105.6265,372.1,1,1,2023-10-25,0700,Aqua,MODIS,100,61.03,302.2,123.1,D,0
-3.2697,105.6423,344.9,1,1,2023-10-25,0700,Aqua,MODIS,92,61.03,299.8,47.6,D,0
-3.3236,105.083,331.6,1,1,2023-10-25,0700,Aqua,MODIS,73,61.03,302.5,20.4,D,0
-3.232,105.6462,325.1,1,1,2023-10-25,0700,Aqua,MODIS,75,61.03,300,15.6,D,0
-3.2334,105.637,330.4,1,1,2023-10-25,0700,Aqua,MODIS,81,61.03,300.5,21.7,D,0
-3.0903,106.5397,319.8,1.1,1.1,2023-10-25,0700,Aqua,MODIS,0,61.03,300.5,8.8,D,0
-3.0918,106.5296,321.6,1.1,1.1,2023-10-25,0700,Aqua,MODIS,53,61.03,300.9,11.3,D,0
-3.2229,105.6449,334.9,1,1,2023-10-25,0700,Aqua,MODIS,85,61.03,301.3,29.2,D,0
-3.2243,105.6356,347.4,1,1,2023-10-25,0700,Aqua,MODIS,93,61.03,302.4,51.2,D,0
-3.0855,106.5323,328.6,1.1,1.1,2023-10-25,0700,Aqua,MODIS,60,61.03,301.7,20.3,D,0
-3.0073,106.6034,318,1.1,1.1,2023-10-25,0700,Aqua,MODIS,63,61.03,301,7.2,D,0
-3.0088,106.5932,325.7,1.1,1.1,2023-10-25,0700,Aqua,MODIS,76,61.03,301.6,16.8,D,0
-2.9436,106.5468,316.3,1.1,1.1,2023-10-25,0700,Aqua,MODIS,58,61.03,300,6,D,0
-3.084,105.4615,316.7,1,1,2023-10-25,0700,Aqua,MODIS,34,61.03,300.1,7.3,D,0
-2.9241,106.4821,319.8,1.1,1.1,2023-10-25,0700,Aqua,MODIS,67,61.03,300.7,10.3,D,0
-3.0533,105.6077,323,1,1,2023-10-25,0700,Aqua,MODIS,27,61.03,305.7,10.4,D,0
-2.87,106.4164,321.5,1.1,1.1,2023-10-25,0700,Aqua,MODIS,70,61.03,299.8,13.2,D,0
-3.0001,105.2749,330.8,1,1,2023-10-25,0700,Aqua,MODIS,58,61.03,302.6,15.8,D,0
-2.9771,105.2472,334.6,1,1,2023-10-25,0700,Aqua,MODIS,61,61.03,302.2,23.4,D,0
-2.9656,105.1993,320.8,1,1,2023-10-25,0700,Aqua,MODIS,30,61.03,301.8,9,D,0
-2.9294,105.2588,343.6,1,1,2023-10-25,0700,Aqua,MODIS,87,61.03,304.7,39.7,D,0
-2.9204,105.2575,342.1,1,1,2023-10-25,0700,Aqua,MODIS,89,61.03,304,35.6,D,0
-2.9114,105.2562,355.7,1,1,2023-10-25,0700,Aqua,MODIS,98,61.03,301.1,64.8,D,0
-2.9127,105.2471,345.6,1,1,2023-10-25,0700,Aqua,MODIS,92,61.03,305,42.5,D,0
-2.9273,105.1475,339.1,1,1,2023-10-25,0700,Aqua,MODIS,84,61.03,300.2,32.9,D,0
-2.7844,106.0016,329.3,1.1,1,2023-10-25,0700,Aqua,MODIS,78,61.03,299.8,20,D,0
-2.7765,105.9907,323.8,1.1,1,2023-10-25,0700,Aqua,MODIS,52,61.03,299.4,13.2,D,0
-2.7779,105.9811,328.1,1.1,1,2023-10-25,0700,Aqua,MODIS,79,61.03,300.7,18.9,D,0
-2.885,105.1163,328.5,1,1,2023-10-25,0700,Aqua,MODIS,80,61.03,300.8,19,D,0
-2.8863,105.1073,316,1,1,2023-10-25,0700,Aqua,MODIS,28,61.03,299.3,6.4,D,0
-2.6563,106.4853,345.6,1.1,1.1,2023-10-25,0700,Aqua,MODIS,92,61.03,300.4,53.1,D,0
-2.6578,106.4751,344,1.1,1.1,2023-10-25,0700,Aqua,MODIS,91,61.03,300.2,49.4,D,0
-2.6469,106.4838,323.2,1.1,1.1,2023-10-25,0700,Aqua,MODIS,73,61.03,299.2,15,D,0
-2.642,106.3542,324.7,1.1,1.1,2023-10-25,0700,Aqua,MODIS,75,61.03,298.1,18.8,D,0
-2.6434,106.3443,314.1,1.1,1.1,2023-10-25,0700,Aqua,MODIS,25,61.03,297.1,7.5,D,0
-2.4553,105.0969,320.4,1,1,2023-10-25,0700,Aqua,MODIS,62,61.03,300.3,9.5,D,0
-2.1274,105.9607,328.7,1.1,1,2023-10-25,0700,Aqua,MODIS,0,61.03,291.3,27.8,D,0
-2.0708,106.1523,343.3,1.1,1.1,2023-10-25,0700,Aqua,MODIS,0,61.03,304.1,47.2,D,0
-2.0615,106.1509,335.2,1.1,1.1,2023-10-25,0700,Aqua,MODIS,0,61.03,301.8,32,D,0
-2.1291,105.3097,320.1,1,1,2023-10-25,0700,Aqua,MODIS,46,61.03,300.1,8.5,D,0
-2.112,105.3637,325.6,1,1,2023-10-25,0700,Aqua,MODIS,59,61.03,303.5,14.7,D,0
-2.1133,105.3545,319.7,1,1,2023-10-25,0700,Aqua,MODIS,54,61.03,301.1,7.8,D,0
-1.9846,106.0426,323.2,1.1,1,2023-10-25,0700,Aqua,MODIS,63,61.03,298.7,14.1,D,0
-3.0532,105.2842,318.9,1.5,1.2,2023-10-26,0240,Terra,MODIS,28,61.03,296.6,16.3,D,0
-3.2424,105.0005,326.4,1.6,1.2,2023-10-26,0240,Terra,MODIS,63,61.03,303.2,23.9,D,0
-3.5647,105.7384,310.8,1,1,2023-10-26,1458,Terra,MODIS,80,61.03,295.6,8.1,N,0
-3.5547,105.7459,326.2,1,1,2023-10-26,1458,Terra,MODIS,100,61.03,294.7,22.2,N,0
-3.5559,105.7371,319.7,1,1,2023-10-26,1458,Terra,MODIS,99,61.03,294.6,15.4,N,0
-3.522,105.7081,309.6,1,1,2023-10-26,1458,Terra,MODIS,77,61.03,295,7.2,N,0
-3.5232,105.6992,307.6,1,1,2023-10-26,1458,Terra,MODIS,71,61.03,294.5,6.2,N,0
-3.5967,104.7839,306.6,1,1,2023-10-26,1458,Terra,MODIS,69,61.03,291.6,6.3,N,0
-3.4624,105.6816,306.6,1,1,2023-10-26,1458,Terra,MODIS,68,61.03,295,5.5,N,0
-3.4948,104.9199,304.2,1,1,2023-10-26,1458,Terra,MODIS,59,61.03,293.8,4.9,N,0
-3.3544,105.7952,318.4,1,1,2023-10-26,1458,Terra,MODIS,97,61.03,296.1,13.9,N,0
-3.4145,105.2362,304.6,1,1,2023-10-26,1458,Terra,MODIS,37,61.03,293.7,4.2,N,0
-3.4037,105.2374,306.5,1,1,2023-10-26,1458,Terra,MODIS,68,61.03,293.6,5.9,N,0
-3.3834,105.2526,313.5,1,1,2023-10-26,1458,Terra,MODIS,87,61.03,293.5,10.2,N,0
-3.2896,105.5999,304.7,1,1,2023-10-26,1458,Terra,MODIS,61,61.03,294.4,4.6,N,0
-3.2908,105.591,304.9,1,1,2023-10-26,1458,Terra,MODIS,56,61.03,293.6,4.8,N,0
-3.3636,105.0047,306.8,1,1,2023-10-26,1458,Terra,MODIS,51,61.03,293.5,5.9,N,0
-3.3547,105.0034,323.1,1,1,2023-10-26,1458,Terra,MODIS,100,61.03,294.8,19.6,N,0
-3.3442,105.0052,314.4,1,1,2023-10-26,1458,Terra,MODIS,89,61.03,292.7,12.2,N,0
-3.3454,104.9963,305.6,1,1,2023-10-26,1458,Terra,MODIS,65,61.03,292.5,5.6,N,0
-3.3151,105.083,319.9,1,1,2023-10-26,1458,Terra,MODIS,99,61.03,293.8,16.7,N,0
-3.3049,105.0907,306.4,1,1,2023-10-26,1458,Terra,MODIS,68,61.03,293.7,6,N,0
-3.2358,104.5974,312.1,1,1,2023-10-26,1458,Terra,MODIS,84,61.03,292.5,10.5,N,0
-3.2371,104.5883,322.3,1,1,2023-10-26,1458,Terra,MODIS,100,61.03,292.9,20.2,N,0
-3.0833,105.2282,307.7,1,1,2023-10-26,1458,Terra,MODIS,72,61.03,294.3,7.2,N,0
-2.8479,106.5084,304.8,1,1,2023-10-26,1458,Terra,MODIS,62,61.03,288.3,5.9,N,0
-2.8856,106.2394,313.2,1,1,2023-10-26,1458,Terra,MODIS,87,61.03,292.7,11.1,N,0
-2.7342,106.597,301,1,1,2023-10-26,1458,Terra,MODIS,35,61.03,289,3,N,0
-2.7583,106.4253,308.1,1,1,2023-10-26,1458,Terra,MODIS,73,61.03,293.5,7,N,0
-2.7596,106.4163,306.2,1,1,2023-10-26,1458,Terra,MODIS,67,61.03,292.9,5.8,N,0
-2.6791,106.4628,312.5,1,1,2023-10-26,1459,Terra,MODIS,85,61.03,294.7,9.6,N,0
-2.6368,106.3102,312.1,1,1,2023-10-26,1459,Terra,MODIS,84,61.03,295.2,9.3,N,0
-2.6381,106.3012,313.1,1,1,2023-10-26,1459,Terra,MODIS,86,61.03,295.1,10.3,N,0
-3.3543,105.0143,312.4,2,1.4,2023-10-27,0320,Terra,MODIS,28,61.03,291.2,15.9,D,0
-3.5205,104.8896,314.1,2,1.4,2023-10-27,0320,Terra,MODIS,26,61.03,288.9,17.1,D,0
-3.5895,105.7683,321.2,1.2,1.1,2023-10-27,0645,Aqua,MODIS,44,61.03,303.5,11.8,D,0
-3.5807,105.6924,327.2,1.2,1.1,2023-10-27,0645,Aqua,MODIS,45,61.03,306.1,19.6,D,0
-3.5637,105.7433,333.7,1.2,1.1,2023-10-27,0645,Aqua,MODIS,85,61.03,303.3,30.3,D,0
-3.5651,105.7329,325,1.2,1.1,2023-10-27,0645,Aqua,MODIS,26,61.03,305.9,16.1,D,0
-3.5526,105.7524,321.5,1.2,1.1,2023-10-27,0645,Aqua,MODIS,53,61.03,303.2,12.5,D,0
-3.5333,105.7496,327.5,1.2,1.1,2023-10-27,0645,Aqua,MODIS,61,61.03,303.9,20.7,D,0
-3.5265,105.6994,337,1.2,1.1,2023-10-27,0645,Aqua,MODIS,77,61.03,305.2,35.1,D,0
-3.4858,105.64,325.1,1.2,1.1,2023-10-27,0645,Aqua,MODIS,77,61.03,298.5,18.8,D,0
-3.4873,105.6295,318.2,1.2,1.1,2023-10-27,0645,Aqua,MODIS,56,61.03,299.6,10.5,D,0
-3.4525,105.8056,331.1,1.2,1.1,2023-10-27,0645,Aqua,MODIS,83,61.03,302.2,25.2,D,0
-3.4791,105.6175,328.9,1.2,1.1,2023-10-27,0645,Aqua,MODIS,81,61.03,300.9,24.6,D,0
-3.4836,105.5857,323.3,1.2,1.1,2023-10-27,0645,Aqua,MODIS,74,61.03,299.7,18.3,D,0
-3.4851,105.5751,322,1.2,1.1,2023-10-27,0645,Aqua,MODIS,73,61.03,298.9,17,D,0
-3.4305,105.8235,331.8,1.2,1.1,2023-10-27,0645,Aqua,MODIS,71,61.03,302.6,24.4,D,0
-3.4463,105.5531,319.5,1.2,1.1,2023-10-27,0645,Aqua,MODIS,33,61.03,296.4,14,D,0
-3.3253,105.4746,337.2,1.2,1.1,2023-10-27,0645,Aqua,MODIS,77,61.03,302.1,42.9,D,0
-3.361,105.0051,336.6,1.3,1.1,2023-10-27,0645,Aqua,MODIS,87,61.03,303.1,36.7,D,0
-3.2717,105.6239,325.9,1.2,1.1,2023-10-27,0645,Aqua,MODIS,66,61.03,299.2,21.9,D,0
-3.3625,104.9999,328.6,1.3,1.1,2023-10-27,0645,Aqua,MODIS,65,61.03,301.2,19.7,D,0
-3.3019,104.9207,331.2,1.3,1.1,2023-10-27,0645,Aqua,MODIS,83,61.03,301.7,32.9,D,0
-3.0225,106.5068,347.6,1.1,1,2023-10-27,0645,Aqua,MODIS,94,61.03,299.8,53.8,D,0
-3.0238,106.4973,317.3,1.1,1,2023-10-27,0645,Aqua,MODIS,62,61.03,297.1,6.7,D,0
-3.2382,104.5662,325,1.4,1.2,2023-10-27,0645,Aqua,MODIS,63,61.03,295.4,22.5,D,0
-3.119,105.3394,318.2,1.2,1.1,2023-10-27,0645,Aqua,MODIS,35,61.03,299.9,11.9,D,0
-2.9989,105.1816,331.5,1.2,1.1,2023-10-27,0645,Aqua,MODIS,58,61.03,302.6,28.1,D,0
-3.0021,105.1595,351.3,1.3,1.1,2023-10-27,0645,Aqua,MODIS,96,61.03,303.6,79.6,D,0
-3.0095,105.0351,332.6,1.3,1.1,2023-10-27,0645,Aqua,MODIS,83,61.03,306.1,27.1,D,0
-3.0111,105.0238,329,1.3,1.1,2023-10-27,0645,Aqua,MODIS,70,61.03,306.6,21.4,D,0
-2.9235,105.2102,333.4,1.2,1.1,2023-10-27,0645,Aqua,MODIS,84,61.03,303,31.7,D,0
-2.9251,105.1992,325.3,1.2,1.1,2023-10-27,0645,Aqua,MODIS,39,61.03,304.6,16.9,D,0
-2.9216,105.1536,327.3,1.2,1.1,2023-10-27,0645,Aqua,MODIS,51,61.03,305.8,20.3,D,0
-2.9231,105.1426,347.4,1.3,1.1,2023-10-27,0645,Aqua,MODIS,94,61.03,307.7,63.1,D,0
-2.9132,105.1412,335.7,1.3,1.1,2023-10-27,0645,Aqua,MODIS,85,61.03,304.5,34.3,D,0
-2.9148,105.1301,333.4,1.3,1.1,2023-10-27,0645,Aqua,MODIS,67,61.03,305.5,28.2,D,0
-2.7817,105.998,338.6,1.1,1.1,2023-10-27,0645,Aqua,MODIS,89,61.03,287.1,43.2,D,0
-2.7831,105.9881,349.3,1.1,1.1,2023-10-27,0645,Aqua,MODIS,95,61.03,289.6,66.8,D,0
-2.622,106.3371,326.3,1.1,1,2023-10-27,0645,Aqua,MODIS,75,61.03,301,16.9,D,0
-2.6148,106.3402,325.4,1.1,1,2023-10-27,0645,Aqua,MODIS,78,61.03,301.5,17.1,D,0
-2.6162,106.3306,318.5,1.1,1,2023-10-27,0645,Aqua,MODIS,51,61.03,301.6,9.3,D,0
-2.6,106.377,365.6,1.1,1,2023-10-27,0645,Aqua,MODIS,100,61.03,306.2,103.5,D,0
-2.6014,106.3675,325.9,1.1,1,2023-10-27,0645,Aqua,MODIS,78,61.03,304,16.8,D,0
-2.5743,106.4897,324.1,1.1,1,2023-10-27,0645,Aqua,MODIS,52,61.03,290.8,16.8,D,0
-2.6005,106.3087,325.8,1.1,1,2023-10-27,0645,Aqua,MODIS,76,61.03,299.9,17.7,D,0
-2.5913,106.3074,333.2,1.1,1,2023-10-27,0645,Aqua,MODIS,85,61.03,298,30.5,D,0
-2.5927,106.2978,317.6,1.1,1,2023-10-27,0645,Aqua,MODIS,52,61.03,296.2,11.4,D,0
-2.49,106.4322,317,1.1,1,2023-10-27,0645,Aqua,MODIS,31,61.03,297.4,5.3,D,0
-2.549,105.4608,318.5,1.2,1.1,2023-10-27,0645,Aqua,MODIS,50,61.03,301.5,11.5,D,0
-2.1978,104.7408,304.1,1.2,1.1,2023-10-27,1907,Aqua,MODIS,59,61.03,291.7,7.1,N,0
-3.2997,105.2225,304,1.4,1.2,2023-10-27,1907,Aqua,MODIS,32,61.03,290.7,8.5,N,0
-3.303,105.0979,305.5,1.4,1.2,2023-10-27,1907,Aqua,MODIS,65,61.03,291.3,11.4,N,0
-3.3222,105.2319,306.5,1.4,1.2,2023-10-27,1907,Aqua,MODIS,68,61.03,292,11.8,N,0
-3.3116,105.0845,315.1,1.4,1.2,2023-10-27,1907,Aqua,MODIS,91,61.03,292.7,21.4,N,0
-3.3133,105.0965,310.9,1.4,1.2,2023-10-27,1907,Aqua,MODIS,81,61.03,291.6,16.5,N,0
-3.3552,105.2398,303,1.4,1.2,2023-10-27,1907,Aqua,MODIS,52,61.03,291.2,8.3,N,0
-3.3422,105.0069,309.3,1.3,1.1,2023-10-27,1907,Aqua,MODIS,77,61.03,292.1,14.7,N,0
-3.3524,105.0055,318.3,1.3,1.1,2023-10-27,1907,Aqua,MODIS,97,61.03,293.1,24.7,N,0
-3.3507,105.0111,314.9,1.3,1.1,2023-10-27,1907,Aqua,MODIS,82,61.03,293.1,19.9,N,0
-3.3609,105.0097,302.1,1.3,1.1,2023-10-27,1907,Aqua,MODIS,42,61.03,291.2,7.7,N,0
-3.4634,105.5805,303,1.5,1.2,2023-10-27,1907,Aqua,MODIS,39,61.03,290.8,8.5,N,0
-3.4741,105.579,305.8,1.5,1.2,2023-10-27,1907,Aqua,MODIS,66,61.03,291.1,11.8,N,0
-3.4678,105.0378,304.9,1.4,1.2,2023-10-27,1907,Aqua,MODIS,62,61.03,290.5,10.7,N,0
-3.4933,104.9249,317.4,1.3,1.1,2023-10-27,1907,Aqua,MODIS,95,61.03,292.5,24.4,N,0
-3.307,105.5876,320.4,2.9,1.6,2023-10-28,0726,Aqua,MODIS,52,61.03,293.3,55.4,D,0
-3.4402,105.8085,323,3,1.7,2023-10-28,0726,Aqua,MODIS,75,61.03,290.3,75.9,D,0
-3.4444,105.782,322.2,3,1.6,2023-10-28,0726,Aqua,MODIS,74,61.03,289,69.1,D,0
-3.4408,105.8035,324,3,1.7,2023-10-28,0726,Aqua,MODIS,76,61.03,291.1,82.7,D,0
-3.4452,105.4862,322,2.8,1.6,2023-10-28,0726,Aqua,MODIS,71,61.03,293.3,52.2,D,0
-3.5066,104.9113,325.1,2.5,1.5,2023-10-28,0726,Aqua,MODIS,73,61.03,295,53.8,D,0
-3.3093,105.6676,323.5,3,1.6,2023-10-28,0726,Aqua,MODIS,75,61.03,282.7,83.9,D,0
-3.3029,105.6134,328.9,2.9,1.6,2023-10-28,0726,Aqua,MODIS,72,61.03,290,96.3,D,0
-3.3092,105.6623,329.7,3,1.6,2023-10-28,0726,Aqua,MODIS,82,61.03,284.5,110,D,0
-3.3025,105.608,333.7,2.9,1.6,2023-10-28,0726,Aqua,MODIS,67,61.03,291.6,120,D,0
-3.3108,105.0803,322.1,2.7,1.6,2023-10-28,0726,Aqua,MODIS,0,61.03,294.5,47.2,D,0
-3.4699,105.5751,304,1.6,1.2,2023-10-28,1442,Terra,MODIS,58,61.03,292,8.3,N,0
-3.4227,105.4921,302.5,1.6,1.2,2023-10-28,1442,Terra,MODIS,50,61.03,289.8,7.5,N,0
-3.4246,105.4782,303.6,1.6,1.2,2023-10-28,1442,Terra,MODIS,56,61.03,290.5,9,N,0
-3.5007,104.9236,326.4,1.7,1.3,2023-10-28,1442,Terra,MODIS,100,61.03,294,54.2,N,0
-3.5028,104.9082,331.5,1.8,1.3,2023-10-28,1442,Terra,MODIS,100,61.03,293.7,68.6,N,0
-3.4042,105.5458,303.6,1.6,1.2,2023-10-28,1442,Terra,MODIS,56,61.03,293,7.8,N,0
-3.4892,104.9221,311.5,1.7,1.3,2023-10-28,1442,Terra,MODIS,83,61.03,292.6,22.1,N,0
-3.4913,104.9067,313,1.8,1.3,2023-10-28,1442,Terra,MODIS,86,61.03,292.8,24.9,N,0
-3.4222,105.2467,311.2,1.6,1.3,2023-10-28,1442,Terra,MODIS,78,61.03,291.3,18.5,N,0
-3.4242,105.2323,308.9,1.6,1.3,2023-10-28,1442,Terra,MODIS,67,61.03,291.6,15.4,N,0
-3.413,105.2307,309.5,1.6,1.3,2023-10-28,1442,Terra,MODIS,73,61.03,292.3,15.7,N,0
-3.3391,105.4321,305.8,1.6,1.2,2023-10-28,1442,Terra,MODIS,66,61.03,290.8,12.6,N,0
-3.3461,105.2156,303.9,1.6,1.3,2023-10-28,1442,Terra,MODIS,17,61.03,291.6,8.3,N,0
-3.3628,105.0072,304.7,1.7,1.3,2023-10-28,1442,Terra,MODIS,35,61.03,292.5,10.6,N,0
-3.3218,105.227,304.4,1.6,1.3,2023-10-28,1442,Terra,MODIS,41,61.03,292.5,9.6,N,0
-3.3514,105.0056,316.4,1.7,1.3,2023-10-28,1442,Terra,MODIS,84,61.03,293.3,28,N,0
-3.34,105.004,306.9,1.7,1.3,2023-10-28,1442,Terra,MODIS,16,61.03,292,12.9,N,0
-3.3219,105.2208,304.4,1.6,1.3,2023-10-28,1442,Terra,MODIS,8,61.03,292.3,9.1,N,0
-3.3531,104.9996,318.4,1.7,1.3,2023-10-28,1442,Terra,MODIS,97,61.03,293.1,32.6,N,0
-3.3417,104.998,308.8,1.7,1.3,2023-10-28,1442,Terra,MODIS,76,61.03,292.2,17.4,N,0
-3.3179,105.086,317.3,1.7,1.3,2023-10-28,1442,Terra,MODIS,95,61.03,292.1,31,N,0
-3.2904,105.2017,303.6,1.6,1.3,2023-10-28,1442,Terra,MODIS,45,61.03,291.5,8.4,N,0
-3.3045,105.0993,308.1,1.7,1.3,2023-10-28,1442,Terra,MODIS,74,61.03,291.6,16.1,N,0
-3.3066,105.0845,318.9,1.7,1.3,2023-10-28,1442,Terra,MODIS,98,61.03,292.6,34.8,N,0
-3.27,105.1842,302.1,1.7,1.3,2023-10-28,1442,Terra,MODIS,46,61.03,291.5,7.2,N,0
-2.8483,106.2493,310.6,1.4,1.2,2023-10-28,1442,Terra,MODIS,80,61.03,292.8,14,N,0
-1.8863,105.8365,314.1,1.1,1.1,2023-10-29,0303,Terra,MODIS,58,61.03,296.7,7.5,D,0
-2.5567,106.0118,325.5,1.2,1.1,2023-10-29,0303,Terra,MODIS,77,61.03,297.7,21.8,D,0
-2.6815,105.294,322,1.1,1,2023-10-29,0303,Terra,MODIS,35,61.03,303.7,12.6,D,0
-2.9892,105.1838,323.6,1.1,1,2023-10-29,0304,Terra,MODIS,58,61.03,304.4,16.1,D,0
-3.4015,105.5519,322.9,1.1,1.1,2023-10-29,0304,Terra,MODIS,73,61.03,302.3,15.1,D,0
-3.4484,105.7423,320.2,1.2,1.1,2023-10-29,0304,Terra,MODIS,46,61.03,302.6,11.9,D,0
-3.4878,105.647,325.3,1.2,1.1,2023-10-29,0304,Terra,MODIS,76,61.03,300.5,16.8,D,0
-3.4946,104.9208,331.8,1.1,1,2023-10-29,0304,Terra,MODIS,76,61.03,299.8,23.2,D,0
-3.4091,105.2402,350.8,2.4,1.5,2023-10-29,0630,Aqua,MODIS,95,61.03,303.4,168.7,D,0
-3.5672,105.7083,320,2.2,1.4,2023-10-29,0630,Aqua,MODIS,31,61.03,302.6,27.6,D,0
-3.541,105.803,318.2,2.2,1.4,2023-10-29,0630,Aqua,MODIS,63,61.03,299.7,22.9,D,0
-3.5341,105.6638,335.2,2.2,1.4,2023-10-29,0630,Aqua,MODIS,78,61.03,301.7,76.6,D,0
-3.5212,105.662,362.5,2.2,1.4,2023-10-29,0630,Aqua,MODIS,100,61.03,302.8,262,D,0
-3.5239,105.6423,331.8,2.2,1.4,2023-10-29,0630,Aqua,MODIS,68,61.03,301,64.2,D,0
-3.5199,105.6769,323.8,2.2,1.4,2023-10-29,0630,Aqua,MODIS,52,61.03,302.3,37.2,D,0
-3.5227,105.6573,370.4,2.2,1.4,2023-10-29,0630,Aqua,MODIS,100,61.03,303.1,344.2,D,0
-3.5064,105.4928,316.8,2.3,1.5,2023-10-29,0630,Aqua,MODIS,65,61.03,299.9,24.4,D,0
-3.5132,105.3473,324.7,2.3,1.5,2023-10-29,0630,Aqua,MODIS,31,61.03,305.6,40,D,0
-3.4477,105.7262,316.5,2.2,1.4,2023-10-29,0630,Aqua,MODIS,25,61.03,299.1,18.4,D,0
-3.4972,105.3662,328.2,2.3,1.5,2023-10-29,0630,Aqua,MODIS,64,61.03,305.4,54.8,D,0
-3.5975,104.6346,316.7,2.7,1.6,2023-10-29,0630,Aqua,MODIS,32,61.03,297.2,33.1,D,0
-3.427,105.7821,317.9,2.2,1.4,2023-10-29,0630,Aqua,MODIS,41,61.03,296.6,19.4,D,0
-3.4296,105.763,350.7,2.2,1.4,2023-10-29,0630,Aqua,MODIS,95,61.03,302,168,D,0
-3.4879,105.2367,344.9,2.4,1.5,2023-10-29,0630,Aqua,MODIS,92,61.03,303.8,138.3,D,0
-3.4908,105.2154,324.6,2.4,1.5,2023-10-29,0630,Aqua,MODIS,46,61.03,304.5,34.4,D,0
-3.4266,105.7751,336.3,2.2,1.4,2023-10-29,0630,Aqua,MODIS,87,61.03,297.9,83.5,D,0
-3.4294,105.756,338.6,2.2,1.4,2023-10-29,0630,Aqua,MODIS,89,61.03,301.5,94.6,D,0
-3.4917,105.2302,338.7,2.4,1.5,2023-10-29,0630,Aqua,MODIS,89,61.03,304,100.9,D,0
-3.4012,105.7716,322.1,2.2,1.4,2023-10-29,0630,Aqua,MODIS,74,61.03,299.7,36.7,D,0
-3.4039,105.7524,315.2,2.2,1.4,2023-10-29,0630,Aqua,MODIS,30,61.03,296.9,17.3,D,0
-3.4784,105.2284,324.5,2.4,1.5,2023-10-29,0630,Aqua,MODIS,74,61.03,302.9,35.1,D,0
-3.4681,105.2053,339.7,2.4,1.5,2023-10-29,0630,Aqua,MODIS,89,61.03,302.8,108.1,D,0
-3.4171,105.473,323.8,2.3,1.5,2023-10-29,0630,Aqua,MODIS,55,61.03,300.4,33.5,D,0
-3.4199,105.4528,326.6,2.3,1.5,2023-10-29,0630,Aqua,MODIS,62,61.03,301.7,40.5,D,0
-3.4608,105.1608,321.5,2.4,1.5,2023-10-29,0630,Aqua,MODIS,58,61.03,300.6,35.5,D,0
-3.4385,105.2228,342.6,2.4,1.5,2023-10-29,0630,Aqua,MODIS,91,61.03,304.8,128.2,D,0
-3.4223,105.2421,343.4,2.4,1.5,2023-10-29,0630,Aqua,MODIS,92,61.03,303.2,120.4,D,0
-3.4252,105.2209,330.4,2.4,1.5,2023-10-29,0630,Aqua,MODIS,52,61.03,303.6,59.1,D,0
-3.4119,105.2191,347.5,2.4,1.5,2023-10-29,0630,Aqua,MODIS,94,61.03,302.2,156.6,D,0
-3.3986,105.2172,333.4,2.4,1.5,2023-10-29,0630,Aqua,MODIS,63,61.03,301.3,73.3,D,0
-3.4268,105.2378,338.2,2.4,1.5,2023-10-29,0630,Aqua,MODIS,88,61.03,303.9,85.2,D,0
-3.4299,105.2167,335.2,2.4,1.5,2023-10-29,0630,Aqua,MODIS,77,61.03,304.4,80.8,D,0
-3.4135,105.2359,362.4,2.4,1.5,2023-10-29,0630,Aqua,MODIS,100,61.03,303.7,274.6,D,0
-3.4166,105.2148,333.5,2.4,1.5,2023-10-29,0630,Aqua,MODIS,65,61.03,302.1,72.7,D,0
-3.4033,105.213,335.3,2.4,1.5,2023-10-29,0630,Aqua,MODIS,62,61.03,301.1,84,D,0
-3.39,105.2111,330.6,2.4,1.5,2023-10-29,0630,Aqua,MODIS,30,61.03,300.5,62.9,D,0
-3.3081,105.6947,323.4,2.2,1.4,2023-10-29,0630,Aqua,MODIS,37,61.03,300.8,36.1,D,0
-3.3164,105.6364,334.4,2.2,1.4,2023-10-29,0630,Aqua,MODIS,86,61.03,301.7,78.6,D,0
-3.3008,105.6541,341.3,2.2,1.4,2023-10-29,0630,Aqua,MODIS,88,61.03,303.4,104.8,D,0
-3.3063,105.615,339.9,2.2,1.4,2023-10-29,0630,Aqua,MODIS,84,61.03,302.4,101.6,D,0
-3.309,105.5954,342.1,2.2,1.4,2023-10-29,0630,Aqua,MODIS,91,61.03,302.2,118.3,D,0
-3.3327,105.3312,337.3,2.3,1.5,2023-10-29,0630,Aqua,MODIS,88,61.03,305.9,101.4,D,0
-3.3195,105.3293,340.1,2.3,1.5,2023-10-29,0630,Aqua,MODIS,90,61.03,307,115.9,D,0
-3.3224,105.3086,341,2.3,1.5,2023-10-29,0630,Aqua,MODIS,90,61.03,306.2,120.1,D,0
-3.3252,105.2878,325.4,2.4,1.5,2023-10-29,0630,Aqua,MODIS,67,61.03,302.9,43.4,D,0
-3.3635,105.0093,320.5,2.5,1.5,2023-10-29,0630,Aqua,MODIS,39,61.03,300.7,29.9,D,0
-3.35,105.0074,321.1,2.5,1.5,2023-10-29,0630,Aqua,MODIS,35,61.03,300.2,31.5,D,0
-3.3224,105.3227,336.6,2.3,1.5,2023-10-29,0630,Aqua,MODIS,88,61.03,307.7,95.1,D,0
-3.3254,105.302,336.3,2.3,1.5,2023-10-29,0630,Aqua,MODIS,87,61.03,305.4,90,D,0
-3.3092,105.3208,321.8,2.3,1.5,2023-10-29,0630,Aqua,MODIS,38,61.03,305,32.8,D,0
-3.3554,105.0012,327.1,2.5,1.5,2023-10-29,0630,Aqua,MODIS,77,61.03,299.9,55.7,D,0
-3.316,105.0846,330.1,2.4,1.5,2023-10-29,0630,Aqua,MODIS,78,61.03,299.9,73.3,D,0
-3.2624,105.272,331.8,2.4,1.5,2023-10-29,0630,Aqua,MODIS,84,61.03,302.3,76.5,D,0
-3.2653,105.2511,321.4,2.4,1.5,2023-10-29,0630,Aqua,MODIS,73,61.03,300.9,37.2,D,0
-3.2831,105.1239,320.6,2.4,1.5,2023-10-29,0630,Aqua,MODIS,60,61.03,298.5,38.8,D,0
-3.2405,105.3323,327.3,2.3,1.5,2023-10-29,0630,Aqua,MODIS,80,61.03,301.2,56.1,D,0
-3.2003,105.2585,323.4,2.4,1.5,2023-10-29,0630,Aqua,MODIS,77,61.03,299.5,47.6,D,0
-3.0337,105.5976,322.1,2.2,1.4,2023-10-29,0630,Aqua,MODIS,26,61.03,297.8,35.3,D,0
-3.0081,105.5939,321.6,2.2,1.4,2023-10-29,0630,Aqua,MODIS,38,61.03,297.6,34.4,D,0
-3.0092,105.5892,318.7,2.2,1.4,2023-10-29,0630,Aqua,MODIS,18,61.03,296.9,26.4,D,0
-3.0035,105.2611,325,2.3,1.5,2023-10-29,0630,Aqua,MODIS,33,61.03,301.3,38.8,D,0
-2.9992,105.1969,333.3,2.4,1.5,2023-10-29,0630,Aqua,MODIS,47,61.03,302.9,77.4,D,0
-3.0021,105.1759,343.7,2.4,1.5,2023-10-29,0630,Aqua,MODIS,92,61.03,301.3,143.4,D,0
-3.0051,105.1549,324.5,2.4,1.5,2023-10-29,0630,Aqua,MODIS,73,61.03,299.3,53.2,D,0
-2.9859,105.195,356.5,2.4,1.5,2023-10-29,0630,Aqua,MODIS,98,61.03,300.6,231.8,D,0
-2.9889,105.174,340.5,2.4,1.5,2023-10-29,0630,Aqua,MODIS,88,61.03,298.2,117.1,D,0
-2.9844,105.1087,327,2.4,1.5,2023-10-29,0630,Aqua,MODIS,36,61.03,297.9,52.1,D,0
-2.9595,105.1912,319.3,2.4,1.5,2023-10-29,0630,Aqua,MODIS,23,61.03,295.3,29.7,D,0
-2.974,105.0855,328.2,2.4,1.5,2023-10-29,0630,Aqua,MODIS,44,61.03,299.3,56.9,D,0
-2.9781,105.0791,333.9,2.4,1.5,2023-10-29,0630,Aqua,MODIS,77,61.03,300,82.7,D,0
-2.7531,106.3734,315.7,1.9,1.3,2023-10-29,0630,Aqua,MODIS,60,61.03,296.6,17.3,D,0
-2.9011,105.2397,317.5,2.3,1.5,2023-10-29,0630,Aqua,MODIS,46,61.03,297.9,27.2,D,0
-2.5869,106.338,312,1.9,1.3,2023-10-29,0630,Aqua,MODIS,42,61.03,290.3,17.1,D,0
-2.5894,106.3212,326.1,1.9,1.3,2023-10-29,0630,Aqua,MODIS,75,61.03,293.9,50.8,D,0
-2.1046,105.9538,328,2,1.4,2023-10-29,0630,Aqua,MODIS,82,61.03,296.7,51,D,0
-2.1072,105.9362,325.4,2,1.4,2023-10-29,0630,Aqua,MODIS,80,61.03,297.4,42.2,D,0
-2.1001,105.899,322.1,2,1.4,2023-10-29,0630,Aqua,MODIS,77,61.03,297.7,38.3,D,0
-3.5645,105.7277,320.5,2.2,1.4,2023-10-29,0630,Aqua,MODIS,42,61.03,303.4,30.7,D,0
-3.4507,105.0575,313.6,1.9,1.3,2023-10-29,1522,Terra,MODIS,87,61.03,293.7,28.1,N,0
-3.4142,105.2226,328.9,1.9,1.4,2023-10-29,1522,Terra,MODIS,100,61.03,295.7,66.6,N,0
-3.4155,105.4949,307.7,2,1.4,2023-10-29,1522,Terra,MODIS,72,61.03,293.3,18.7,N,0
-3.5029,104.9216,318.7,1.8,1.3,2023-10-29,1522,Terra,MODIS,97,61.03,295.4,38.6,N,0
-3.5053,104.9057,311.3,1.8,1.3,2023-10-29,1522,Terra,MODIS,82,61.03,294.1,23.5,N,0
-3.4246,105.4907,304.6,2,1.4,2023-10-29,1522,Terra,MODIS,58,61.03,293.1,13.7,N,0
-3.5072,104.9167,305.4,1.8,1.3,2023-10-29,1522,Terra,MODIS,47,61.03,293.8,13.8,N,0
-3.4123,105.4888,314.4,2,1.4,2023-10-29,1522,Terra,MODIS,89,61.03,294.1,32.7,N,0
-3.4932,104.9309,315.3,1.8,1.3,2023-10-29,1522,Terra,MODIS,91,61.03,294.5,30.4,N,0
-3.4955,104.9149,373.9,1.8,1.3,2023-10-29,1522,Terra,MODIS,100,61.03,302.7,309.1,N,0
-3.4978,104.8989,347.3,1.8,1.3,2023-10-29,1522,Terra,MODIS,100,61.03,296.6,132.9,N,0
-3.4839,104.9132,305.7,1.8,1.3,2023-10-29,1522,Terra,MODIS,65,61.03,293.4,14.5,N,0
-3.4237,105.2414,317.4,1.9,1.4,2023-10-29,1522,Terra,MODIS,95,61.03,294.3,37.4,N,0
-3.4262,105.2244,304.2,1.9,1.4,2023-10-29,1522,Terra,MODIS,40,61.03,293.5,12.5,N,0
-3.4117,105.2396,352.9,1.9,1.4,2023-10-29,1522,Terra,MODIS,100,61.03,297.8,175,N,0
-3.4279,105.8348,315.2,2.2,1.4,2023-10-29,1522,Terra,MODIS,91,61.03,294.3,36.7,N,0
-3.4389,105.0557,307.8,1.9,1.3,2023-10-29,1522,Terra,MODIS,72,61.03,292.3,17.8,N,0
-3.3997,105.2378,310.8,1.9,1.4,2023-10-29,1522,Terra,MODIS,74,61.03,293.2,20.2,N,0
-3.3228,105.2198,313.4,1.9,1.4,2023-10-29,1522,Terra,MODIS,19,61.03,294,25.8,N,0
-3.3548,105.0031,324,1.9,1.3,2023-10-29,1522,Terra,MODIS,100,61.03,294.8,53.5,N,0
-3.343,105.0013,319.2,1.9,1.3,2023-10-29,1522,Terra,MODIS,98,61.03,294,41.3,N,0
-3.2893,105.1974,309,1.9,1.4,2023-10-29,1522,Terra,MODIS,41,61.03,292.6,19,N,0
-3.3045,105.0967,306.5,1.9,1.3,2023-10-29,1522,Terra,MODIS,46,61.03,292,16.1,N,0
-3.2962,105.1926,306.9,1.9,1.4,2023-10-29,1522,Terra,MODIS,28,61.03,292.5,15.4,N,0
-3.3106,105.0918,309.7,1.9,1.3,2023-10-29,1522,Terra,MODIS,18,61.03,292.5,19.7,N,0
-3.4182,105.4772,314.5,2,1.4,2023-10-29,1522,Terra,MODIS,89,61.03,293.7,33,N,0
-3.2559,105.2744,304.9,1,1,2023-10-29,1852,Aqua,MODIS,62,61.03,291,6.4,N,0
-3.2694,105.182,301.4,1,1,2023-10-29,1852,Aqua,MODIS,18,61.03,291.1,3.5,N,0
-3.2708,105.1909,305.1,1,1,2023-10-29,1852,Aqua,MODIS,58,61.03,292.2,5.5,N,0
-3.2899,105.1972,305.2,1,1,2023-10-29,1852,Aqua,MODIS,26,61.03,291,5.4,N,0
-3.2912,105.206,319.9,1,1,2023-10-29,1852,Aqua,MODIS,99,61.03,292,16.8,N,0
-3.3169,105.3131,301.9,1,1,2023-10-29,1852,Aqua,MODIS,45,61.03,290.9,4.3,N,0
-3.3126,105.2233,304.3,1,1,2023-10-29,1852,Aqua,MODIS,16,61.03,291.1,4.7,N,0
-3.3215,105.222,313.7,1,1,2023-10-29,1852,Aqua,MODIS,71,61.03,294.2,10.6,N,0
-3.3291,105.2119,314.4,1,1,2023-10-29,1852,Aqua,MODIS,59,61.03,291.2,11.1,N,0
-3.3304,105.2207,319.3,1,1,2023-10-29,1852,Aqua,MODIS,85,61.03,294.3,15,N,0
-3.4303,105.8314,303.2,1,1,2023-10-29,1852,Aqua,MODIS,28,61.03,291.5,4,N,0
-3.4316,105.8404,307,1,1,2023-10-29,1852,Aqua,MODIS,68,61.03,292.6,5.9,N,0
-3.3509,105.2359,319.8,1,1,2023-10-29,1852,Aqua,MODIS,98,61.03,295.7,15.7,N,0
-3.3344,105.0028,305.8,1,1,2023-10-29,1852,Aqua,MODIS,66,61.03,293.6,6.4,N,0
-3.3357,105.0117,308,1,1,2023-10-29,1852,Aqua,MODIS,73,61.03,293.3,7.9,N,0
-3.4056,105.4812,309.7,1,1,2023-10-29,1852,Aqua,MODIS,37,61.03,294.5,7.4,N,0
-3.4069,105.49,342.1,1,1,2023-10-29,1852,Aqua,MODIS,100,61.03,299,45.5,N,0
-3.3433,105.0015,337.3,1,1,2023-10-29,1852,Aqua,MODIS,100,61.03,295.4,38.2,N,0
-3.3446,105.0104,330.3,1,1,2023-10-29,1852,Aqua,MODIS,100,61.03,296,28.4,N,0
-3.3816,105.2586,310.2,1,1,2023-10-29,1852,Aqua,MODIS,43,61.03,292.6,8.3,N,0
-3.4158,105.4887,352.5,1,1,2023-10-29,1852,Aqua,MODIS,100,61.03,299.9,66.3,N,0
-3.3522,105.0002,318.6,1,1,2023-10-29,1852,Aqua,MODIS,97,61.03,293,15.4,N,0
-3.3535,105.0091,334.2,1,1,2023-10-29,1852,Aqua,MODIS,100,61.03,296.4,33.7,N,0
-3.4247,105.4874,319.1,1,1,2023-10-29,1852,Aqua,MODIS,98,61.03,294.6,15.5,N,0
-3.399,105.2412,315.6,1,1,2023-10-29,1852,Aqua,MODIS,75,61.03,292.9,12.6,N,0
-3.4066,105.231,327.7,1,1,2023-10-29,1852,Aqua,MODIS,100,61.03,292.4,23.9,N,0
-3.4079,105.2399,368.9,1,1,2023-10-29,1852,Aqua,MODIS,100,61.03,301.2,110.5,N,0
-3.4092,105.2488,335,1,1,2023-10-29,1852,Aqua,MODIS,100,61.03,296.8,33.7,N,0
-3.4168,105.2386,321.4,1,1,2023-10-29,1852,Aqua,MODIS,90,61.03,293.5,16.6,N,0
-3.4181,105.2475,321.1,1,1,2023-10-29,1852,Aqua,MODIS,63,61.03,295.2,16.5,N,0
-3.426,105.3006,303.9,1,1,2023-10-29,1852,Aqua,MODIS,58,61.03,293.6,5.2,N,0
-3.427,105.2462,309.6,1,1,2023-10-29,1852,Aqua,MODIS,57,61.03,293.9,8.3,N,0
-3.4452,105.0625,338.2,1,1,2023-10-29,1852,Aqua,MODIS,100,61.03,296.6,38.9,N,0
-3.4478,105.0803,309.9,1,1,2023-10-29,1852,Aqua,MODIS,51,61.03,294.3,8.3,N,0
-3.4567,105.079,321.7,1,1,2023-10-29,1852,Aqua,MODIS,93,61.03,294.2,17.6,N,0
-3.5131,105.2089,306.4,1,1,2023-10-29,1852,Aqua,MODIS,68,61.03,293.1,6.8,N,0
-3.5144,105.2178,306.9,1,1,2023-10-29,1852,Aqua,MODIS,70,61.03,293.8,7.1,N,0
-3.4859,104.9047,324.6,1,1,2023-10-29,1852,Aqua,MODIS,100,61.03,294.8,21.5,N,0
-3.4873,104.9136,380.7,1,1,2023-10-29,1852,Aqua,MODIS,100,61.03,304,155.9,N,0
-3.4886,104.9225,363.9,1,1,2023-10-29,1852,Aqua,MODIS,100,61.03,303.8,96.2,N,0
-3.4899,104.9314,329.3,1,1,2023-10-29,1852,Aqua,MODIS,100,61.03,297.7,26.8,N,0
-3.4949,104.9035,321.9,1,1,2023-10-29,1852,Aqua,MODIS,100,61.03,293.4,18.9,N,0
-3.4962,104.9123,363.3,1,1,2023-10-29,1852,Aqua,MODIS,100,61.03,300.7,94.7,N,0
-3.4975,104.9212,351.7,1,1,2023-10-29,1852,Aqua,MODIS,100,61.03,300.7,65.2,N,0
-3.4988,104.9301,304.5,1,1,2023-10-29,1852,Aqua,MODIS,57,61.03,294.3,4.9,N,0
-3.4849,105.5826,321.8,1.5,1.2,2023-10-30,0711,Aqua,MODIS,63,61.03,298.9,17.6,D,0
-3.4808,105.5754,328.6,1.5,1.2,2023-10-30,0711,Aqua,MODIS,64,61.03,298.4,30.1,D,0
-3.5975,105.4804,328.4,1.4,1.2,2023-10-30,0711,Aqua,MODIS,66,61.03,298.5,27.4,D,0
-3.2894,105.1962,302.3,3.6,1.8,2023-10-30,1425,Terra,MODIS,40,61.03,285.7,23.7,N,0
-3.331,105.2072,305.4,3.6,1.8,2023-10-30,1425,Terra,MODIS,64,61.03,287.8,33.4,N,0
-3.3174,105.4233,300.1,3.4,1.7,2023-10-30,1425,Terra,MODIS,8,61.03,286.5,23.3,N,0
-3.4039,105.2238,303.5,3.6,1.8,2023-10-30,1425,Terra,MODIS,30,61.03,288.7,22.8,N,0
-3.4195,105.2259,305.9,3.6,1.8,2023-10-30,1425,Terra,MODIS,66,61.03,289.3,33.7,N,0
-3.4951,104.9084,335.9,3.8,1.8,2023-10-30,1425,Terra,MODIS,100,61.03,282.5,263,N,0
-3.4872,104.9124,338.9,3.8,1.8,2023-10-30,1425,Terra,MODIS,100,61.03,281.4,292.8,N,0
-3.4915,104.879,308.6,3.8,1.8,2023-10-30,1425,Terra,MODIS,28,61.03,286.1,58.7,N,0
-3.4399,105.7486,306.2,3.2,1.7,2023-10-30,1425,Terra,MODIS,67,61.03,288.2,35.7,N,0
-3.4082,105.2361,309.8,1.1,1,2023-10-31,1506,Terra,MODIS,78,61.03,279.7,10.4,N,0
-3.4095,105.2268,302.1,1.1,1,2023-10-31,1506,Terra,MODIS,35,61.03,281.2,5,N,0
-3.3332,105.1154,304.6,1,1,2023-10-31,1506,Terra,MODIS,61,61.03,271,7.9,N,0
-3.2929,105.2041,301.5,1.1,1,2023-10-31,1506,Terra,MODIS,41,61.03,276.1,5.8,N,0
-3.0761,105.2368,314,1.1,1,2023-10-31,1506,Terra,MODIS,88,61.03,290.1,12.5,N,0
-3.0774,105.2274,311.2,1.1,1,2023-10-31,1506,Terra,MODIS,82,61.03,290.3,10.1,N,0
-3.0672,105.2388,314.2,1.1,1,2023-10-31,1506,Terra,MODIS,89,61.03,285,13.6,N,0
-3.0685,105.2294,333.4,1.1,1,2023-10-31,1506,Terra,MODIS,100,61.03,291.2,36.7,N,0
-2.6279,105.3436,304.9,1.1,1,2023-10-31,1506,Terra,MODIS,62,61.03,286.2,5.9,N,0
-2.4105,105.378,302.4,1.1,1,2023-10-31,1506,Terra,MODIS,49,61.03,283.2,4.6,N,0
-3.3477,105.0058,309,2.9,1.6,2023-11-01,0328,Terra,MODIS,32,61.03,279,18.6,D,0
-3.4081,105.233,309.4,3,1.6,2023-11-01,0328,Terra,MODIS,26,61.03,285.5,20.7,D,0
-3.5153,104.8952,304.3,2.8,1.6,2023-11-01,0328,Terra,MODIS,0,61.03,270.6,13.9,D,0
-3.5656,105.5904,324.2,1,1,2023-11-01,0656,Aqua,MODIS,79,61.03,289.3,15.1,D,0
-3.4971,104.9157,327.5,1,1,2023-11-01,0656,Aqua,MODIS,80,61.03,299.6,16.2,D,0
-3.4882,104.9144,358,1,1,2023-11-01,0656,Aqua,MODIS,99,61.03,302.4,71.1,D,0
-3.4784,104.6663,331.6,1,1,2023-11-01,0656,Aqua,MODIS,80,61.03,291.7,26.4,D,0
-2.995,106.7904,337.1,1.1,1,2023-11-01,0656,Aqua,MODIS,76,61.03,298.7,33,D,0
-2.9964,106.781,316.8,1.1,1,2023-11-01,0656,Aqua,MODIS,0,61.03,297,6.9,D,0
-3.2275,104.6753,337,1,1,2023-11-01,0656,Aqua,MODIS,88,61.03,298.2,28.1,D,0
-3.2186,104.674,329.9,1,1,2023-11-01,0656,Aqua,MODIS,82,61.03,300.1,18.1,D,0
-3.2199,104.6651,323.7,1,1,2023-11-01,0656,Aqua,MODIS,47,61.03,299.5,11.4,D,0
-2.9009,106.7991,314.9,1.1,1,2023-11-01,0656,Aqua,MODIS,40,61.03,295.1,6.7,D,0
-3.1751,104.6586,327.5,1,1,2023-11-01,0656,Aqua,MODIS,73,61.03,300.5,13.4,D,0
-3.0729,105.2373,328.6,1,1,2023-11-01,0656,Aqua,MODIS,71,61.03,300.2,15.6,D,0
-3.0742,105.2285,349.2,1,1,2023-11-01,0656,Aqua,MODIS,95,61.03,306.8,49.9,D,0
-3.0653,105.2272,324.1,1,1,2023-11-01,0656,Aqua,MODIS,58,61.03,302,11.1,D,0
-3.0551,105.2347,330.2,1,1,2023-11-01,0656,Aqua,MODIS,78,61.03,300,16.7,D,0
-3.0564,105.2259,339.2,1,1,2023-11-01,0656,Aqua,MODIS,89,61.03,302.9,30.6,D,0
-2.84,106.5258,330.5,1,1,2023-11-01,0656,Aqua,MODIS,65,61.03,304.7,18.6,D,0
-3.0477,105.0346,320.4,1,1,2023-11-01,0656,Aqua,MODIS,45,61.03,297.7,8.5,D,0
-3.049,105.0257,323.6,1,1,2023-11-01,0656,Aqua,MODIS,64,61.03,296.6,10.4,D,0
-3.0068,105.1915,330,1,1,2023-11-01,0656,Aqua,MODIS,36,61.03,299.9,17.2,D,0
-2.8168,106.4309,327.6,1,1,2023-11-01,0656,Aqua,MODIS,79,61.03,298.5,17.3,D,0
-2.8181,106.4217,320.8,1,1,2023-11-01,0656,Aqua,MODIS,69,61.03,300.7,9.7,D,0
-2.9665,105.2063,332,1,1,2023-11-01,0656,Aqua,MODIS,68,61.03,297.3,22.9,D,0
-2.9576,105.205,325,1,1,2023-11-01,0656,Aqua,MODIS,43,61.03,297.9,14.9,D,0
-2.742,106.562,323,1.1,1,2023-11-01,0656,Aqua,MODIS,73,61.03,300.5,11.9,D,0
-2.7433,106.5527,342.4,1.1,1,2023-11-01,0656,Aqua,MODIS,91,61.03,301.7,40.8,D,0
-2.7637,106.4136,324.6,1,1,2023-11-01,0656,Aqua,MODIS,75,61.03,302.7,11.4,D,0
-2.7329,106.5606,338.3,1.1,1,2023-11-01,0656,Aqua,MODIS,88,61.03,301.6,32.2,D,0
-2.7342,106.5513,337.9,1.1,1,2023-11-01,0656,Aqua,MODIS,88,61.03,300.9,31.2,D,0
-2.7356,106.542,327.4,1.1,1,2023-11-01,0656,Aqua,MODIS,76,61.03,299,15.3,D,0
-2.9348,105.1113,333.1,1,1,2023-11-01,0656,Aqua,MODIS,37,61.03,305.3,20.4,D,0
-2.7066,106.5605,323.2,1.1,1,2023-11-01,0656,Aqua,MODIS,71,61.03,301.2,11.1,D,0
-2.7079,106.5512,318,1.1,1,2023-11-01,0656,Aqua,MODIS,45,61.03,300.5,5.5,D,0
-2.6894,106.6152,322.4,1.1,1,2023-11-01,0656,Aqua,MODIS,62,61.03,302.4,8.5,D,0
-2.7109,106.4662,329.5,1,1,2023-11-01,0656,Aqua,MODIS,80,61.03,300,19.3,D,0
-2.7163,106.4292,336.7,1,1,2023-11-01,0656,Aqua,MODIS,87,61.03,299.6,30,D,0
-2.8878,105.2434,328.6,1,1,2023-11-01,0656,Aqua,MODIS,80,61.03,292.8,19.8,D,0
-2.7831,105.5268,324.8,1,1,2023-11-01,0656,Aqua,MODIS,49,61.03,307.7,13.9,D,0
-2.8267,105.2254,320.9,1,1,2023-11-01,0656,Aqua,MODIS,48,61.03,298.2,10.6,D,0
-2.7973,105.3659,322.2,1,1,2023-11-01,0656,Aqua,MODIS,47,61.03,304.5,9.9,D,0
-2.8106,105.1985,313.3,1,1,2023-11-01,0656,Aqua,MODIS,0,61.03,290.8,7,D,0
-2.728,105.2045,324.3,1,1,2023-11-01,0656,Aqua,MODIS,57,61.03,306.1,11.9,D,0
-2.7142,105.1063,322.2,1,1,2023-11-01,0656,Aqua,MODIS,43,61.03,300.3,12.2,D,0
-2.7168,105.0886,326.2,1,1,2023-11-01,0656,Aqua,MODIS,66,61.03,295.6,15.9,D,0
-2.6262,105.3377,314.4,1,1,2023-11-01,0656,Aqua,MODIS,26,61.03,284.3,7.4,D,0
-2.3419,106.0878,315.7,1,1,2023-11-01,0656,Aqua,MODIS,64,61.03,298.5,4.8,D,0
-2.215,105.9459,319.8,1,1,2023-11-01,0657,Aqua,MODIS,62,61.03,299.4,9.6,D,0
-3.3348,105.129,307.6,1.2,1.1,2023-11-02,1449,Terra,MODIS,37,61.03,290.3,8.6,N,0
-3.3364,105.118,327.2,1.2,1.1,2023-11-02,1449,Terra,MODIS,100,61.03,290.5,33.1,N,0
-3.2969,105.3327,308.3,1.2,1.1,2023-11-02,1449,Terra,MODIS,74,61.03,291.6,9.3,N,0
-3.3265,105.1167,313.2,1.2,1.1,2023-11-02,1449,Terra,MODIS,77,61.03,289.5,13.7,N,0
-3.3432,104.995,301.8,1.3,1.1,2023-11-02,1449,Terra,MODIS,19,61.03,285.2,5.4,N,0
-3.3167,105.1153,306.9,1.2,1.1,2023-11-02,1449,Terra,MODIS,50,61.03,289.6,8,N,0
-3.3182,105.1043,304.7,1.2,1.1,2023-11-02,1449,Terra,MODIS,22,61.03,289.8,6,N,0
-3.2951,105.2011,326.4,1.2,1.1,2023-11-02,1449,Terra,MODIS,100,61.03,293.5,29.9,N,0
-3.2966,105.1903,309.1,1.2,1.1,2023-11-02,1449,Terra,MODIS,14,61.03,292.1,8.7,N,0
-3.2739,105.1919,308,1.2,1.1,2023-11-02,1449,Terra,MODIS,24,61.03,291.9,7.9,N,0
-3.2754,105.181,314.2,1.2,1.1,2023-11-02,1449,Terra,MODIS,87,61.03,291.5,14.4,N,0
-2.9832,106.8062,303.3,1,1,2023-11-02,1449,Terra,MODIS,49,61.03,288.7,4.4,N,0
-2.9844,106.797,303.9,1,1,2023-11-02,1449,Terra,MODIS,53,61.03,288.2,4.7,N,0
-3.0732,105.2395,301.2,1.2,1.1,2023-11-02,1449,Terra,MODIS,33,61.03,287.5,4,N,0
-3.0747,105.2288,311.2,1.2,1.1,2023-11-02,1449,Terra,MODIS,82,61.03,290.9,12.8,N,0
-2.4088,105.3829,305.5,1.2,1.1,2023-11-02,1449,Terra,MODIS,65,61.03,289.8,6,N,0
-3.417,105.4843,313.3,1.2,1.1,2023-11-02,1449,Terra,MODIS,87,61.03,294.8,13.2,N,0
-3.4074,105.483,310.6,1.2,1.1,2023-11-02,1449,Terra,MODIS,81,61.03,294.5,10.6,N,0
-3.4863,104.9177,311.3,1.3,1.1,2023-11-02,1449,Terra,MODIS,82,61.03,272.6,16.6,N,0
-3.4878,104.9064,333.2,1.3,1.1,2023-11-02,1449,Terra,MODIS,100,61.03,273.1,49.7,N,0
-3.3588,105.243,303.8,1.2,1.1,2023-11-02,1449,Terra,MODIS,57,61.03,288.6,6.3,N,0
-3.3604,105.2323,307.2,1.2,1.1,2023-11-02,1449,Terra,MODIS,65,61.03,290.3,8.5,N,0
-3.3634,105.2106,305.8,1.2,1.1,2023-11-02,1449,Terra,MODIS,48,61.03,291.9,7,N,0
-3.3649,105.1998,305.5,1.2,1.1,2023-11-02,1449,Terra,MODIS,64,61.03,291.6,7.1,N,0
-3.3142,105.4214,305.3,1.2,1.1,2023-11-02,1449,Terra,MODIS,64,61.03,293.9,6.9,N,0
-3.3157,105.4108,304.9,1.2,1.1,2023-11-02,1449,Terra,MODIS,62,61.03,293.9,6.5,N,0
-3.306,105.4095,311.1,1.2,1.1,2023-11-02,1449,Terra,MODIS,82,61.03,293.8,11.2,N,0
-3.3229,105.216,303.2,1.2,1.1,2023-11-02,1449,Terra,MODIS,4,61.03,291.1,4.7,N,0
-3.328,105.1192,303.2,2.9,1.6,2023-11-02,1822,Aqua,MODIS,54,61.03,290.4,22.8,N,0
-3.4811,104.9232,306.9,3,1.6,2023-11-02,1822,Aqua,MODIS,49,61.03,289.7,37.7,N,0
-3.4831,104.9177,308.4,3,1.6,2023-11-02,1822,Aqua,MODIS,61,61.03,289.7,43.4,N,0
-2.7784,105.6344,322.2,1.5,1.2,2023-11-03,0311,Terra,MODIS,38,61.03,299.7,24.1,D,0
-2.8904,105.1977,314.7,1.4,1.2,2023-11-03,0311,Terra,MODIS,54,61.03,294.4,11.9,D,0
-2.8921,105.2098,322.6,1.4,1.2,2023-11-03,0311,Terra,MODIS,72,61.03,293.1,23.4,D,0
-3.0021,105.2635,315.5,1.4,1.2,2023-11-03,0311,Terra,MODIS,24,61.03,295,10.8,D,0
-3.0518,105.6185,321.1,1.5,1.2,2023-11-03,0311,Terra,MODIS,74,61.03,298.3,23.4,D,0
-3.023,105.3364,315,1.4,1.2,2023-11-03,0311,Terra,MODIS,44,61.03,297.4,11.1,D,0
-3.0793,105.2339,313.4,1.4,1.2,2023-11-03,0311,Terra,MODIS,31,61.03,293.9,8.7,D,0
-3.2769,105.182,313.6,1.4,1.2,2023-11-03,0311,Terra,MODIS,33,61.03,295.3,9.1,D,0
-3.3285,105.1193,315.6,1.4,1.2,2023-11-03,0311,Terra,MODIS,44,61.03,294.1,11.1,D,0
-3.3388,105.1179,313.4,1.4,1.2,2023-11-03,0311,Terra,MODIS,21,61.03,294.1,8.5,D,0
-3.4012,105.2601,321.6,1.4,1.2,2023-11-03,0311,Terra,MODIS,38,61.03,299.2,19.4,D,0
-3.5598,105.6527,321.4,1.5,1.2,2023-11-03,0311,Terra,MODIS,37,61.03,298,19.2,D,0
-2.8068,105.2118,329.1,1.4,1.2,2023-11-03,0641,Aqua,MODIS,78,61.03,296.1,34.9,D,0
-2.7959,105.3622,319.8,1.4,1.2,2023-11-03,0641,Aqua,MODIS,23,61.03,301.9,13.7,D,0
-2.9591,105.2071,320.3,1.4,1.2,2023-11-03,0641,Aqua,MODIS,35,61.03,297.3,15.4,D,0
-3.0394,105.0221,328.8,1.5,1.2,2023-11-03,0641,Aqua,MODIS,79,61.03,299.8,23.8,D,0
-3.05,105.0236,324.9,1.5,1.2,2023-11-03,0641,Aqua,MODIS,38,61.03,301,18.4,D,0
-3.0481,105.0366,325.9,1.5,1.2,2023-11-03,0641,Aqua,MODIS,61,61.03,302,22.6,D,0
-3.0794,105.2297,323,1.4,1.2,2023-11-03,0641,Aqua,MODIS,75,61.03,299.7,21.3,D,0
-3.0663,105.6156,320.2,1.3,1.1,2023-11-03,0641,Aqua,MODIS,29,61.03,299.5,13.2,D,0
-3.3392,105.1154,324.3,1.5,1.2,2023-11-03,0641,Aqua,MODIS,77,61.03,296.6,23.4,D,0
-3.309,105.4088,318.2,1.4,1.2,2023-11-03,0641,Aqua,MODIS,37,61.03,297,14,D,0
-3.4918,104.9127,330.4,1.5,1.2,2023-11-03,0641,Aqua,MODIS,82,61.03,297.7,35,D,0
-3.4364,105.3046,321.3,1.4,1.2,2023-11-03,0641,Aqua,MODIS,31,61.03,298.9,14.5,D,0
-3.0687,105.2328,309.9,1.2,1.1,2023-11-03,1904,Aqua,MODIS,79,61.03,292.8,11.3,N,0
-3.0703,105.2434,302.6,1.2,1.1,2023-11-03,1904,Aqua,MODIS,50,61.03,292.2,5.1,N,0
-3.2908,105.3372,302.5,1.2,1.1,2023-11-03,1904,Aqua,MODIS,50,61.03,290,6.3,N,0
-3.3017,105.4138,302.3,1.2,1.1,2023-11-03,1904,Aqua,MODIS,48,61.03,284.4,6.5,N,0
-3.2789,105.1849,302.3,1.2,1.1,2023-11-03,1904,Aqua,MODIS,11,61.03,290.4,4.6,N,0
-3.2804,105.1956,306.4,1.2,1.1,2023-11-03,1904,Aqua,MODIS,27,61.03,291.8,7.3,N,0
-3.2901,105.1942,308.3,1.2,1.1,2023-11-03,1904,Aqua,MODIS,33,61.03,292,8.9,N,0
-3.2917,105.2049,320.8,1.2,1.1,2023-11-03,1904,Aqua,MODIS,100,61.03,292.8,22.3,N,0
-3.3053,105.0945,307.1,1.2,1.1,2023-11-03,1904,Aqua,MODIS,68,61.03,292.2,7.7,N,0
-3.3181,105.1143,315,1.2,1.1,2023-11-03,1904,Aqua,MODIS,90,61.03,291.9,14.9,N,0
-3.3293,105.1235,318.7,1.2,1.1,2023-11-03,1904,Aqua,MODIS,97,61.03,292,20.3,N,0
-3.3565,105.2395,302.4,1.2,1.1,2023-11-03,1904,Aqua,MODIS,33,61.03,291.1,5.3,N,0
-3.3589,105.2433,303.2,1.2,1.1,2023-11-03,1904,Aqua,MODIS,54,61.03,291.2,6.3,N,0
-3.3447,105.0071,303,1.2,1.1,2023-11-03,1904,Aqua,MODIS,52,61.03,291.9,5,N,0
-3.4146,105.4928,303.3,1.3,1.1,2023-11-03,1904,Aqua,MODIS,24,61.03,291.9,5.9,N,0
-3.3544,105.0057,304.9,1.2,1.1,2023-11-03,1904,Aqua,MODIS,62,61.03,291.9,6.4,N,0
-3.4817,104.9077,310.1,1.2,1.1,2023-11-03,1904,Aqua,MODIS,79,61.03,292.8,11.5,N,0
-3.4832,104.9181,312.7,1.2,1.1,2023-11-03,1904,Aqua,MODIS,85,61.03,292.5,14.1,N,0
-3.4602,105.729,308.5,2.3,1.5,2023-11-04,1432,Terra,MODIS,57,61.03,281.7,28,N,0
-3.4619,105.7238,313.7,2.3,1.5,2023-11-04,1432,Terra,MODIS,83,61.03,280.8,42,N,0
-2.8444,106.516,300.3,1.9,1.4,2023-11-04,1432,Terra,MODIS,24,61.03,279.9,9.2,N,0
-3.467,105.7309,338,1,1,2023-11-05,0254,Terra,MODIS,73,61.03,302.9,29.3,D,0
-2.5659,106.761,328.6,1,1,2023-11-05,0254,Terra,MODIS,72,61.03,297.5,19.5,D,0
-2.5462,106.4982,320.2,1,1,2023-11-05,0254,Terra,MODIS,62,61.03,297.7,10,D,0
-2.5475,106.5071,325.5,1,1,2023-11-05,0254,Terra,MODIS,79,61.03,297.6,15.7,D,0
-2.4301,104.6261,325,1,1,2023-11-05,0254,Terra,MODIS,20,61.03,299.7,11.8,D,0
-3.0728,105.2358,321.2,1,1,2023-11-05,0254,Terra,MODIS,70,61.03,299.4,10.5,D,0
-3.4132,105.4859,319.9,1,1,2023-11-05,0254,Terra,MODIS,39,61.03,298.1,7.4,D,0
-3.4221,105.4847,322.1,1,1,2023-11-05,0254,Terra,MODIS,56,61.03,297.6,8.9,D,0
-3.5589,105.7296,330,1,1,2023-11-05,0254,Terra,MODIS,44,61.03,305.4,18.8,D,0
-3.4452,104.6938,324.3,1,1,2023-11-05,0254,Terra,MODIS,58,61.03,301.8,10.9,D,0
-3.4823,105.7152,322,2.6,1.6,2023-11-05,0626,Aqua,MODIS,65,61.03,294.7,42.6,D,0
-3.4727,105.7306,341.2,2.6,1.6,2023-11-05,0626,Aqua,MODIS,91,61.03,297.1,144.5,D,0
-3.4759,105.7076,343.1,2.6,1.6,2023-11-05,0626,Aqua,MODIS,92,61.03,295.2,158,D,0
-3.4589,105.7287,324.5,2.6,1.6,2023-11-05,0626,Aqua,MODIS,67,61.03,295.4,53.3,D,0
-3.4621,105.7057,318.1,2.6,1.6,2023-11-05,0626,Aqua,MODIS,25,61.03,293.6,28.6,D,0
-2.3742,104.5748,310.4,3.1,1.7,2023-11-05,0627,Aqua,MODIS,15,61.03,288.6,23.9,D,0
-3.4678,105.732,308,1.4,1.2,2023-11-05,1513,Terra,MODIS,44,61.03,284.3,11.9,N,0
-3.4696,105.7196,330.9,1.4,1.2,2023-11-05,1513,Terra,MODIS,100,61.03,287.7,47.7,N,0
-3.4574,105.7305,312.5,1.4,1.2,2023-11-05,1513,Terra,MODIS,70,61.03,286.5,16.8,N,0
-3.4592,105.7181,376.6,1.4,1.2,2023-11-05,1513,Terra,MODIS,100,61.03,293,228.2,N,0
-3.461,105.7057,320.6,1.4,1.2,2023-11-05,1513,Terra,MODIS,100,61.03,285.8,27.7,N,0
-3.4822,104.9184,308.7,1.2,1.1,2023-11-05,1513,Terra,MODIS,75,61.03,286.6,10.9,N,0
-3.4838,104.9075,308.7,1.2,1.1,2023-11-05,1513,Terra,MODIS,75,61.03,286.7,11,N,0
-3.3309,105.1186,301.8,1.3,1.1,2023-11-05,1513,Terra,MODIS,44,61.03,282.7,5.8,N,0
-3.4083,105.4858,304.3,1,1,2023-11-05,1849,Aqua,MODIS,52,61.03,291.4,4.3,N,0
-3.4189,105.4877,306.9,1,1,2023-11-05,1849,Aqua,MODIS,70,61.03,291.5,6.8,N,0
-3.454,105.7209,344.2,1,1,2023-11-05,1849,Aqua,MODIS,100,61.03,294.6,50,N,0
-3.4553,105.7298,313,1,1,2023-11-05,1849,Aqua,MODIS,36,61.03,291.3,10.1,N,0
-3.4793,104.9112,304.7,1.1,1,2023-11-05,1849,Aqua,MODIS,61,61.03,290.9,5.5,N,0
-3.4807,104.9205,316.2,1.1,1,2023-11-05,1849,Aqua,MODIS,93,61.03,291.3,14.4,N,0
-2.5611,105.4257,311.9,4.2,1.9,2023-11-06,0334,Terra,MODIS,58,61.03,288.9,44.1,D,0
-3.1494,105.4564,308.5,4.3,1.9,2023-11-06,0335,Terra,MODIS,43,61.03,287.4,41.3,D,0
-3.4758,105.751,343.2,1.3,1.1,2023-11-06,0708,Aqua,MODIS,75,61.03,289,54.9,D,0
-3.4708,105.715,345.2,1.3,1.1,2023-11-06,0708,Aqua,MODIS,92,61.03,285.2,64.5,D,0
-3.4608,105.7135,329.7,1.3,1.1,2023-11-06,0708,Aqua,MODIS,37,61.03,284.9,29.4,D,0
-3.4168,105.8012,330.9,1.3,1.1,2023-11-06,0708,Aqua,MODIS,71,61.03,294.9,27.9,D,0
-3.4866,104.9136,332.1,1.2,1.1,2023-11-06,0708,Aqua,MODIS,83,61.03,297.2,28.8,D,0
-2.8616,106.5279,314.1,1,1,2023-11-07,1456,Terra,MODIS,89,61.03,294.5,10.5,N,0
-2.8431,106.5189,305.6,1,1,2023-11-07,1456,Terra,MODIS,63,61.03,294.8,4.6,N,0
-2.8443,106.5101,317.1,1,1,2023-11-07,1456,Terra,MODIS,94,61.03,294.8,13.3,N,0
-2.833,106.5265,311.1,1,1,2023-11-07,1456,Terra,MODIS,82,61.03,295,8.1,N,0
-2.7621,106.3751,308,1,1,2023-11-07,1456,Terra,MODIS,73,61.03,293.4,6.6,N,0
-3.4632,105.716,301.6,1,1,2023-11-07,1456,Terra,MODIS,39,61.03,279.5,5.2,N,0
-3.5029,105.4307,307,1,1,2023-11-07,1456,Terra,MODIS,70,61.03,292.7,5.9,N,0
-2.8467,106.5182,304.7,1.4,1.2,2023-11-07,1834,Aqua,MODIS,56,61.03,294.3,7.3,N,0
-1.7188,105.9442,311.8,2.1,1.4,2023-11-08,0317,Terra,MODIS,51,61.03,294.2,12.9,D,0
-2.8635,106.5413,310.1,2.4,1.5,2023-11-08,0318,Terra,MODIS,35,61.03,292.4,18.1,D,0
-2.8595,106.5362,312,2.4,1.5,2023-11-08,0318,Terra,MODIS,37,61.03,292.2,23.1,D,0
-3.307,105.5992,316.6,2.1,1.4,2023-11-08,0318,Terra,MODIS,56,61.03,300.2,23.5,D,0
-3.3339,105.4314,320.9,2,1.4,2023-11-08,0318,Terra,MODIS,52,61.03,301.1,30.8,D,0
-3.5876,105.6065,323.2,1,1,2023-11-08,0653,Aqua,MODIS,39,61.03,303.2,11.3,D,0
-3.5503,105.8025,321.2,1,1,2023-11-08,0653,Aqua,MODIS,42,61.03,306.6,7.2,D,0
-3.5786,105.6052,321,1,1,2023-11-08,0653,Aqua,MODIS,25,61.03,302.7,8.8,D,0
-3.5347,105.6474,325.7,1,1,2023-11-08,0653,Aqua,MODIS,51,61.03,307.5,11.3,D,0
-3.518,105.7,330.6,1,1,2023-11-08,0653,Aqua,MODIS,70,61.03,307.6,18,D,0
-3.4655,105.7472,367.8,1,1,2023-11-08,0653,Aqua,MODIS,100,61.03,311.3,91.6,D,0
-3.5005,105.4398,320.7,1,1,2023-11-08,0653,Aqua,MODIS,63,61.03,299.4,11.4,D,0
-3.4476,105.7446,337.2,1,1,2023-11-08,0653,Aqua,MODIS,58,61.03,309,25.1,D,0
-3.4186,105.8167,359.1,1,1,2023-11-08,0653,Aqua,MODIS,99,61.03,309,73.2,D,0
-3.4199,105.8078,365.4,1,1,2023-11-08,0653,Aqua,MODIS,100,61.03,309.4,91.1,D,0
-3.4929,104.9161,334,1.1,1,2023-11-08,0653,Aqua,MODIS,85,61.03,309.3,24.3,D,0
-3.2777,105.3896,318.5,1,1,2023-11-08,0653,Aqua,MODIS,38,61.03,301.1,8.2,D,0
-3.0529,106.6302,318.4,1,1,2023-11-08,0653,Aqua,MODIS,67,61.03,301.1,8.1,D,0
-3.0542,106.6213,352.4,1,1,2023-11-08,0653,Aqua,MODIS,96,61.03,302.3,59.9,D,0
-2.9382,106.8435,317.9,1,1,2023-11-08,0653,Aqua,MODIS,66,61.03,302.4,7.9,D,0
-2.924,106.4993,319.4,1,1,2023-11-08,0653,Aqua,MODIS,68,61.03,299.7,10,D,0
-3.0523,105.6114,314.8,1,1,2023-11-08,0653,Aqua,MODIS,9,61.03,299.5,5,D,0
-2.8633,106.5291,326.6,1,1,2023-11-08,0653,Aqua,MODIS,71,61.03,301.8,15.3,D,0
-3.0245,105.3527,321.6,1,1,2023-11-08,0653,Aqua,MODIS,27,61.03,306.5,10.7,D,0
-2.8442,106.5354,325.8,1,1,2023-11-08,0653,Aqua,MODIS,55,61.03,302.8,13.2,D,0
-2.8455,106.5265,346.3,1,1,2023-11-08,0653,Aqua,MODIS,93,61.03,305.3,43.7,D,0
-2.8353,106.5341,322.1,1,1,2023-11-08,0653,Aqua,MODIS,58,61.03,301.8,9.5,D,0
-2.8366,106.5252,347.4,1,1,2023-11-08,0653,Aqua,MODIS,93,61.03,304.7,46.3,D,0
-2.8389,105.4242,324.2,1,1,2023-11-08,0653,Aqua,MODIS,41,61.03,308.7,12.5,D,0
-2.5952,106.6048,320.4,1,1,2023-11-08,0653,Aqua,MODIS,70,61.03,302.4,8.1,D,0
-2.5966,106.5323,316.7,1,1,2023-11-08,0653,Aqua,MODIS,55,61.03,301.1,6.6,D,0
-2.5979,106.5234,316.1,1,1,2023-11-08,0653,Aqua,MODIS,61,61.03,301.4,6.1,D,0
-2.8336,106.5359,302.7,2.4,1.5,2023-11-08,1915,Aqua,MODIS,51,61.03,292.3,15.3,N,0
-3.4515,105.7271,327.7,1.6,1.3,2023-11-09,1439,Terra,MODIS,100,61.03,289.6,54.1,N,0
-3.4535,105.7126,342,1.6,1.3,2023-11-09,1439,Terra,MODIS,100,61.03,291.5,97.6,N,0
-3.4849,104.9014,306.5,1.9,1.3,2023-11-09,1439,Terra,MODIS,68,61.03,294,14.8,N,0
-3.3508,105.2088,312.3,1.8,1.3,2023-11-09,1439,Terra,MODIS,84,61.03,294.1,22.8,N,0
-3.3384,105.1261,322.9,1.8,1.3,2023-11-09,1439,Terra,MODIS,100,61.03,290.4,46.9,N,0
-3.3406,105.1101,308.5,1.8,1.3,2023-11-09,1439,Terra,MODIS,75,61.03,288.7,17.2,N,0
-3.3561,104.9964,307.2,1.9,1.3,2023-11-09,1439,Terra,MODIS,71,61.03,293.5,16,N,0
-3.3289,105.1085,304.2,1.8,1.3,2023-11-09,1439,Terra,MODIS,45,61.03,286.7,10.4,N,0
-3.2832,105.1834,306.3,1.8,1.3,2023-11-09,1439,Terra,MODIS,67,61.03,294,12.9,N,0
-2.8381,106.5371,304.7,1.4,1.2,2023-11-09,1439,Terra,MODIS,46,61.03,292.9,6.8,N,0
-2.8398,106.5247,310.6,1.4,1.2,2023-11-09,1439,Terra,MODIS,80,61.03,293.3,13.2,N,0
-2.8294,106.5233,306.1,1.4,1.2,2023-11-09,1439,Terra,MODIS,67,61.03,292.7,8.5,N,0
-2.8318,106.5305,310.7,1.4,1.2,2023-11-09,1439,Terra,MODIS,81,61.03,293,13.5,N,0
-2.746,106.487,303.2,1.4,1.2,2023-11-09,1439,Terra,MODIS,54,61.03,291.3,6.6,N,0
-3.337,105.1268,304.9,3.5,1.8,2023-11-09,1819,Aqua,MODIS,62,61.03,292,36.8,N,0
-3.4466,105.7313,317.1,3.1,1.7,2023-11-09,1819,Aqua,MODIS,94,61.03,294.4,77.1,N,0
-3.3303,105.1199,303.5,3.5,1.8,2023-11-09,1819,Aqua,MODIS,56,61.03,291.9,29.8,N,0
-3.4446,105.7238,317.7,3.1,1.7,2023-11-09,1819,Aqua,MODIS,96,61.03,294.3,79.8,N,0
-1.7151,105.9426,314.7,1.1,1,2023-11-10,0301,Terra,MODIS,54,61.03,292.6,9.3,D,0
-2.6377,106.3955,326.4,1.2,1.1,2023-11-10,0301,Terra,MODIS,80,61.03,296.8,22.8,D,0
-2.5519,105.4837,315.6,1.1,1,2023-11-10,0301,Terra,MODIS,31,61.03,293.7,6.6,D,0
-3.0226,105.3586,317.9,1.1,1,2023-11-10,0301,Terra,MODIS,38,61.03,299.8,9.4,D,0
-3.3586,105.0037,319.9,1,1,2023-11-10,0301,Terra,MODIS,44,61.03,289.4,7.5,D,0
-3.3326,105.3426,328.8,1.7,1.3,2023-11-10,0638,Aqua,MODIS,75,61.03,300,36.9,D,0
-3.1568,105.6905,317.8,1.6,1.2,2023-11-10,0638,Aqua,MODIS,72,61.03,293.6,19.3,D,0
-2.8567,105.2144,349.1,1.7,1.3,2023-11-10,0638,Aqua,MODIS,95,61.03,302.5,111.4,D,0
-2.8587,105.1995,326,1.7,1.3,2023-11-10,0638,Aqua,MODIS,57,61.03,300.9,33,D,0
-2.8453,105.2128,322.8,1.7,1.3,2023-11-10,0638,Aqua,MODIS,66,61.03,297.8,26,D,0
-2.8474,105.1979,358.2,1.7,1.3,2023-11-10,0638,Aqua,MODIS,99,61.03,299.9,157.5,D,0
-2.8495,105.183,328.4,1.7,1.3,2023-11-10,0638,Aqua,MODIS,74,61.03,297.9,42.5,D,0
-2.6955,105.2992,334.3,1.6,1.3,2023-11-10,0638,Aqua,MODIS,87,61.03,299,55,D,0
-2.5558,105.4782,318,1.6,1.2,2023-11-10,0638,Aqua,MODIS,63,61.03,291.9,23.5,D,0
-2.059,105.9625,322.6,1.4,1.2,2023-11-10,0638,Aqua,MODIS,71,61.03,290,26.6,D,0
-2.0615,105.8712,318.7,1.5,1.2,2023-11-10,0638,Aqua,MODIS,66,61.03,292.6,18.9,D,0
-1.9826,105.9331,311.5,1.4,1.2,2023-11-10,0638,Aqua,MODIS,36,61.03,294,8.8,D,0
-3.461,105.7004,301.5,1.9,1.4,2023-11-10,1520,Terra,MODIS,41,61.03,285.3,8.9,N,0
-3.4945,105.7228,302.4,1.9,1.4,2023-11-10,1520,Terra,MODIS,49,61.03,285.8,10.5,N,0
-3.497,105.7058,301,1.9,1.4,2023-11-10,1520,Terra,MODIS,37,61.03,285.5,8.5,N,0
-3.4585,105.7174,323.8,1.9,1.4,2023-11-10,1520,Terra,MODIS,100,61.03,288.8,54.9,N,0
-3.4465,105.7156,325.7,1.9,1.4,2023-11-10,1520,Terra,MODIS,100,61.03,288.8,60,N,0
-3.451,105.728,315.5,1.9,1.4,2023-11-10,1520,Terra,MODIS,91,61.03,289.4,33.6,N,0
-3.4534,105.7109,325.3,1.9,1.4,2023-11-10,1520,Terra,MODIS,100,61.03,288.4,58,N,0
-3.4414,105.7091,302.4,1.9,1.4,2023-11-10,1520,Terra,MODIS,49,61.03,286.2,10.6,N,0
-3.3394,105.1272,303.6,1.7,1.3,2023-11-10,1520,Terra,MODIS,18,61.03,272.1,14.2,N,0
-3.3306,105.1204,305.4,1.7,1.3,2023-11-10,1520,Terra,MODIS,64,61.03,273.2,18,N,0
-2.5451,105.4816,300.9,1.1,1,2023-11-10,1900,Aqua,MODIS,32,61.03,278.1,6.3,N,0
-3.3265,105.3531,307.6,1.1,1,2023-11-10,1900,Aqua,MODIS,72,61.03,293.6,7.5,N,0
-3.3296,105.1172,304.2,1.1,1,2023-11-10,1900,Aqua,MODIS,45,61.03,275.6,6.8,N,0
-3.331,105.1267,307.4,1.1,1,2023-11-10,1900,Aqua,MODIS,71,61.03,273.7,9,N,0
-3.3437,105.2127,304.4,1.1,1,2023-11-10,1900,Aqua,MODIS,13,61.03,293.4,4.6,N,0
-3.3451,105.2223,305.8,1.1,1,2023-11-10,1900,Aqua,MODIS,28,61.03,293.5,5.6,N,0
-3.3597,105.2047,308.1,1.1,1,2023-11-10,1900,Aqua,MODIS,73,61.03,293.6,8.1,N,0
-3.4098,105.4855,305.2,1.1,1.1,2023-11-10,1900,Aqua,MODIS,63,61.03,291.3,6.5,N,0
-3.443,105.7154,314.6,1.1,1.1,2023-11-10,1900,Aqua,MODIS,90,61.03,289.8,15.1,N,0
-3.4445,105.7255,323.8,1.1,1.1,2023-11-10,1900,Aqua,MODIS,100,61.03,293,26,N,0
-3.349,105.0024,306,1.1,1,2023-11-10,1900,Aqua,MODIS,47,61.03,286.4,6.8,N,0
-3.4192,105.4842,310.1,1.1,1.1,2023-11-10,1900,Aqua,MODIS,79,61.03,292,10,N,0
-3.4525,105.714,341.5,1.1,1.1,2023-11-10,1900,Aqua,MODIS,100,61.03,292.2,55.7,N,0
-3.454,105.7242,338.8,1.1,1.1,2023-11-10,1900,Aqua,MODIS,100,61.03,293.2,50.2,N,0
-3.5014,105.7174,317.1,1.1,1.1,2023-11-10,1900,Aqua,MODIS,90,61.03,276.1,19.7,N,0
-3.2976,104.6645,323.5,1.7,1.3,2023-11-11,0719,Aqua,MODIS,69,61.03,299.3,20.2,D,0
-3.2999,104.6492,323.4,1.7,1.3,2023-11-11,0719,Aqua,MODIS,75,61.03,299.9,18.7,D,0
-3.1972,104.8829,319.4,1.8,1.3,2023-11-11,0719,Aqua,MODIS,70,61.03,298.2,14.2,D,0
-3.4492,105.7228,307.6,3.6,1.8,2023-11-11,1422,Terra,MODIS,55,61.03,274.4,58.6,N,0
-3.4548,105.7168,305.2,3.6,1.8,2023-11-11,1422,Terra,MODIS,11,61.03,273.5,45.7,N,0
-3.4163,105.774,328.8,1.1,1.1,2023-11-12,0244,Terra,MODIS,53,61.03,299.9,17.9,D,0
-3.4506,105.7107,352,1.2,1.1,2023-11-12,0244,Terra,MODIS,96,61.03,297.9,68.6,D,0
-3.4521,105.7209,337.5,1.2,1.1,2023-11-12,0244,Terra,MODIS,72,61.03,300.1,33,D,0
-3.3167,104.684,320.9,1.3,1.1,2023-11-12,0244,Terra,MODIS,16,61.03,297.3,11.5,D,0
-3.5005,105.7864,317.1,1.1,1.1,2023-11-12,0244,Terra,MODIS,49,61.03,296.5,9.7,D,0
-3.4996,105.7141,319.4,1.2,1.1,2023-11-12,0244,Terra,MODIS,17,61.03,297.2,9.4,D,0
-3.5011,105.7242,325.9,1.2,1.1,2023-11-12,0244,Terra,MODIS,72,61.03,297.7,17.8,D,0
-3.5012,105.4331,316.6,1.2,1.1,2023-11-12,0245,Terra,MODIS,38,61.03,296.6,8.2,D,0
-3.5675,105.7,313.8,3.2,1.7,2023-11-12,0623,Aqua,MODIS,25,61.03,292.4,33.8,D,0
-3.5051,105.7286,311.1,1.1,1,2023-11-12,1503,Terra,MODIS,82,61.03,287,9.7,N,0
-3.5064,105.7193,369.3,1.1,1,2023-11-12,1503,Terra,MODIS,100,61.03,292.1,121.8,N,0
-3.5077,105.71,339.4,1.1,1,2023-11-12,1503,Terra,MODIS,100,61.03,288.8,44.4,N,0
-3.4973,105.718,304,1.1,1,2023-11-12,1503,Terra,MODIS,58,61.03,286,5.3,N,0
-3.4817,105.7668,309.9,1.1,1,2023-11-12,1503,Terra,MODIS,50,61.03,282.5,11.8,N,0
-3.4507,105.7244,305.7,1.1,1,2023-11-12,1503,Terra,MODIS,65,61.03,284.4,7.1,N,0
-3.452,105.7151,326.8,1.1,1,2023-11-12,1503,Terra,MODIS,100,61.03,289.3,27,N,0
-3.4533,105.7058,326.9,1.1,1,2023-11-12,1503,Terra,MODIS,100,61.03,288.4,26.9,N,0
-3.4429,105.7138,342.3,1.1,1,2023-11-12,1503,Terra,MODIS,100,61.03,289.3,50.8,N,0
-3.4442,105.7045,326.4,1.1,1,2023-11-12,1503,Terra,MODIS,100,61.03,288.4,26.1,N,0
-3.3489,105.0061,303.5,1.2,1.1,2023-11-12,1845,Aqua,MODIS,55,61.03,291.3,5.1,N,0
-2.8862,105.6452,311.1,2.9,1.6,2023-11-13,0325,Terra,MODIS,58,61.03,292.2,27,D,0
-3.2487,105.0097,318.9,2.6,1.5,2023-11-13,0325,Terra,MODIS,10,61.03,294.3,26,D,0
-3.2414,105.004,319.3,2.6,1.5,2023-11-13,0325,Terra,MODIS,47,61.03,294.1,33.4,D,0
-3.5082,105.7232,362.6,1.1,1.1,2023-11-13,0704,Aqua,MODIS,100,61.03,302.3,100.1,D,0
-3.5097,105.7132,392.1,1.1,1.1,2023-11-13,0704,Aqua,MODIS,100,61.03,304.4,239.8,D,0
-3.4849,105.7506,332.9,1.1,1.1,2023-11-13,0704,Aqua,MODIS,52,61.03,303.4,22.3,D,0
-3.4573,105.7099,327.6,1.1,1.1,2023-11-13,0704,Aqua,MODIS,51,61.03,298.7,18.9,D,0
-3.4479,105.7085,328.3,1.1,1.1,2023-11-13,0704,Aqua,MODIS,66,61.03,295.5,21.3,D,0
-3.2988,105.7622,323.9,1.1,1.1,2023-11-13,0704,Aqua,MODIS,75,61.03,299.2,14.9,D,0
-3.1387,105.6643,319.7,1.1,1.1,2023-11-13,0704,Aqua,MODIS,63,61.03,295.2,10.8,D,0
-3.0973,105.6524,319.7,1.1,1.1,2023-11-13,0704,Aqua,MODIS,56,61.03,297.9,10.2,D,0
-2.9384,104.8394,329.2,1.1,1,2023-11-13,0704,Aqua,MODIS,76,61.03,299.3,18.3,D,0
-2.4563,106.3292,315.8,1.3,1.1,2023-11-13,0704,Aqua,MODIS,42,61.03,294.4,7.5,D,0
-2.4579,106.3181,322.4,1.3,1.1,2023-11-13,0704,Aqua,MODIS,68,61.03,293.6,15.9,D,0
-2.55,105.4834,322.9,1.1,1.1,2023-11-13,0704,Aqua,MODIS,36,61.03,300.7,12.7,D,0
-2.441,106.1583,317.9,1.2,1.1,2023-11-13,0704,Aqua,MODIS,63,61.03,296.4,10.3,D,0
-3.5081,105.7378,305.2,3.5,1.8,2023-11-13,1926,Aqua,MODIS,24,61.03,288.7,36.8,N,0
-2.1715,105.9565,311,1.4,1.2,2023-11-15,0308,Terra,MODIS,50,61.03,292.1,6.2,D,0
-2.7908,105.3438,317.2,1.3,1.1,2023-11-15,0308,Terra,MODIS,47,61.03,298.9,11.2,D,0
-2.7941,105.3667,317.5,1.3,1.1,2023-11-15,0308,Terra,MODIS,34,61.03,298.9,11.3,D,0
-2.9155,105.5704,321.9,1.3,1.2,2023-11-15,0308,Terra,MODIS,39,61.03,301.4,18.8,D,0
-3.003,105.3962,315.3,1.3,1.1,2023-11-15,0308,Terra,MODIS,56,61.03,295.8,10.8,D,0
-3.0032,105.4022,313.3,1.3,1.1,2023-11-15,0308,Terra,MODIS,42,61.03,294.6,8.9,D,0
-3.0185,105.3646,318,1.3,1.1,2023-11-15,0308,Terra,MODIS,31,61.03,298.7,13.5,D,0
-3.0739,105.3924,310.4,1.3,1.1,2023-11-15,0308,Terra,MODIS,49,61.03,292.9,8.7,D,0
-2.5841,106.7415,328.3,1,1,2023-11-15,0649,Aqua,MODIS,83,61.03,286.4,18.8,D,0
-3.0218,105.3617,312.1,1.1,1,2023-11-15,0649,Aqua,MODIS,48,61.03,285.7,8.5,D,0
-3.0232,105.352,311.6,1.1,1,2023-11-15,0649,Aqua,MODIS,31,61.03,284.9,7.7,D,0
-2.8545,106.4708,325.7,1,1,2023-11-15,0649,Aqua,MODIS,82,61.03,287,19.6,D,0
-2.8558,106.4618,309.6,1,1,2023-11-15,0649,Aqua,MODIS,58,61.03,284.4,5,D,0
-2.8882,106.2354,322,1,1,2023-11-15,0649,Aqua,MODIS,0,61.03,287.5,14.3,D,0
-2.8146,106.4217,306.7,1,1,2023-11-15,0649,Aqua,MODIS,43,61.03,276.3,4.5,D,0
-2.5854,106.7326,318.2,1,1,2023-11-15,0649,Aqua,MODIS,69,61.03,287,8.1,D,0
-1.6511,105.4156,315.6,1.1,1,2023-11-15,0649,Aqua,MODIS,68,61.03,298.7,5.8,D,0
-2.0439,105.7614,319.8,1,1,2023-11-15,0649,Aqua,MODIS,72,61.03,298.9,9,D,0
-2.0426,105.7707,319.6,1,1,2023-11-15,0649,Aqua,MODIS,72,61.03,298.8,9.1,D,0
-2.2398,106.1298,324.6,1,1,2023-11-15,0649,Aqua,MODIS,78,61.03,285.6,20.8,D,0
-2.4035,106.082,320.3,1,1,2023-11-15,0649,Aqua,MODIS,73,61.03,291.2,12.6,D,0
-2.4021,106.0911,317.1,1,1,2023-11-15,0649,Aqua,MODIS,68,61.03,291.6,9.2,D,0
-2.4268,106.0481,317.5,1,1,2023-11-15,0649,Aqua,MODIS,69,61.03,288.2,10,D,0
-2.4255,106.0572,334.2,1,1,2023-11-15,0649,Aqua,MODIS,86,61.03,289.4,29.9,D,0
-2.4345,106.0585,316.4,1,1,2023-11-15,0649,Aqua,MODIS,66,61.03,288.9,9.1,D,0
-2.4471,106.1593,314.7,1,1,2023-11-15,0649,Aqua,MODIS,61,61.03,292.3,6.4,D,0
-2.5376,106.556,318.1,1,1,2023-11-15,0649,Aqua,MODIS,65,61.03,287.9,10.2,D,0
-2.6376,106.1152,310.2,1,1,2023-11-15,0649,Aqua,MODIS,49,61.03,287.5,4.3,D,0
-2.6259,106.1974,312.6,1,1,2023-11-15,0649,Aqua,MODIS,54,61.03,290.4,4.8,D,0
-2.6349,106.1987,355.1,1,1,2023-11-15,0649,Aqua,MODIS,98,61.03,293.4,69.4,D,0
-2.6336,106.2078,328.9,1,1,2023-11-15,0649,Aqua,MODIS,83,61.03,292.3,21.1,D,0
-2.6323,106.2169,312.2,1,1,2023-11-15,0649,Aqua,MODIS,43,61.03,290.5,3.9,D,0
-2.8868,105.66,314.8,1.1,1,2023-11-15,0649,Aqua,MODIS,19,61.03,290.7,9.9,D,0
-2.6692,106.3425,323.3,1,1,2023-11-15,0649,Aqua,MODIS,71,61.03,292.2,14.6,D,0
-3.3631,105.2008,303.3,1.6,1.2,2023-11-15,1911,Aqua,MODIS,20,61.03,290.2,8.9,N,0
-3.3629,105.2078,303.6,1.6,1.2,2023-11-15,1911,Aqua,MODIS,47,61.03,289.8,10.7,N,0
-3.4461,105.7142,303.8,1.7,1.3,2023-11-15,1911,Aqua,MODIS,57,61.03,291.5,10.9,N,0
-2.7925,105.3435,322.2,1,1,2023-11-17,0251,Terra,MODIS,67,61.03,301,12.9,D,0
-2.9345,105.7481,314.5,1,1,2023-11-17,0251,Terra,MODIS,25,61.03,295.9,7.2,D,0
-3.0186,105.3114,318.7,1,1,2023-11-17,0251,Terra,MODIS,39,61.03,299.2,9.5,D,0
-3.2798,105.3938,317.2,1,1,2023-11-17,0251,Terra,MODIS,43,61.03,296.8,6.4,D,0
-3.3375,105.4132,321.8,1,1,2023-11-17,0251,Terra,MODIS,59,61.03,299.2,11.1,D,0
-3.3388,105.4222,321.6,1,1,2023-11-17,0251,Terra,MODIS,44,61.03,299,10.8,D,0
-3.4548,105.7098,311.9,1,1,2023-11-17,0251,Terra,MODIS,17,61.03,291.8,4.8,D,0
-3.3431,104.9478,315.4,2.2,1.4,2023-11-17,0634,Aqua,MODIS,10,61.03,294.7,20.6,D,0
-2.9396,105.6969,317.2,1.7,1.3,2023-11-18,0715,Aqua,MODIS,22,61.03,292.4,18.9,D,0
-3.0408,105.6076,318.5,1.7,1.3,2023-11-19,0235,Terra,MODIS,24,61.03,296.8,17,D,0
-2.9298,105.5143,310.3,3.9,1.8,2023-11-19,0619,Aqua,MODIS,30,61.03,292,39.9,D,0
-2.8711,106.5509,315,1.1,1.1,2023-11-20,0700,Aqua,MODIS,38,61.03,297.8,5.5,D,0
-2.8474,106.517,325.9,1.1,1.1,2023-11-20,0700,Aqua,MODIS,68,61.03,301.4,14.9,D,0
-2.8135,106.5164,328.1,1.1,1.1,2023-11-20,0700,Aqua,MODIS,78,61.03,301.4,17.8,D,0
-2.7882,106.362,327.7,1.1,1,2023-11-20,0700,Aqua,MODIS,80,61.03,299.3,20.6,D,0
-2.7495,106.3663,320.8,1.1,1,2023-11-20,0700,Aqua,MODIS,71,61.03,299,11.8,D,0
-2.751,106.3565,322.5,1.1,1,2023-11-20,0700,Aqua,MODIS,74,61.03,299,14.1,D,0
-2.2986,106.1242,324.7,1.1,1,2023-11-20,0700,Aqua,MODIS,78,61.03,296.6,16.5,D,0
-1.5807,105.9896,322.8,1,1,2023-11-29,0248,Terra,MODIS,76,61.03,296.3,14.9,D,0
-1.5821,105.9988,315.9,1,1,2023-11-29,0248,Terra,MODIS,61,61.03,297,7.8,D,0
-1.5819,105.9883,314,1.3,1.1,2023-11-29,0642,Aqua,MODIS,34,61.03,293,10.3,D,0
-3.3881,105.0355,315,2,1.4,2023-11-30,0722,Aqua,MODIS,54,61.03,287.7,17.4,D,0
-2.9129,105.5689,309.2,1.7,1.3,2023-12-02,0312,Terra,MODIS,46,61.03,285.1,11.5,D,0
-2.9352,105.7334,315.3,1.4,1.2,2023-12-06,0238,Terra,MODIS,52,61.03,292.9,11.1,D,0
-2.937,105.7454,313.6,1.4,1.2,2023-12-06,0238,Terra,MODIS,40,61.03,291.2,9.4,D,0
-3.5857,105.3672,315.5,1.9,1.3,2023-12-06,0637,Aqua,MODIS,70,61.03,292.9,18.6,D,0
-3.5833,105.3836,317.1,1.9,1.3,2023-12-06,0637,Aqua,MODIS,72,61.03,293.1,22.4,D,0
-2.6834,105.3447,306.4,1.8,1.3,2023-12-06,0637,Aqua,MODIS,29,61.03,278.8,10,D,0
-3.0607,105.2737,304.3,1.9,1.3,2023-12-06,0637,Aqua,MODIS,12,61.03,280.3,6.9,D,0
-2.8389,106.5164,306.1,1.2,1.1,2023-12-11,1504,Terra,MODIS,67,61.03,290.1,6.8,N,0
-3.3277,104.7234,307.5,1,1,2023-12-11,1504,Terra,MODIS,72,61.03,292.7,5.7,N,0
-2.9983,104.8502,311.7,1.3,1.1,2023-12-11,1910,Aqua,MODIS,83,61.03,287.8,14.9,N,2
-2.8094,106.4286,308.6,1.9,1.3,2023-12-13,0633,Aqua,MODIS,51,61.03,282.9,9.4,D,0
-2.3305,106.0574,313.7,2,1.4,2023-12-13,0633,Aqua,MODIS,57,61.03,290.4,18.8,D,0
-2.4244,106.2143,323.1,1.9,1.3,2023-12-13,0633,Aqua,MODIS,69,61.03,287,40.9,D,0
-2.3379,106.0515,310.2,2,1.4,2023-12-13,0633,Aqua,MODIS,20,61.03,290.3,12.3,D,0
-3.4459,104.9636,312.7,1.4,1.2,2023-12-14,0309,Terra,MODIS,26,61.03,295.3,8.4,D,0
-2.9339,105.7336,312.3,1.5,1.2,2023-12-14,0309,Terra,MODIS,47,61.03,294.2,13.9,D,0
-2.6747,105.3617,314.8,1.4,1.2,2023-12-14,0309,Terra,MODIS,42,61.03,296.1,12.4,D,0
-2.886,105.6596,316,1,1,2023-12-16,0252,Terra,MODIS,57,61.03,297.2,8.8,D,0
-1.5543,105.7722,315.2,1,1,2023-12-16,0659,Aqua,MODIS,58,61.03,288,9.6,D,0
-2.489,106.4619,335.2,1.2,1.1,2023-12-18,0643,Aqua,MODIS,66,61.03,297.1,36.2,D,0
-2.5958,106.3644,321.9,1.2,1.1,2023-12-18,0643,Aqua,MODIS,75,61.03,298,14.8,D,0
-2.6056,106.3658,320.1,1.2,1.1,2023-12-18,0643,Aqua,MODIS,59,61.03,297.7,12.6,D,0
-3.2521,105.3538,310.2,1.4,1.2,2023-12-18,0643,Aqua,MODIS,28,61.03,291.6,8.9,D,0
-3.2503,105.3665,316.2,1.4,1.2,2023-12-18,0643,Aqua,MODIS,67,61.03,292.7,16.6,D,0
-2.4906,106.4513,317.8,1.2,1.1,2023-12-18,0643,Aqua,MODIS,62,61.03,297.7,9.5,D,0
-2.5974,106.3537,327.3,1.2,1.1,2023-12-18,0643,Aqua,MODIS,80,61.03,297.7,23.2,D,0
